LECROYWS4054HD,18796,Waveform
Segments,1,SegmentSize,5002
Segment,TrigTime,TimeSinceSegment1
#1,12-Sep-2025 11:41:15,0                 
Time,Ampl
-4.00396e-007,0.0005291079
-3.99996e-007,0.00147026
-3.99596e-007,0.002176123
-3.99196e-007,0.003117275
-3.98796e-007,0.002176123
-3.98396e-007,-0.0004120437
-3.97996e-007,-0.003235499
-3.97596e-007,-0.003235499
-3.97196e-007,-0.001588483
-3.96796e-007,0.001705548
-3.96396e-007,0.003823139
-3.95996e-007,0.003587851
-3.95596e-007,0.003352563
-3.95196e-007,0.002176123
-3.94796e-007,0.0009996838
-3.94396e-007,-0.0004120437
-3.93996e-007,-0.001823771
-3.93596e-007,-0.002059059
-3.93196e-007,-0.0006473316
-3.92796e-007,0.002646699
-3.92396e-007,0.004058427
-3.91996e-007,0.004058427
-3.91596e-007,0.002881987
-3.91196e-007,0.00147026
-3.90796e-007,0.00147026
-3.90396e-007,0.002176123
-3.89996e-007,0.001234972
-3.89596e-007,-0.0004120437
-3.89196e-007,-0.002294347
-3.88796e-007,-0.003706075
-3.88396e-007,-0.002294347
-3.87996e-007,0.00029382
-3.87596e-007,0.001940835
-3.87196e-007,0.003587851
-3.86796e-007,0.003823139
-3.86396e-007,0.001940835
-3.85996e-007,-0.0001767558
-3.85596e-007,-0.001823771
-3.85196e-007,-0.002529635
-3.84796e-007,-0.001588483
-3.84396e-007,-0.0004120437
-3.83996e-007,-0.0001767558
-3.83596e-007,-0.0006473316
-3.83196e-007,-0.002059059
-3.82796e-007,-0.0008826196
-3.82396e-007,0.001940835
-3.81996e-007,0.003352563
-3.81596e-007,0.003587851
-3.81196e-007,0.00147026
-3.80796e-007,-0.0006473316
-3.80396e-007,-0.001588483
-3.79996e-007,-0.0006473316
-3.79596e-007,0.001234972
-3.79196e-007,0.002646699
-3.78796e-007,0.002411411
-3.78396e-007,0.00029382
-3.77996e-007,-0.001117907
-3.77596e-007,-0.001117907
-3.77196e-007,0.0007643959
-3.76796e-007,0.002411411
-3.76396e-007,0.001705548
-3.75996e-007,0.001234972
-3.75596e-007,0.001234972
-3.75196e-007,0.0005291079
-3.74796e-007,-0.0004120437
-3.74396e-007,-0.001823771
-3.73996e-007,-0.002059059
-3.73596e-007,-0.0006473316
-3.73196e-007,0.0005291079
-3.72796e-007,0.001705548
-3.72396e-007,0.001705548
-3.71996e-007,0.0009996838
-3.71596e-007,0.0007643959
-3.71196e-007,-0.0001767558
-3.70796e-007,-0.0008826196
-3.70396e-007,-0.001588483
-3.69996e-007,-0.001353195
-3.69596e-007,-0.0004120437
-3.69196e-007,-0.001117907
-3.68796e-007,-0.001823771
-3.68396e-007,-0.002529635
-3.67996e-007,-0.001588483
-3.67596e-007,0.0007643959
-3.67196e-007,0.002646699
-3.66796e-007,0.00147026
-3.66396e-007,0.0007643959
-3.65996e-007,0.0007643959
-3.65596e-007,5.85321e-005
-3.65196e-007,0.00147026
-3.64796e-007,0.001705548
-3.64396e-007,0.00029382
-3.63996e-007,-0.0001767558
-3.63596e-007,-0.0004120437
-3.63196e-007,-0.0008826196
-3.62796e-007,-0.0006473316
-3.62396e-007,0.00029382
-3.61996e-007,0.0009996838
-3.61596e-007,0.00029382
-3.61196e-007,0.00029382
-3.60796e-007,0.0005291079
-3.60396e-007,0.001705548
-3.59996e-007,0.003823139
-3.59596e-007,0.005470154
-3.59196e-007,0.003352563
-3.58796e-007,-0.001823771
-3.58396e-007,-0.006058954
-3.57996e-007,-0.006764817
-3.57596e-007,-0.002294347
-3.57196e-007,0.003587851
-3.56796e-007,0.006411306
-3.56396e-007,0.003823139
-3.55996e-007,-0.001823771
-3.55596e-007,-0.00417665
-3.55196e-007,-0.002294347
-3.54796e-007,0.00147026
-3.54396e-007,0.003823139
-3.53996e-007,0.001705548
-3.53596e-007,-0.001588483
-3.53196e-007,-0.002764923
-3.52796e-007,-0.002059059
-3.52396e-007,0.0009996838
-3.51996e-007,0.003823139
-3.51596e-007,0.003352563
-3.51196e-007,0.002411411
-3.50796e-007,0.001940835
-3.50396e-007,0.001940835
-3.49996e-007,0.001234972
-3.49596e-007,0.00029382
-3.49196e-007,5.85321e-005
-3.48796e-007,0.0005291079
-3.48396e-007,0.001705548
-3.47996e-007,0.002646699
-3.47596e-007,0.002176123
-3.47196e-007,0.0009996838
-3.46796e-007,-0.0001767558
-3.46396e-007,-0.0008826196
-3.45996e-007,-0.001117907
-3.45596e-007,5.85321e-005
-3.45196e-007,0.0007643959
-3.44796e-007,0.0005291079
-3.44396e-007,0.0005291079
-3.43996e-007,0.001234972
-3.43596e-007,0.0007643959
-3.43196e-007,0.001234972
-3.42796e-007,0.001234972
-3.42396e-007,0.00029382
-3.41996e-007,-0.002059059
-3.41596e-007,-0.002764923
-3.41196e-007,-0.002294347
-3.40796e-007,-0.0001767558
-3.40396e-007,0.003352563
-3.39996e-007,0.004999578
-3.39596e-007,0.004529003
-3.39196e-007,0.0009996838
-3.38796e-007,-0.003000211
-3.38396e-007,-0.003941362
-3.37996e-007,-0.0008826196
-3.37596e-007,0.00147026
-3.37196e-007,0.001705548
-3.36796e-007,5.85321e-005
-3.36396e-007,-0.001588483
-3.35996e-007,-0.001353195
-3.35596e-007,5.85321e-005
-3.35196e-007,0.0007643959
-3.34796e-007,-0.0006473316
-3.34396e-007,-0.001588483
-3.33996e-007,0.00029382
-3.33596e-007,0.00147026
-3.33196e-007,0.00147026
-3.32796e-007,0.00029382
-3.32396e-007,-0.002059059
-3.31996e-007,-0.003470787
-3.31596e-007,-0.002294347
-3.31196e-007,0.0005291079
-3.30796e-007,0.00147026
-3.30396e-007,0.001940835
-3.29996e-007,0.002411411
-3.29596e-007,0.002176123
-3.29196e-007,0.001234972
-3.28796e-007,-0.0004120437
-3.28396e-007,-0.003235499
-3.27996e-007,-0.003941362
-3.27596e-007,-0.0004120437
-3.27196e-007,0.003352563
-3.26796e-007,0.004293715
-3.26396e-007,0.00147026
-3.25996e-007,-0.001823771
-3.25596e-007,-0.002764923
-3.25196e-007,-0.001117907
-3.24796e-007,0.001705548
-3.24396e-007,0.00029382
-3.23996e-007,-0.002764923
-3.23596e-007,-0.003706075
-3.23196e-007,-0.0008826196
-3.22796e-007,0.004529003
-3.22396e-007,0.006881882
-3.21996e-007,0.003587851
-3.21596e-007,-0.0004120437
-3.21196e-007,-0.001353195
-3.20796e-007,5.85321e-005
-3.20396e-007,0.003117275
-3.19996e-007,0.002881987
-3.19596e-007,-0.0001767558
-3.19196e-007,-0.002294347
-3.18796e-007,-0.003235499
-3.18396e-007,-0.0006473316
-3.17996e-007,0.002646699
-3.17596e-007,0.002411411
-3.17196e-007,0.0009996838
-3.16796e-007,-0.0006473316
-3.16396e-007,-0.001353195
-3.15996e-007,5.85321e-005
-3.15596e-007,0.0005291079
-3.15196e-007,-0.0004120437
-3.14796e-007,0.00029382
-3.14396e-007,0.0007643959
-3.13996e-007,0.001705548
-3.13596e-007,0.002411411
-3.13196e-007,0.001940835
-3.12796e-007,0.001940835
-3.12396e-007,0.002411411
-3.11996e-007,0.002176123
-3.11596e-007,0.00147026
-3.11196e-007,0.0005291079
-3.10796e-007,-0.001588483
-3.10396e-007,-0.002529635
-3.09996e-007,-0.001823771
-3.09596e-007,-0.0008826196
-3.09196e-007,0.00029382
-3.08796e-007,0.0009996838
-3.08396e-007,0.00147026
-3.07996e-007,0.001940835
-3.07596e-007,0.002411411
-3.07196e-007,0.003117275
-3.06796e-007,0.002411411
-3.06396e-007,5.85321e-005
-3.05996e-007,-0.002764923
-3.05596e-007,-0.002764923
-3.05196e-007,-0.0001767558
-3.04796e-007,0.003587851
-3.04396e-007,0.004529003
-3.03996e-007,0.002646699
-3.03596e-007,-0.001117907
-3.03196e-007,-0.003000211
-3.02796e-007,-0.002059059
-3.02396e-007,5.85321e-005
-3.01996e-007,0.0009996838
-3.01596e-007,-0.002294347
-3.01196e-007,-0.003706075
-3.00796e-007,-0.001823771
-3.00396e-007,0.001705548
-2.99996e-007,0.004529003
-2.99596e-007,0.00476429
-2.99196e-007,0.002411411
-2.98796e-007,5.85321e-005
-2.98396e-007,-0.001588483
-2.97996e-007,-0.002529635
-2.97596e-007,-0.001117907
-2.97196e-007,0.0005291079
-2.96796e-007,0.002411411
-2.96396e-007,0.003117275
-2.95996e-007,0.0009996838
-2.95596e-007,-0.002059059
-2.95196e-007,-0.002529635
-2.94796e-007,-0.0001767558
-2.94396e-007,0.003587851
-2.93996e-007,0.004999578
-2.93596e-007,0.002411411
-2.93196e-007,-0.001588483
-2.92796e-007,-0.004647226
-2.92396e-007,-0.005117802
-2.91996e-007,-0.003000211
-2.91596e-007,0.0007643959
-2.91196e-007,0.003117275
-2.90796e-007,0.003117275
-2.90396e-007,0.003117275
-2.89996e-007,0.001940835
-2.89596e-007,0.001705548
-2.89196e-007,0.002176123
-2.88796e-007,0.003352563
-2.88396e-007,0.003823139
-2.87996e-007,0.002411411
-2.87596e-007,-0.0004120437
-2.87196e-007,-0.001588483
-2.86796e-007,5.85321e-005
-2.86396e-007,0.002176123
-2.85996e-007,0.002646699
-2.85596e-007,5.85321e-005
-2.85196e-007,-0.003470787
-2.84796e-007,-0.003941362
-2.84396e-007,-0.0008826196
-2.83996e-007,0.003117275
-2.83596e-007,0.004293715
-2.83196e-007,0.001705548
-2.82796e-007,-0.001353195
-2.82396e-007,-0.002294347
-2.81996e-007,-0.0006473316
-2.81596e-007,0.001234972
-2.81196e-007,0.002176123
-2.80796e-007,0.0005291079
-2.80396e-007,-0.0006473316
-2.79996e-007,-0.0006473316
-2.79596e-007,5.85321e-005
-2.79196e-007,0.0009996838
-2.78796e-007,0.001705548
-2.78396e-007,0.00147026
-2.77996e-007,0.00147026
-2.77596e-007,0.002411411
-2.77196e-007,0.003117275
-2.76796e-007,0.002411411
-2.76396e-007,0.00029382
-2.75996e-007,-0.001823771
-2.75596e-007,-0.002529635
-2.75196e-007,-0.001353195
-2.74796e-007,-0.0006473316
-2.74396e-007,5.85321e-005
-2.73996e-007,0.0005291079
-2.73596e-007,0.00029382
-2.73196e-007,5.85321e-005
-2.72796e-007,-0.0001767558
-2.72396e-007,-0.001353195
-2.71996e-007,-0.001588483
-2.71596e-007,5.85321e-005
-2.71196e-007,0.002176123
-2.70796e-007,0.004529003
-2.70396e-007,0.005470154
-2.69996e-007,0.003587851
-2.69596e-007,-0.0001767558
-2.69196e-007,-0.003470787
-2.68796e-007,-0.003706075
-2.68396e-007,-0.001823771
-2.67996e-007,0.00147026
-2.67596e-007,0.003117275
-2.67196e-007,0.00147026
-2.66796e-007,-0.001353195
-2.66396e-007,-0.002529635
-2.65996e-007,-0.0006473316
-2.65596e-007,0.002646699
-2.65196e-007,0.003823139
-2.64796e-007,0.004058427
-2.64396e-007,0.002411411
-2.63996e-007,5.85321e-005
-2.63596e-007,-0.0001767558
-2.63196e-007,0.0009996838
-2.62796e-007,0.002881987
-2.62396e-007,0.002646699
-2.61996e-007,-0.0006473316
-2.61596e-007,-0.003235499
-2.61196e-007,-0.002764923
-2.60796e-007,-0.0001767558
-2.60396e-007,0.002176123
-2.59996e-007,0.003117275
-2.59596e-007,0.002176123
-2.59196e-007,0.0009996838
-2.58796e-007,5.85321e-005
-2.58396e-007,-0.0001767558
-2.57996e-007,-0.0004120437
-2.57596e-007,-0.0001767558
-2.57196e-007,-0.0004120437
-2.56796e-007,0.0007643959
-2.56396e-007,0.002646699
-2.55996e-007,0.002411411
-2.55596e-007,0.001705548
-2.55196e-007,0.0007643959
-2.54796e-007,-0.0008826196
-2.54396e-007,-0.0001767558
-2.53996e-007,0.0005291079
-2.53596e-007,0.0009996838
-2.53196e-007,0.001234972
-2.52796e-007,0.0007643959
-2.52396e-007,0.00147026
-2.51996e-007,0.00147026
-2.51596e-007,-0.0006473316
-2.51196e-007,-0.001117907
-2.50796e-007,-0.001353195
-2.50396e-007,-0.001117907
-2.49996e-007,0.0005291079
-2.49596e-007,0.002176123
-2.49196e-007,0.001940835
-2.48796e-007,0.00147026
-2.48396e-007,0.0005291079
-2.47996e-007,-0.0004120437
-2.47596e-007,0.00029382
-2.47196e-007,0.0009996838
-2.46796e-007,0.00147026
-2.46396e-007,0.003117275
-2.45996e-007,0.004999578
-2.45596e-007,0.003823139
-2.45196e-007,0.001705548
-2.44796e-007,5.85321e-005
-2.44396e-007,-0.0006473316
-2.43996e-007,-0.001117907
-2.43596e-007,5.85321e-005
-2.43196e-007,0.0009996838
-2.42796e-007,0.002176123
-2.42396e-007,0.002411411
-2.41996e-007,0.001940835
-2.41596e-007,0.00029382
-2.41196e-007,-0.001353195
-2.40796e-007,-0.001353195
-2.40396e-007,-0.0004120437
-2.39996e-007,0.001234972
-2.39596e-007,0.002646699
-2.39196e-007,0.003823139
-2.38796e-007,0.003587851
-2.38396e-007,0.0009996838
-2.37996e-007,-0.001823771
-2.37596e-007,-0.002294347
-2.37196e-007,-0.0004120437
-2.36796e-007,0.002411411
-2.36396e-007,0.003352563
-2.35996e-007,0.002881987
-2.35596e-007,0.001940835
-2.35196e-007,0.001705548
-2.34796e-007,0.001940835
-2.34396e-007,0.002411411
-2.33996e-007,0.00147026
-2.33596e-007,-0.001117907
-2.33196e-007,-0.002529635
-2.32796e-007,-0.0006473316
-2.32396e-007,0.00147026
-2.31996e-007,0.001234972
-2.31596e-007,-0.0008826196
-2.31196e-007,-0.003941362
-2.30796e-007,-0.003706075
-2.30396e-007,0.001234972
-2.29996e-007,0.006176018
-2.29596e-007,0.00711717
-2.29196e-007,0.003823139
-2.28796e-007,-0.0008826196
-2.28396e-007,-0.003941362
-2.27996e-007,-0.003000211
-2.27596e-007,-0.0004120437
-2.27196e-007,0.001234972
-2.26796e-007,0.001940835
-2.26396e-007,0.0009996838
-2.25996e-007,0.00029382
-2.25596e-007,0.0007643959
-2.25196e-007,0.0009996838
-2.24796e-007,-0.0001767558
-2.24396e-007,-0.001588483
-2.23996e-007,-0.002059059
-2.23596e-007,-0.0008826196
-2.23196e-007,0.001234972
-2.22796e-007,0.003117275
-2.22396e-007,0.004058427
-2.21996e-007,0.003352563
-2.21596e-007,0.001705548
-2.21196e-007,-0.0001767558
-2.20796e-007,-0.0008826196
-2.20396e-007,-0.0006473316
-2.19996e-007,0.0007643959
-2.19596e-007,0.001234972
-2.19196e-007,5.85321e-005
-2.18796e-007,-0.001117907
-2.18396e-007,-0.0008826196
-2.17996e-007,0.0009996838
-2.17596e-007,0.002646699
-2.17196e-007,0.003352563
-2.16796e-007,0.0007643959
-2.16396e-007,-0.002059059
-2.15996e-007,-0.002059059
-2.15596e-007,0.0005291079
-2.15196e-007,0.00476429
-2.14796e-007,0.004999578
-2.14396e-007,0.001705548
-2.13996e-007,-0.003235499
-2.13596e-007,-0.005823666
-2.13196e-007,-0.004647226
-2.12796e-007,-0.0001767558
-2.12396e-007,0.003352563
-2.11996e-007,0.003587851
-2.11596e-007,0.002411411
-2.11196e-007,0.001234972
-2.10796e-007,0.0005291079
-2.10396e-007,0.0007643959
-2.09996e-007,0.00147026
-2.09596e-007,0.001234972
-2.09196e-007,0.0005291079
-2.08796e-007,0.0005291079
-2.08396e-007,-0.0004120437
-2.07996e-007,5.85321e-005
-2.07596e-007,0.001234972
-2.07196e-007,0.0007643959
-2.06796e-007,-0.0004120437
-2.06396e-007,-0.0006473316
-2.05996e-007,-0.001353195
-2.05596e-007,-0.002059059
-2.05196e-007,-0.001588483
-2.04796e-007,0.001234972
-2.04396e-007,0.003117275
-2.03996e-007,0.001940835
-2.03596e-007,5.85321e-005
-2.03196e-007,-0.001588483
-2.02796e-007,-0.003000211
-2.02396e-007,-0.001117907
-2.01996e-007,0.001234972
-2.01596e-007,0.002176123
-2.01196e-007,0.001705548
-2.00796e-007,5.85321e-005
-2.00396e-007,-0.0006473316
-1.99996e-007,-0.0006473316
-1.99596e-007,0.0009996838
-1.99196e-007,0.001234972
-1.98796e-007,5.85321e-005
-1.98396e-007,-0.0008826196
-1.97996e-007,-0.001117907
-1.97596e-007,0.0005291079
-1.97196e-007,0.001940835
-1.96796e-007,0.002411411
-1.96396e-007,0.00147026
-1.95996e-007,5.85321e-005
-1.95596e-007,-0.001353195
-1.95196e-007,-0.001353195
-1.94796e-007,-0.0006473316
-1.94396e-007,0.00029382
-1.93996e-007,0.001234972
-1.93596e-007,0.001705548
-1.93196e-007,0.00147026
-1.92796e-007,5.85321e-005
-1.92396e-007,-0.0004120437
-1.91996e-007,0.0007643959
-1.91596e-007,0.00147026
-1.91196e-007,0.0009996838
-1.90796e-007,5.85321e-005
-1.90396e-007,-0.001117907
-1.89996e-007,-0.0008826196
-1.89596e-007,0.00147026
-1.89196e-007,0.002176123
-1.88796e-007,0.0009996838
-1.88396e-007,-0.0004120437
-1.87996e-007,-0.001823771
-1.87596e-007,-0.001117907
-1.87196e-007,0.0009996838
-1.86796e-007,0.001705548
-1.86396e-007,0.0007643959
-1.85996e-007,-0.001353195
-1.85596e-007,-0.002529635
-1.85196e-007,-0.001117907
-1.84796e-007,0.001705548
-1.84396e-007,0.004999578
-1.83996e-007,0.004999578
-1.83596e-007,0.00147026
-1.83196e-007,-0.002529635
-1.82796e-007,-0.003941362
-1.82396e-007,-0.002294347
-1.81996e-007,0.002881987
-1.81596e-007,0.006411306
-1.81196e-007,0.004999578
-1.80796e-007,0.001234972
-1.80396e-007,-0.002294347
-1.79996e-007,-0.002529635
-1.79596e-007,0.0005291079
-1.79196e-007,0.003352563
-1.78796e-007,0.002881987
-1.78396e-007,0.0009996838
-1.77996e-007,5.85321e-005
-1.77596e-007,0.0007643959
-1.77196e-007,0.002176123
-1.76796e-007,0.003587851
-1.76396e-007,0.002881987
-1.75996e-007,-0.0001767558
-1.75596e-007,-0.001117907
-1.75196e-007,-0.0004120437
-1.74796e-007,0.0007643959
-1.74396e-007,0.002176123
-1.73996e-007,0.001705548
-1.73596e-007,-0.0001767558
-1.73196e-007,-0.0001767558
-1.72796e-007,0.0007643959
-1.72396e-007,0.001940835
-1.71996e-007,0.002646699
-1.71596e-007,0.001705548
-1.71196e-007,0.0007643959
-1.70796e-007,-0.0001767558
-1.70396e-007,-0.0008826196
-1.69996e-007,-0.0008826196
-1.69596e-007,0.0005291079
-1.69196e-007,0.00147026
-1.68796e-007,0.001940835
-1.68396e-007,0.001234972
-1.67996e-007,-0.0008826196
-1.67596e-007,-0.001353195
-1.67196e-007,-0.001117907
-1.66796e-007,0.0005291079
-1.66396e-007,0.002881987
-1.65996e-007,0.003117275
-1.65596e-007,0.00147026
-1.65196e-007,-0.0004120437
-1.64796e-007,-0.001117907
-1.64396e-007,-0.001588483
-1.63996e-007,-0.002059059
-1.63596e-007,-0.002764923
-1.63196e-007,-0.002529635
-1.62796e-007,0.0005291079
-1.62396e-007,0.00476429
-1.61996e-007,0.006411306
-1.61596e-007,0.005234866
-1.61196e-007,0.001940835
-1.60796e-007,-0.002294347
-1.60396e-007,-0.003000211
-1.59996e-007,-0.0008826196
-1.59596e-007,0.00147026
-1.59196e-007,0.003352563
-1.58796e-007,0.004293715
-1.58396e-007,0.002646699
-1.57996e-007,0.001234972
-1.57596e-007,0.001234972
-1.57196e-007,0.001234972
-1.56796e-007,0.0007643959
-1.56396e-007,-0.001117907
-1.55996e-007,-0.003000211
-1.55596e-007,-0.003235499
-1.55196e-007,-0.0001767558
-1.54796e-007,0.003117275
-1.54396e-007,0.003587851
-1.53996e-007,0.0009996838
-1.53596e-007,-0.002764923
-1.53196e-007,-0.003235499
-1.52796e-007,-0.0001767558
-1.52396e-007,0.00476429
-1.51996e-007,0.007823033
-1.51596e-007,0.005470154
-1.51196e-007,0.001705548
-1.50796e-007,-0.001117907
-1.50396e-007,-0.002059059
-1.49996e-007,-0.001117907
-1.49596e-007,0.00029382
-1.49196e-007,0.0007643959
-1.48796e-007,0.0009996838
-1.48396e-007,0.002176123
-1.47996e-007,0.001705548
-1.47596e-007,0.00029382
-1.47196e-007,-0.0006473316
-1.46796e-007,-0.001117907
-1.46396e-007,-0.0006473316
-1.45996e-007,5.85321e-005
-1.45596e-007,-0.0004120437
-1.45196e-007,-0.0006473316
-1.44796e-007,-0.0006473316
-1.44396e-007,-0.0004120437
-1.43996e-007,-0.0006473316
-1.43596e-007,-0.0001767558
-1.43196e-007,0.0009996838
-1.42796e-007,0.00147026
-1.42396e-007,0.001940835
-1.41996e-007,0.002411411
-1.41596e-007,0.00147026
-1.41196e-007,-0.0006473316
-1.40796e-007,-0.002764923
-1.40396e-007,-0.001823771
-1.39996e-007,0.001234972
-1.39596e-007,0.003823139
-1.39196e-007,0.003352563
-1.38796e-007,0.001940835
-1.38396e-007,5.85321e-005
-1.37996e-007,-0.0004120437
-1.37596e-007,-0.0008826196
-1.37196e-007,-0.0001767558
-1.36796e-007,5.85321e-005
-1.36396e-007,0.001234972
-1.35996e-007,0.003117275
-1.35596e-007,0.004058427
-1.35196e-007,0.00476429
-1.34796e-007,0.004999578
-1.34396e-007,0.002176123
-1.33996e-007,-0.001353195
-1.33596e-007,-0.003235499
-1.33196e-007,-0.003000211
-1.32796e-007,-0.002059059
-1.32396e-007,0.00029382
-1.31996e-007,0.00147026
-1.31596e-007,0.002176123
-1.31196e-007,0.002411411
-1.30796e-007,0.002646699
-1.30396e-007,0.001940835
-1.29996e-007,-0.0001767558
-1.29596e-007,-0.001588483
-1.29196e-007,0.0005291079
-1.28796e-007,0.003117275
-1.28396e-007,0.003823139
-1.27996e-007,0.002881987
-1.27596e-007,5.85321e-005
-1.27196e-007,-0.002294347
-1.26796e-007,-0.003235499
-1.26396e-007,-0.002764923
-1.25996e-007,-0.001823771
-1.25596e-007,5.85321e-005
-1.25196e-007,0.003352563
-1.24796e-007,0.005705442
-1.24396e-007,0.006646594
-1.23996e-007,0.004058427
-1.23596e-007,-0.0001767558
-1.23196e-007,-0.0008826196
-1.22796e-007,-0.0001767558
-1.22396e-007,0.001234972
-1.21996e-007,0.001234972
-1.21596e-007,-0.001353195
-1.21196e-007,-0.004647226
-1.20796e-007,-0.00417665
-1.20396e-007,-0.0006473316
-1.19996e-007,0.003823139
-1.19596e-007,0.00594073
-1.19196e-007,0.004293715
-1.18796e-007,0.0007643959
-1.18396e-007,-0.0006473316
-1.17996e-007,0.0007643959
-1.17596e-007,0.002881987
-1.17196e-007,0.003587851
-1.16796e-007,0.002176123
-1.16396e-007,0.0005291079
-1.15996e-007,-0.0004120437
-1.15596e-007,0.0005291079
-1.15196e-007,0.00147026
-1.14796e-007,0.002411411
-1.14396e-007,0.001940835
-1.13996e-007,0.00029382
-1.13596e-007,5.85321e-005
-1.13196e-007,0.001234972
-1.12796e-007,0.003352563
-1.12396e-007,0.004293715
-1.11996e-007,0.001705548
-1.11596e-007,-0.002764923
-1.11196e-007,-0.00535309
-1.10796e-007,-0.003941362
-1.10396e-007,0.0005291079
-1.09996e-007,0.002646699
-1.09596e-007,0.0009996838
-1.09196e-007,-0.0001767558
-1.08796e-007,0.00029382
-1.08396e-007,0.001705548
-1.07996e-007,0.002646699
-1.07596e-007,0.00029382
-1.07196e-007,-0.003941362
-1.06796e-007,-0.004647226
-1.06396e-007,-0.0001767558
-1.05996e-007,0.004529003
-1.05596e-007,0.005470154
-1.05196e-007,0.002881987
-1.04796e-007,0.00029382
-1.04396e-007,-0.001117907
-1.03996e-007,-0.0001767558
-1.03596e-007,0.0009996838
-1.03196e-007,0.0009996838
-1.02796e-007,-0.0001767558
-1.02396e-007,-0.0004120437
-1.01996e-007,0.0005291079
-1.01596e-007,0.002176123
-1.01196e-007,0.002881987
-1.00796e-007,0.002881987
-1.00396e-007,0.00147026
-9.9996e-008,0.0005291079
-9.9596e-008,0.0007643959
-9.9196e-008,0.0009996838
-9.8796e-008,0.001234972
-9.8396e-008,5.85321e-005
-9.7996e-008,-0.002059059
-9.7596e-008,-0.003706075
-9.7196e-008,-0.002764923
-9.6796e-008,-0.0001767558
-9.6396e-008,0.002881987
-9.5996e-008,0.003823139
-9.5596e-008,0.002881987
-9.5196e-008,0.001705548
-9.4796e-008,0.0007643959
-9.4396e-008,0.0009996838
-9.3996e-008,0.0005291079
-9.3596e-008,-0.0001767558
-9.3196e-008,-0.001353195
-9.2796e-008,-0.0006473316
-9.2396e-008,0.0005291079
-9.1996e-008,0.001705548
-9.1596e-008,0.0009996838
-9.1196e-008,-0.0004120437
-9.0796e-008,-0.001117907
-9.0396e-008,0.0005291079
-8.9996e-008,0.002411411
-8.9596e-008,0.002646699
-8.9196e-008,0.001940835
-8.8796e-008,0.0005291079
-8.8396e-008,-0.0008826196
-8.7996e-008,-0.0006473316
-8.7596e-008,0.00029382
-8.7196e-008,0.001705548
-8.6796e-008,0.002646699
-8.6396e-008,0.001940835
-8.5996e-008,0.0007643959
-8.5596e-008,-0.0008826196
-8.5196e-008,-0.003000211
-8.4796e-008,-0.003470787
-8.4396e-008,-0.001353195
-8.3996e-008,0.0009996838
-8.3596e-008,0.002411411
-8.3196e-008,0.00147026
-8.2796e-008,-0.001588483
-8.2396e-008,-0.002764923
-8.1996e-008,0.00029382
-8.1596e-008,0.003823139
-8.1196e-008,0.005234866
-8.0796e-008,0.003117275
-8.0396e-008,-0.001117907
-7.9996e-008,-0.003235499
-7.9596e-008,-0.0008826196
-7.9196e-008,0.001940835
-7.8796e-008,0.002411411
-7.8396e-008,0.001234972
-7.7996e-008,-0.001823771
-7.7596e-008,-0.003000211
-7.7196e-008,-0.001823771
-7.6796e-008,-0.0001767558
-7.6396e-008,0.0005291079
-7.5996e-008,0.00029382
-7.5596e-008,0.00147026
-7.5196e-008,0.004058427
-7.4796e-008,0.00476429
-7.4396e-008,0.004058427
-7.3996e-008,0.0007643959
-7.3596e-008,-0.001588483
-7.3196e-008,-0.001117907
-7.2796e-008,0.001234972
-7.2396e-008,0.002176123
-7.1996e-008,0.0009996838
-7.1596e-008,-0.0004120437
-7.1196e-008,-0.001353195
-7.0796e-008,-0.0001767558
-7.0396e-008,0.0009996838
-6.9996e-008,5.85321e-005
-6.9596e-008,-0.001117907
-6.9196e-008,-0.001117907
-6.8796e-008,-0.0001767558
-6.8396e-008,0.001705548
-6.7996e-008,0.002881987
-6.7596e-008,0.001705548
-6.7196e-008,-0.0008826196
-6.6796e-008,-0.001588483
-6.6396e-008,-0.0004120437
-6.5996e-008,0.00147026
-6.5596e-008,0.004058427
-6.5196e-008,0.004293715
-6.4796e-008,0.0009996838
-6.4396e-008,-0.001588483
-6.3996e-008,-0.001823771
-6.3596e-008,-0.0006473316
-6.3196e-008,0.001234972
-6.2796e-008,0.001705548
-6.2396e-008,0.00029382
-6.1996e-008,-0.0001767558
-6.1596e-008,0.00029382
-6.1196e-008,0.001234972
-6.0796e-008,0.0009996838
-6.0396e-008,5.85321e-005
-5.9996e-008,-0.001353195
-5.9596e-008,-0.002294347
-5.9196e-008,-0.001588483
-5.8796e-008,0.0009996838
-5.8396e-008,0.003117275
-5.7996e-008,0.003823139
-5.7596e-008,0.003823139
-5.7196e-008,0.001940835
-5.6796e-008,-0.0006473316
-5.6396e-008,-0.001353195
-5.5996e-008,-0.001117907
-5.5596e-008,5.85321e-005
-5.5196e-008,0.001940835
-5.4796e-008,0.001940835
-5.4396e-008,0.00029382
-5.3996e-008,-0.001117907
-5.3596e-008,-0.001353195
-5.3196e-008,0.0005291079
-5.2796e-008,0.0009996838
-5.2396e-008,-0.0001767558
-5.1996e-008,-0.001353195
-5.1596e-008,-0.001117907
-5.1196e-008,0.0009996838
-5.0796e-008,0.002411411
-5.0396e-008,0.001940835
-4.9996e-008,0.0009996838
-4.9596e-008,0.0007643959
-4.9196e-008,0.0009996838
-4.8796e-008,0.002881987
-4.8396e-008,0.003352563
-4.7996e-008,0.001234972
-4.7596e-008,0.00029382
-4.7196e-008,0.0007643959
-4.6796e-008,0.0007643959
-4.6396e-008,0.001234972
-4.5996e-008,-0.0001767558
-4.5596e-008,-0.001588483
-4.5196e-008,-0.001588483
-4.4796e-008,-0.0004120437
-4.4396e-008,0.002411411
-4.3996e-008,0.002176123
-4.3596e-008,0.0009996838
-4.3196e-008,0.0009996838
-4.2796e-008,0.001705548
-4.2396e-008,0.002646699
-4.1996e-008,0.00147026
-4.1596e-008,-0.0004120437
-4.1196e-008,-0.0004120437
-4.0796e-008,0.0005291079
-4.0396e-008,0.001705548
-3.9996e-008,0.002881987
-3.9596e-008,0.001705548
-3.9196e-008,-0.0004120437
-3.8796e-008,-0.002059059
-3.8396e-008,-0.001353195
-3.7996e-008,-0.0001767558
-3.7596e-008,-0.0001767558
-3.7196e-008,5.85321e-005
-3.6796e-008,0.0009996838
-3.6396e-008,0.002176123
-3.5996e-008,0.002176123
-3.5596e-008,0.001940835
-3.5196e-008,0.001234972
-3.4796e-008,-0.0004120437
-3.4396e-008,-0.0001767558
-3.3996e-008,-0.0004120437
-3.3596e-008,-0.0006473316
-3.3196e-008,-0.0008826196
-3.2796e-008,-0.0008826196
-3.2396e-008,5.85321e-005
-3.1996e-008,0.001234972
-3.1596e-008,0.001705548
-3.1196e-008,0.0009996838
-3.0796e-008,5.85321e-005
-3.0396e-008,-0.0006473316
-2.9996e-008,-0.0004120437
-2.9596e-008,0.0009996838
-2.9196e-008,0.001234972
-2.8796e-008,0.00147026
-2.8396e-008,0.001705548
-2.7996e-008,0.0007643959
-2.7596e-008,5.85321e-005
-2.7196e-008,-0.0001767558
-2.6796e-008,0.0007643959
-2.6396e-008,0.0005291079
-2.5996e-008,-0.0004120437
-2.5596e-008,5.85321e-005
-2.5196e-008,5.85321e-005
-2.4796e-008,-0.0006473316
-2.4396e-008,-0.0001767558
-2.3996e-008,0.0009996838
-2.3596e-008,0.001940835
-2.3196e-008,0.003587851
-2.2796e-008,0.004293715
-2.2396e-008,0.002646699
-2.1996e-008,-0.0008826196
-2.1596e-008,-0.003235499
-2.1196e-008,-0.00417665
-2.0796e-008,-0.002764923
-2.0396e-008,0.00029382
-1.9996e-008,0.002411411
-1.9596e-008,0.003117275
-1.9196e-008,0.0009996838
-1.8796e-008,-0.001117907
-1.8396e-008,-0.001588483
-1.7996e-008,5.85321e-005
-1.7596e-008,0.001940835
-1.7196e-008,0.003117275
-1.6796e-008,0.001234972
-1.6396e-008,-0.002294347
-1.5996e-008,-0.003706075
-1.5596e-008,-0.002059059
-1.5196e-008,0.001705548
-1.4796e-008,0.005234866
-1.4396e-008,0.006176018
-1.3996e-008,0.003587851
-1.3596e-008,-0.0006473316
-1.3196e-008,-0.002764923
-1.2796e-008,-0.002059059
-1.2396e-008,-0.0001767558
-1.1996e-008,0.001940835
-1.1596e-008,0.003117275
-1.1196e-008,0.002646699
-1.0796e-008,0.001940835
-1.0396e-008,0.0005291079
-9.996e-009,-0.001117907
-9.596e-009,-0.001588483
-9.196e-009,-0.0001767558
-8.796e-009,0.001940835
-8.396e-009,0.003117275
-7.996e-009,0.001940835
-7.596e-009,-0.0006473316
-7.196e-009,-0.001588483
-6.796e-009,-0.0008826196
-6.396e-009,0.0009996838
-5.996e-009,0.001705548
-5.596e-009,0.0009996838
-5.196e-009,-0.0004120437
-4.796e-009,-0.0004120437
-4.396e-009,0.001234972
-3.996e-009,0.002411411
-3.596e-009,0.001705548
-3.196e-009,-0.0004120437
-2.796e-009,-0.0008826196
-2.396e-009,5.85321e-005
-1.996e-009,0.001940835
-1.596e-009,0.002411411
-1.196e-009,0.0005291079
-7.96e-010,-0.001823771
-3.96e-010,-0.003000211
4e-012,-0.0008826196
4.04e-010,0.001940835
8.04e-010,0.002411411
1.204e-009,0.0007643959
1.604e-009,-0.001588483
2.004e-009,-0.002529635
2.404e-009,-0.0004120437
2.804e-009,0.001234972
3.204e-009,0.0007643959
3.604e-009,-0.0001767558
4.004e-009,-0.0004120437
4.404e-009,-0.0001767558
4.804e-009,0.00147026
5.204e-009,0.003587851
5.604e-009,0.002411411
6.004e-009,0.0005291079
6.404e-009,-0.0008826196
6.804e-009,-0.001117907
7.204e-009,-0.001117907
7.604e-009,-0.0006473316
8.004e-009,-0.0008826196
8.404e-009,-0.0004120437
8.804e-009,0.001705548
9.204e-009,0.002176123
9.604e-009,0.002176123
1.0004e-008,0.00147026
1.0404e-008,0.0005291079
1.0804e-008,-0.0001767558
1.1204e-008,-0.0006473316
1.1604e-008,-0.001353195
1.2004e-008,-0.002059059
1.2404e-008,-0.002529635
1.2804e-008,-0.001823771
1.3204e-008,5.85321e-005
1.3604e-008,0.001234972
1.4004e-008,0.0005291079
1.4404e-008,-0.0001767558
1.4804e-008,-0.0006473316
1.5204e-008,-0.0001767558
1.5604e-008,0.00147026
1.6004e-008,0.001234972
1.6404e-008,5.85321e-005
1.6804e-008,-0.0001767558
1.7204e-008,-0.0006473316
1.7604e-008,5.85321e-005
1.8004e-008,0.00029382
1.8404e-008,-0.001117907
1.8804e-008,-0.001823771
1.9204e-008,-0.002529635
1.9604e-008,-0.001588483
2.0004e-008,0.0007643959
2.0404e-008,0.002411411
2.0804e-008,0.004058427
2.1204e-008,0.00476429
2.1604e-008,0.003823139
2.2004e-008,0.001705548
2.2404e-008,-0.001823771
2.2804e-008,-0.003706075
2.3204e-008,-0.002294347
2.3604e-008,0.00029382
2.4004e-008,0.0005291079
2.4404e-008,-0.0006473316
2.4804e-008,-0.002059059
2.5204e-008,-0.001588483
2.5604e-008,0.001705548
2.6004e-008,0.004999578
2.6404e-008,0.005705442
2.6804e-008,0.003823139
2.7204e-008,5.85321e-005
2.7604e-008,-0.003470787
2.8004e-008,-0.002294347
2.8404e-008,0.00147026
2.8804e-008,0.00476429
2.9204e-008,0.004058427
2.9604e-008,0.001234972
3.0004e-008,-0.002059059
3.0404e-008,-0.003000211
3.0804e-008,-0.002294347
3.1204e-008,-0.002764923
3.1604e-008,-0.002294347
3.2004e-008,-0.001117907
3.2404e-008,-0.0001767558
3.2804e-008,0.0005291079
3.3204e-008,0.0009996838
3.3604e-008,0.001234972
3.4004e-008,0.0007643959
3.4404e-008,0.0009996838
3.4804e-008,0.001234972
3.5204e-008,-0.0001767558
3.5604e-008,0.00029382
3.6004e-008,0.0009996838
3.6404e-008,0.0009996838
3.6804e-008,5.85321e-005
3.7204e-008,-0.0006473316
3.7604e-008,-0.002294347
3.8004e-008,-0.0008826196
3.8404e-008,0.00147026
3.8804e-008,0.004058427
3.9204e-008,0.004999578
3.9604e-008,0.003587851
4.0004e-008,0.0007643959
4.0404e-008,-0.002529635
4.0804e-008,-0.003470787
4.1204e-008,-0.002059059
4.1604e-008,0.001705548
4.2004e-008,0.005705442
4.2404e-008,0.00711717
4.2804e-008,0.004293715
4.3204e-008,-0.001588483
4.3604e-008,-0.004647226
4.4004e-008,-0.004411938
4.4404e-008,0.00029382
4.4804e-008,0.005234866
4.5204e-008,0.00594073
4.5604e-008,0.002176123
4.6004e-008,-0.002764923
4.6404e-008,-0.00417665
4.6804e-008,-0.001353195
4.7204e-008,0.002411411
4.7604e-008,0.002881987
4.8004e-008,5.85321e-005
4.8404e-008,-0.002764923
4.8804e-008,-0.003470787
4.9204e-008,-0.002294347
4.9604e-008,5.85321e-005
5.0004e-008,0.001940835
5.0404e-008,0.001234972
5.0804e-008,0.001234972
5.1204e-008,0.001705548
5.1604e-008,0.00147026
5.2004e-008,-0.0001767558
5.2404e-008,-0.001117907
5.2804e-008,-0.0001767558
5.3204e-008,0.00147026
5.3604e-008,0.002646699
5.4004e-008,0.001234972
5.4404e-008,-0.001353195
5.4804e-008,-0.002059059
5.5204e-008,-0.001117907
5.5604e-008,0.00029382
5.6004e-008,0.002176123
5.6404e-008,0.002176123
5.6804e-008,0.00029382
5.7204e-008,-0.001117907
5.7604e-008,-0.0004120437
5.8004e-008,0.0005291079
5.8404e-008,0.0009996838
5.8804e-008,-0.0001767558
5.9204e-008,-0.001588483
5.9604e-008,-0.002059059
6.0004e-008,-0.0008826196
6.0404e-008,0.0007643959
6.0804e-008,0.003117275
6.1204e-008,0.004293715
6.1604e-008,0.004293715
6.2004e-008,0.002881987
6.2404e-008,0.00029382
6.2804e-008,-0.003000211
6.3204e-008,-0.004411938
6.3604e-008,-0.002294347
6.4004e-008,0.001705548
6.4404e-008,0.004529003
6.4804e-008,0.004058427
6.5204e-008,0.0005291079
6.5604e-008,-0.003941362
6.6004e-008,-0.005117802
6.6404e-008,-0.002059059
6.6804e-008,0.002411411
6.7204e-008,0.004293715
6.7604e-008,0.003117275
6.8004e-008,0.002176123
6.8404e-008,0.00147026
6.8804e-008,0.001234972
6.9204e-008,0.0009996838
6.9604e-008,-0.0001767558
7.0004e-008,-0.001117907
7.0404e-008,-0.001353195
7.0804e-008,-0.0004120437
7.1204e-008,0.0007643959
7.1604e-008,0.001705548
7.2004e-008,-0.0001767558
7.2404e-008,-0.001588483
7.2804e-008,-0.001353195
7.3204e-008,0.0005291079
7.3604e-008,0.002411411
7.4004e-008,0.003117275
7.4404e-008,0.001705548
7.4804e-008,0.00029382
7.5204e-008,-0.0004120437
7.5604e-008,-0.0008826196
7.6004e-008,-0.0004120437
7.6404e-008,0.00029382
7.6804e-008,0.0007643959
7.7204e-008,0.0007643959
7.7604e-008,0.0007643959
7.8004e-008,-0.0001767558
7.8404e-008,-0.001823771
7.8804e-008,-0.003000211
7.9204e-008,-0.002764923
7.9604e-008,-0.001117907
8.0004e-008,0.0007643959
8.0404e-008,0.0009996838
8.0804e-008,5.85321e-005
8.1204e-008,-0.0008826196
8.1604e-008,-0.0001767558
8.2004e-008,5.85321e-005
8.2404e-008,-0.001588483
8.2804e-008,-0.002764923
8.3204e-008,-0.002294347
8.3604e-008,0.0005291079
8.4004e-008,0.003823139
8.4404e-008,0.004293715
8.4804e-008,0.002411411
8.5204e-008,-0.0004120437
8.5604e-008,-0.002294347
8.6004e-008,-0.0006473316
8.6404e-008,0.00147026
8.6804e-008,0.001705548
8.7204e-008,0.0005291079
8.7604e-008,-0.001588483
8.8004e-008,-0.001588483
8.8404e-008,0.0005291079
8.8804e-008,0.001234972
8.9204e-008,0.0009996838
8.9604e-008,0.0009996838
9.0004e-008,0.00029382
9.0404e-008,5.85321e-005
9.0804e-008,-0.0006473316
9.1204e-008,-0.001353195
9.1604e-008,-0.001117907
9.2004e-008,0.001940835
9.2404e-008,0.004529003
9.2804e-008,0.004058427
9.3204e-008,0.002176123
9.3604e-008,-0.0006473316
9.4004e-008,-0.001588483
9.4404e-008,-0.0001767558
9.4804e-008,0.002176123
9.5204e-008,0.003352563
9.5604e-008,0.001940835
9.6004e-008,-0.0008826196
9.6404e-008,-0.001823771
9.6804e-008,-0.0006473316
9.7204e-008,0.0005291079
9.7604e-008,0.00147026
9.8004e-008,0.0007643959
9.8404e-008,-0.0001767558
9.8804e-008,-0.0008826196
9.9204e-008,-0.001117907
9.9604e-008,-0.0006473316
1.00004e-007,0.001234972
1.00404e-007,0.002881987
1.00804e-007,0.002176123
1.01204e-007,0.0005291079
1.01604e-007,-0.001823771
1.02004e-007,-0.003235499
1.02404e-007,-0.001117907
1.02804e-007,0.001705548
1.03204e-007,0.001940835
1.03604e-007,0.0009996838
1.04004e-007,0.0007643959
1.04404e-007,0.0005291079
1.04804e-007,0.001705548
1.05204e-007,0.002411411
1.05604e-007,0.00147026
1.06004e-007,0.0005291079
1.06404e-007,-0.0008826196
1.06804e-007,-0.001823771
1.07204e-007,-0.001823771
1.07604e-007,-0.001823771
1.08004e-007,-0.001588483
1.08404e-007,-0.0004120437
1.08804e-007,0.0009996838
1.09204e-007,0.001234972
1.09604e-007,-0.0006473316
1.10004e-007,-0.003235499
1.10404e-007,-0.005117802
1.10804e-007,-0.003235499
1.11204e-007,-0.0004120437
1.11604e-007,0.0009996838
1.12004e-007,0.00147026
1.12404e-007,0.0005291079
1.12804e-007,0.00029382
1.13204e-007,0.002176123
1.13604e-007,0.002881987
1.14004e-007,0.002411411
1.14404e-007,-0.0004120437
1.14804e-007,-0.002764923
1.15204e-007,-0.001353195
1.15604e-007,0.002176123
1.16004e-007,0.004058427
1.16404e-007,0.003587851
1.16804e-007,0.0005291079
1.17204e-007,-0.002764923
1.17604e-007,-0.003941362
1.18004e-007,-0.002764923
1.18404e-007,-0.001117907
1.18804e-007,0.00029382
1.19204e-007,0.001705548
1.19604e-007,0.002646699
1.20004e-007,0.002646699
1.20404e-007,0.001705548
1.20804e-007,-0.0006473316
1.21204e-007,-0.001117907
1.21604e-007,0.0007643959
1.22004e-007,0.002176123
1.22404e-007,0.002881987
1.22804e-007,0.002646699
1.23204e-007,0.001234972
1.23604e-007,0.00029382
1.24004e-007,5.85321e-005
1.24404e-007,0.00029382
1.24804e-007,5.85321e-005
1.25204e-007,5.85321e-005
1.25604e-007,0.00029382
1.26004e-007,0.00147026
1.26404e-007,0.001705548
1.26804e-007,-0.0001767558
1.27204e-007,-0.002059059
1.27604e-007,-0.002529635
1.28004e-007,-0.0004120437
1.28404e-007,0.001940835
1.28804e-007,0.001940835
1.29204e-007,-0.0004120437
1.29604e-007,-0.002294347
1.30004e-007,-0.001823771
1.30404e-007,0.001234972
1.30804e-007,0.003117275
1.31204e-007,0.002646699
1.31604e-007,0.001705548
1.32004e-007,0.00029382
1.32404e-007,5.85321e-005
1.32804e-007,0.0009996838
1.33204e-007,0.00147026
1.33604e-007,0.002176123
1.34004e-007,0.002881987
1.34404e-007,0.002176123
1.34804e-007,5.85321e-005
1.35204e-007,-0.002529635
1.35604e-007,-0.003470787
1.36004e-007,-0.001117907
1.36404e-007,0.002646699
1.36804e-007,0.005234866
1.37204e-007,0.003587851
1.37604e-007,0.00029382
1.38004e-007,-0.001823771
1.38404e-007,-0.002294347
1.38804e-007,-0.0001767558
1.39204e-007,0.00147026
1.39604e-007,0.0007643959
1.40004e-007,-0.0004120437
1.40404e-007,-0.001117907
1.40804e-007,5.85321e-005
1.41204e-007,0.001234972
1.41604e-007,0.0005291079
1.42004e-007,-0.0008826196
1.42404e-007,0.00029382
1.42804e-007,0.003352563
1.43204e-007,0.005705442
1.43604e-007,0.003587851
1.44004e-007,-0.001588483
1.44404e-007,-0.00535309
1.44804e-007,-0.005823666
1.45204e-007,-0.003000211
1.45604e-007,0.0009996838
1.46004e-007,0.003823139
1.46404e-007,0.002411411
1.46804e-007,-0.0004120437
1.47204e-007,-0.001823771
1.47604e-007,-0.0008826196
1.48004e-007,0.001234972
1.48404e-007,0.002646699
1.48804e-007,0.001234972
1.49204e-007,-0.001588483
1.49604e-007,-0.002529635
1.50004e-007,-0.001117907
1.50404e-007,0.001940835
1.50804e-007,0.004999578
1.51204e-007,0.003823139
1.51604e-007,-0.0006473316
1.52004e-007,-0.00417665
1.52404e-007,-0.003941362
1.52804e-007,0.00029382
1.53204e-007,0.005234866
1.53604e-007,0.005470154
1.54004e-007,0.002176123
1.54404e-007,-0.002059059
1.54804e-007,-0.002529635
1.55204e-007,0.0005291079
1.55604e-007,0.002646699
1.56004e-007,0.002646699
1.56404e-007,0.0009996838
1.56804e-007,-0.0008826196
1.57204e-007,-0.0001767558
1.57604e-007,0.001234972
1.58004e-007,0.001705548
1.58404e-007,0.0005291079
1.58804e-007,-0.001588483
1.59204e-007,-0.003000211
1.59604e-007,-0.002059059
1.60004e-007,0.00029382
1.60404e-007,0.001940835
1.60804e-007,0.002881987
1.61204e-007,0.002646699
1.61604e-007,0.002881987
1.62004e-007,0.001940835
1.62404e-007,-0.0001767558
1.62804e-007,-0.001588483
1.63204e-007,-0.001823771
1.63604e-007,-0.0004120437
1.64004e-007,0.0007643959
1.64404e-007,0.001705548
1.64804e-007,0.001940835
1.65204e-007,0.00029382
1.65604e-007,-0.003000211
1.66004e-007,-0.005117802
1.66404e-007,-0.003941362
1.66804e-007,-0.001353195
1.67204e-007,0.0009996838
1.67604e-007,0.001940835
1.68004e-007,0.001705548
1.68404e-007,0.0009996838
1.68804e-007,5.85321e-005
1.69204e-007,0.00029382
1.69604e-007,-0.0004120437
1.70004e-007,0.0005291079
1.70404e-007,0.003117275
1.70804e-007,0.002881987
1.71204e-007,0.001234972
1.71604e-007,-0.001823771
1.72004e-007,-0.003235499
1.72404e-007,-0.001353195
1.72804e-007,0.00147026
1.73204e-007,0.002646699
1.73604e-007,5.85321e-005
1.74004e-007,-0.002294347
1.74404e-007,-0.003000211
1.74804e-007,-0.0006473316
1.75204e-007,0.002646699
1.75604e-007,0.003117275
1.76004e-007,0.001234972
1.76404e-007,-0.002059059
1.76804e-007,-0.003706075
1.77204e-007,-0.003470787
1.77604e-007,-0.002294347
1.78004e-007,-0.001353195
1.78404e-007,-0.0006473316
1.78804e-007,0.0005291079
1.79204e-007,0.002176123
1.79604e-007,0.002881987
1.80004e-007,0.001234972
1.80404e-007,-0.001353195
1.80804e-007,-0.002764923
1.81204e-007,-0.002294347
1.81604e-007,0.0005291079
1.82004e-007,0.002881987
1.82404e-007,0.004293715
1.82804e-007,0.004058427
1.83204e-007,0.002411411
1.83604e-007,-0.0004120437
1.84004e-007,-0.001117907
1.84404e-007,-0.0006473316
1.84804e-007,5.85321e-005
1.85204e-007,0.0007643959
1.85604e-007,5.85321e-005
1.86004e-007,-0.001117907
1.86404e-007,-0.0006473316
1.86804e-007,0.0007643959
1.87204e-007,0.003352563
1.87604e-007,0.004999578
1.88004e-007,0.004058427
1.88404e-007,-0.0004120437
1.88804e-007,-0.003000211
1.89204e-007,-0.002059059
1.89604e-007,0.00029382
1.90004e-007,0.003587851
1.90404e-007,0.003587851
1.90804e-007,0.002411411
1.91204e-007,0.0009996838
1.91604e-007,0.0009996838
1.92004e-007,0.002881987
1.92404e-007,0.002881987
1.92804e-007,0.0009996838
1.93204e-007,-0.0006473316
1.93604e-007,-0.0006473316
1.94004e-007,-0.0006473316
1.94404e-007,-0.0001767558
1.94804e-007,-0.0006473316
1.95204e-007,-0.001588483
1.95604e-007,-0.0004120437
1.96004e-007,0.003352563
1.96404e-007,0.005470154
1.96804e-007,0.003587851
1.97204e-007,-0.0001767558
1.97604e-007,-0.004882514
1.98004e-007,-0.006058954
1.98404e-007,-0.002764923
1.98804e-007,0.001705548
1.99204e-007,0.004529003
1.99604e-007,0.003823139
2.00004e-007,0.001705548
2.00404e-007,-0.001588483
2.00804e-007,-0.002294347
2.01204e-007,-0.001117907
2.01604e-007,0.0005291079
2.02004e-007,0.002646699
2.02404e-007,0.003352563
2.02804e-007,0.002646699
2.03204e-007,0.0009996838
2.03604e-007,-0.0004120437
2.04004e-007,-0.001588483
2.04404e-007,-0.0008826196
2.04804e-007,0.0009996838
2.05204e-007,0.002176123
2.05604e-007,0.001940835
2.06004e-007,0.0009996838
2.06404e-007,-0.001588483
2.06804e-007,-0.003941362
2.07204e-007,-0.002529635
2.07604e-007,0.001234972
2.08004e-007,0.003823139
2.08404e-007,0.003352563
2.08804e-007,0.00029382
2.09204e-007,-0.003470787
2.09604e-007,-0.004882514
2.10004e-007,-0.002294347
2.10404e-007,0.0005291079
2.10804e-007,0.002646699
2.11204e-007,0.002881987
2.11604e-007,-0.0001767558
2.12004e-007,-0.002294347
2.12404e-007,-0.001823771
2.12804e-007,-0.0006473316
2.13204e-007,0.002176123
2.13604e-007,0.004058427
2.14004e-007,0.003117275
2.14404e-007,5.85321e-005
2.14804e-007,-0.004647226
2.15204e-007,-0.00535309
2.15604e-007,-0.002294347
2.16004e-007,0.002411411
2.16404e-007,0.005470154
2.16804e-007,0.005705442
2.17204e-007,0.002176123
2.17604e-007,-0.001823771
2.18004e-007,-0.003941362
2.18404e-007,-0.003235499
2.18804e-007,-0.0006473316
2.19204e-007,0.003117275
2.19604e-007,0.004529003
2.20004e-007,0.004058427
2.20404e-007,0.0009996838
2.20804e-007,-0.002529635
2.21204e-007,-0.002764923
2.21604e-007,-0.001117907
2.22004e-007,0.00029382
2.22404e-007,0.0005291079
2.22804e-007,-0.0004120437
2.23204e-007,-0.0006473316
2.23604e-007,0.001705548
2.24004e-007,0.004058427
2.24404e-007,0.002881987
2.24804e-007,-0.0001767558
2.25204e-007,-0.003470787
2.25604e-007,-0.004647226
2.26004e-007,-0.001353195
2.26404e-007,0.003823139
2.26804e-007,0.006176018
2.27204e-007,0.002881987
2.27604e-007,-0.001823771
2.28004e-007,-0.002764923
2.28404e-007,-0.0008826196
2.28804e-007,0.002411411
2.29204e-007,0.003352563
2.29604e-007,0.0007643959
2.30004e-007,-0.002529635
2.30404e-007,-0.003706075
2.30804e-007,-0.002529635
2.31204e-007,0.00029382
2.31604e-007,0.002881987
2.32004e-007,0.003352563
2.32404e-007,0.003117275
2.32804e-007,0.00147026
2.33204e-007,-0.0001767558
2.33604e-007,-0.003235499
2.34004e-007,-0.004411938
2.34404e-007,-0.003235499
2.34804e-007,-0.0001767558
2.35204e-007,0.002646699
2.35604e-007,0.002881987
2.36004e-007,0.00029382
2.36404e-007,-0.001117907
2.36804e-007,0.0005291079
2.37204e-007,0.003352563
2.37604e-007,0.003587851
2.38004e-007,0.00029382
2.38404e-007,-0.003706075
2.38804e-007,-0.003941362
2.39204e-007,0.00029382
2.39604e-007,0.004999578
2.40004e-007,0.006646594
2.40404e-007,0.005234866
2.40804e-007,0.001234972
2.41204e-007,-0.001823771
2.41604e-007,-0.003706075
2.42004e-007,-0.003706075
2.42404e-007,-0.002059059
2.42804e-007,0.0005291079
2.43204e-007,0.004058427
2.43604e-007,0.00476429
2.44004e-007,0.001705548
2.44404e-007,-0.002764923
2.44804e-007,-0.004411938
2.45204e-007,-0.002529635
2.45604e-007,0.001940835
2.46004e-007,0.004999578
2.46404e-007,0.004529003
2.46804e-007,0.001940835
2.47204e-007,-0.0004120437
2.47604e-007,-0.002294347
2.48004e-007,-0.001353195
2.48404e-007,0.0005291079
2.48804e-007,0.001940835
2.49204e-007,0.002881987
2.49604e-007,0.00147026
2.50004e-007,-0.001353195
2.50404e-007,-0.002529635
2.50804e-007,-0.001117907
2.51204e-007,0.001705548
2.51604e-007,0.002646699
2.52004e-007,0.002411411
2.52404e-007,0.0009996838
2.52804e-007,-0.0001767558
2.53204e-007,-0.001588483
2.53604e-007,-0.002059059
2.54004e-007,-0.002059059
2.54404e-007,-0.0008826196
2.54804e-007,0.0005291079
2.55204e-007,0.002646699
2.55604e-007,0.004999578
2.56004e-007,0.005470154
2.56404e-007,0.004058427
2.56804e-007,0.0009996838
2.57204e-007,-0.002059059
2.57604e-007,-0.003941362
2.58004e-007,-0.003941362
2.58404e-007,-0.001353195
2.58804e-007,0.0007643959
2.59204e-007,0.001234972
2.59604e-007,0.001234972
2.60004e-007,0.0005291079
2.60404e-007,0.001234972
2.60804e-007,0.001940835
2.61204e-007,0.002176123
2.61604e-007,0.001234972
2.62004e-007,-0.0004120437
2.62404e-007,-0.001823771
2.62804e-007,-0.001823771
2.63204e-007,-0.0001767558
2.63604e-007,0.0009996838
2.64004e-007,0.0009996838
2.64404e-007,-0.0001767558
2.64804e-007,-0.001588483
2.65204e-007,-0.002529635
2.65604e-007,-0.001588483
2.66004e-007,0.00029382
2.66404e-007,0.001705548
2.66804e-007,0.002411411
2.67204e-007,0.001234972
2.67604e-007,-0.0004120437
2.68004e-007,-0.001117907
2.68404e-007,-0.0008826196
2.68804e-007,-0.0001767558
2.69204e-007,-0.0001767558
2.69604e-007,-0.0006473316
2.70004e-007,-0.001353195
2.70404e-007,-0.002059059
2.70804e-007,-0.002294347
2.71204e-007,0.00029382
2.71604e-007,0.003117275
2.72004e-007,0.003587851
2.72404e-007,0.002646699
2.72804e-007,0.001940835
2.73204e-007,0.00147026
2.73604e-007,0.001234972
2.74004e-007,0.001940835
2.74404e-007,0.0009996838
2.74804e-007,-0.0008826196
2.75204e-007,-0.002529635
2.75604e-007,-0.002529635
2.76004e-007,-0.0006473316
2.76404e-007,0.001234972
2.76804e-007,0.002646699
2.77204e-007,0.003117275
2.77604e-007,0.001940835
2.78004e-007,0.0005291079
2.78404e-007,-0.0004120437
2.78804e-007,-0.0006473316
2.79204e-007,-0.0006473316
2.79604e-007,0.00029382
2.80004e-007,0.0005291079
2.80404e-007,0.001940835
2.80804e-007,0.002646699
2.81204e-007,0.00147026
2.81604e-007,5.85321e-005
2.82004e-007,-0.001117907
2.82404e-007,-0.0008826196
2.82804e-007,0.0009996838
2.83204e-007,0.003117275
2.83604e-007,0.002881987
2.84004e-007,0.00147026
2.84404e-007,-0.001588483
2.84804e-007,-0.003235499
2.85204e-007,-0.001823771
2.85604e-007,0.0005291079
2.86004e-007,0.002881987
2.86404e-007,0.003587851
2.86804e-007,0.001705548
2.87204e-007,-0.0008826196
2.87604e-007,-0.002059059
2.88004e-007,-0.001117907
2.88404e-007,0.001234972
2.88804e-007,0.003117275
2.89204e-007,0.002411411
2.89604e-007,0.0007643959
2.90004e-007,-0.0004120437
2.90404e-007,-0.002294347
2.90804e-007,-0.003000211
2.91204e-007,-0.002529635
2.91604e-007,-0.001117907
2.92004e-007,5.85321e-005
2.92404e-007,0.0009996838
2.92804e-007,0.002176123
2.93204e-007,0.002176123
2.93604e-007,0.001705548
2.94004e-007,0.001705548
2.94404e-007,0.0005291079
2.94804e-007,-0.001823771
2.95204e-007,-0.003000211
2.95604e-007,-0.001353195
2.96004e-007,0.001940835
2.96404e-007,0.003587851
2.96804e-007,0.002176123
2.97204e-007,-0.001353195
2.97604e-007,-0.003706075
2.98004e-007,-0.003000211
2.98404e-007,0.00029382
2.98804e-007,0.003587851
2.99204e-007,0.004999578
2.99604e-007,0.003352563
3.00004e-007,5.85321e-005
3.00404e-007,-0.001588483
3.00804e-007,-0.001353195
3.01204e-007,-0.0001767558
3.01604e-007,0.002176123
3.02004e-007,0.003352563
3.02404e-007,0.002176123
3.02804e-007,0.0009996838
3.03204e-007,-0.0004120437
3.03604e-007,5.85321e-005
3.04004e-007,0.001705548
3.04404e-007,0.002881987
3.04804e-007,0.001234972
3.05204e-007,-0.0006473316
3.05604e-007,-0.002059059
3.06004e-007,-0.001588483
3.06404e-007,0.00029382
3.06804e-007,0.002176123
3.07204e-007,0.003352563
3.07604e-007,0.001940835
3.08004e-007,0.00029382
3.08404e-007,5.85321e-005
3.08804e-007,5.85321e-005
3.09204e-007,0.0005291079
3.09604e-007,-0.0008826196
3.10004e-007,-0.003235499
3.10404e-007,-0.003706075
3.10804e-007,-0.0004120437
3.11204e-007,0.004058427
3.11604e-007,0.00594073
3.12004e-007,0.005234866
3.12404e-007,0.001705548
3.12804e-007,-0.001823771
3.13204e-007,-0.002529635
3.13604e-007,0.00029382
3.14004e-007,0.003352563
3.14404e-007,0.005470154
3.14804e-007,0.004058427
3.15204e-007,0.0007643959
3.15604e-007,-0.001588483
3.16004e-007,-0.001823771
3.16404e-007,-0.0004120437
3.16804e-007,0.0005291079
3.17204e-007,0.00029382
3.17604e-007,-0.001117907
3.18004e-007,-0.002059059
3.18404e-007,-0.001588483
3.18804e-007,0.001234972
3.19204e-007,0.002881987
3.19604e-007,0.003587851
3.20004e-007,0.003117275
3.20404e-007,0.001234972
3.20804e-007,0.00029382
3.21204e-007,0.0005291079
3.21604e-007,0.0007643959
3.22004e-007,-0.0001767558
3.22404e-007,-0.001353195
3.22804e-007,-0.002529635
3.23204e-007,-0.003235499
3.23604e-007,-0.002294347
3.24004e-007,-0.0004120437
3.24404e-007,0.0009996838
3.24804e-007,0.00147026
3.25204e-007,0.00147026
3.25604e-007,0.0009996838
3.26004e-007,5.85321e-005
3.26404e-007,0.0005291079
3.26804e-007,0.001234972
3.27204e-007,0.002176123
3.27604e-007,0.002176123
3.28004e-007,0.0009996838
3.28404e-007,-0.0008826196
3.28804e-007,-0.003235499
3.29204e-007,-0.003470787
3.29604e-007,-0.0006473316
3.30004e-007,0.002881987
3.30404e-007,0.004999578
3.30804e-007,0.004293715
3.31204e-007,0.001940835
3.31604e-007,0.00029382
3.32004e-007,0.0005291079
3.32404e-007,0.001705548
3.32804e-007,0.002176123
3.33204e-007,0.00029382
3.33604e-007,-0.002764923
3.34004e-007,-0.00417665
3.34404e-007,-0.002764923
3.34804e-007,-0.0008826196
3.35204e-007,0.0009996838
3.35604e-007,0.001234972
3.36004e-007,-0.001117907
3.36404e-007,-0.001353195
3.36804e-007,0.00029382
3.37204e-007,0.002176123
3.37604e-007,0.002411411
3.38004e-007,-0.0001767558
3.38404e-007,-0.003235499
3.38804e-007,-0.002529635
3.39204e-007,-0.0001767558
3.39604e-007,0.001705548
3.40004e-007,0.001940835
3.40404e-007,0.00029382
3.40804e-007,-0.001588483
3.41204e-007,-0.001823771
3.41604e-007,5.85321e-005
3.42004e-007,0.00147026
3.42404e-007,0.0007643959
3.42804e-007,-0.0001767558
3.43204e-007,-0.0001767558
3.43604e-007,0.0005291079
3.44004e-007,0.0007643959
3.44404e-007,0.0009996838
3.44804e-007,0.00029382
3.45204e-007,0.00029382
3.45604e-007,0.001705548
3.46004e-007,0.002411411
3.46404e-007,0.001940835
3.46804e-007,0.0005291079
3.47204e-007,-0.0006473316
3.47604e-007,-0.001117907
3.48004e-007,-0.0001767558
3.48404e-007,0.001234972
3.48804e-007,0.001940835
3.49204e-007,0.001940835
3.49604e-007,0.001705548
3.50004e-007,5.85321e-005
3.50404e-007,-0.0004120437
3.50804e-007,-0.0004120437
3.51204e-007,-0.0001767558
3.51604e-007,0.00029382
3.52004e-007,0.00029382
3.52404e-007,-0.0008826196
3.52804e-007,-0.001117907
3.53204e-007,-0.0008826196
3.53604e-007,-0.001117907
3.54004e-007,-0.0001767558
3.54404e-007,0.001234972
3.54804e-007,0.002411411
3.55204e-007,0.002881987
3.55604e-007,0.001940835
3.56004e-007,0.0009996838
3.56404e-007,5.85321e-005
3.56804e-007,5.85321e-005
3.57204e-007,0.00029382
3.57604e-007,-0.0001767558
3.58004e-007,0.0009996838
3.58404e-007,0.001940835
3.58804e-007,0.002646699
3.59204e-007,0.002411411
3.59604e-007,0.0009996838
3.60004e-007,-0.0001767558
3.60404e-007,-0.0004120437
3.60804e-007,0.001234972
3.61204e-007,0.004293715
3.61604e-007,0.005705442
3.62004e-007,0.003352563
3.62404e-007,-0.0001767558
3.62804e-007,-0.001823771
3.63204e-007,-0.001117907
3.63604e-007,0.0009996838
3.64004e-007,0.0005291079
3.64404e-007,-0.0004120437
3.64804e-007,-0.0001767558
3.65204e-007,0.00147026
3.65604e-007,0.004293715
3.66004e-007,0.005705442
3.66404e-007,0.004293715
3.66804e-007,-0.0001767558
3.67204e-007,-0.003941362
3.67604e-007,-0.004647226
3.68004e-007,-0.002529635
3.68404e-007,0.0007643959
3.68804e-007,0.001940835
3.69204e-007,0.002176123
3.69604e-007,0.001940835
3.70004e-007,0.001705548
3.70404e-007,0.0009996838
3.70804e-007,-0.0006473316
3.71204e-007,-0.001353195
3.71604e-007,-0.001823771
3.72004e-007,-0.001117907
3.72404e-007,0.0005291079
3.72804e-007,0.0005291079
3.73204e-007,-0.0006473316
3.73604e-007,-0.0006473316
3.74004e-007,0.0005291079
3.74404e-007,0.001234972
3.74804e-007,0.001234972
3.75204e-007,5.85321e-005
3.75604e-007,-0.002294347
3.76004e-007,-0.002764923
3.76404e-007,-0.001353195
3.76804e-007,-0.0001767558
3.77204e-007,0.0007643959
3.77604e-007,0.0005291079
3.78004e-007,0.0007643959
3.78404e-007,0.00147026
3.78804e-007,0.001705548
3.79204e-007,5.85321e-005
3.79604e-007,-0.002059059
3.80004e-007,-0.002059059
3.80404e-007,0.0007643959
3.80804e-007,0.002646699
3.81204e-007,0.002411411
3.81604e-007,0.00029382
3.82004e-007,-0.001588483
3.82404e-007,-0.0004120437
3.82804e-007,0.002411411
3.83204e-007,0.003823139
3.83604e-007,0.002411411
3.84004e-007,-0.0001767558
3.84404e-007,-0.001588483
3.84804e-007,-0.0001767558
3.85204e-007,0.001940835
3.85604e-007,0.003587851
3.86004e-007,0.002411411
3.86404e-007,0.001234972
3.86804e-007,0.0007643959
3.87204e-007,-0.0001767558
3.87604e-007,0.00029382
3.88004e-007,0.0007643959
3.88404e-007,0.001234972
3.88804e-007,0.002411411
3.89204e-007,0.001705548
3.89604e-007,5.85321e-005
3.90004e-007,-0.001353195
3.90404e-007,-0.0008826196
3.90804e-007,0.0007643959
3.91204e-007,0.001940835
3.91604e-007,0.0007643959
3.92004e-007,-0.0006473316
3.92404e-007,-0.0006473316
3.92804e-007,0.0005291079
3.93204e-007,0.0009996838
3.93604e-007,0.00029382
3.94004e-007,-0.0008826196
3.94404e-007,-0.001353195
3.94804e-007,0.0009996838
3.95204e-007,0.005234866
3.95604e-007,0.006646594
3.96004e-007,0.002881987
3.96404e-007,-0.001588483
3.96804e-007,-0.003470787
3.97204e-007,-0.001823771
3.97604e-007,0.00147026
3.98004e-007,0.003823139
3.98404e-007,0.002881987
3.98804e-007,0.0007643959
3.99204e-007,-0.001117907
3.99604e-007,-0.0001767558
4.00004e-007,0.001705548
4.00404e-007,0.001705548
4.00804e-007,5.85321e-005
4.01204e-007,-0.002059059
4.01604e-007,-0.001353195
4.02004e-007,5.85321e-005
4.02404e-007,0.00029382
4.02804e-007,5.85321e-005
4.03204e-007,-0.001823771
4.03604e-007,-0.002764923
4.04004e-007,-0.001117907
4.04404e-007,0.00147026
4.04804e-007,0.002646699
4.05204e-007,0.002411411
4.05604e-007,0.0005291079
4.06004e-007,-0.001117907
4.06404e-007,-0.0006473316
4.06804e-007,0.001234972
4.07204e-007,0.002881987
4.07604e-007,0.001234972
4.08004e-007,-0.0006473316
4.08404e-007,-0.0004120437
4.08804e-007,0.001234972
4.09204e-007,0.001940835
4.09604e-007,0.0007643959
4.10004e-007,-0.001588483
4.10404e-007,-0.003941362
4.10804e-007,-0.003470787
4.11204e-007,-0.001823771
4.11604e-007,5.85321e-005
4.12004e-007,0.002411411
4.12404e-007,0.002881987
4.12804e-007,0.001234972
4.13204e-007,-0.0001767558
4.13604e-007,-0.001588483
4.14004e-007,-0.001823771
4.14404e-007,5.85321e-005
4.14804e-007,0.002881987
4.15204e-007,0.003117275
4.15604e-007,0.00147026
4.16004e-007,-0.0006473316
4.16404e-007,-0.0001767558
4.16804e-007,0.001234972
4.17204e-007,0.001940835
4.17604e-007,0.002646699
4.18004e-007,0.002411411
4.18404e-007,0.002176123
4.18804e-007,0.001940835
4.19204e-007,0.001940835
4.19604e-007,0.002176123
4.20004e-007,-0.0006473316
4.20404e-007,-0.001823771
4.20804e-007,-0.0004120437
4.21204e-007,0.002176123
4.21604e-007,0.004529003
4.22004e-007,0.00476429
4.22404e-007,0.002881987
4.22804e-007,-0.0001767558
4.23204e-007,-0.002059059
4.23604e-007,-0.002294347
4.24004e-007,-0.0008826196
4.24404e-007,0.0005291079
4.24804e-007,0.00147026
4.25204e-007,0.0009996838
4.25604e-007,0.0007643959
4.26004e-007,0.0005291079
4.26404e-007,-0.0008826196
4.26804e-007,-0.002529635
4.27204e-007,-0.002529635
4.27604e-007,-0.001117907
4.28004e-007,-0.0004120437
4.28404e-007,0.00029382
4.28804e-007,0.00029382
4.29204e-007,-0.001588483
4.29604e-007,-0.002059059
4.30004e-007,-0.001588483
4.30404e-007,-0.0006473316
4.30804e-007,0.001940835
4.31204e-007,0.003587851
4.31604e-007,0.003352563
4.32004e-007,0.001940835
4.32404e-007,0.00029382
4.32804e-007,-0.001588483
4.33204e-007,-0.003000211
4.33604e-007,-0.001823771
4.34004e-007,-0.001117907
4.34404e-007,0.0005291079
4.34804e-007,0.001940835
4.35204e-007,0.00147026
4.35604e-007,-0.0001767558
4.36004e-007,-0.001588483
4.36404e-007,-0.003000211
4.36804e-007,-0.002764923
4.37204e-007,-0.001588483
4.37604e-007,0.001234972
4.38004e-007,0.001940835
4.38404e-007,0.00147026
4.38804e-007,0.00147026
4.39204e-007,0.001234972
4.39604e-007,0.0005291079
4.40004e-007,-0.0006473316
4.40404e-007,-0.002764923
4.40804e-007,-0.00417665
4.41204e-007,-0.003470787
4.41604e-007,-0.0008826196
4.42004e-007,0.002411411
4.42404e-007,0.004529003
4.42804e-007,0.002881987
4.43204e-007,5.85321e-005
4.43604e-007,-0.001588483
4.44004e-007,-0.0001767558
4.44404e-007,0.002176123
4.44804e-007,0.004058427
4.45204e-007,0.003352563
4.45604e-007,-0.0001767558
4.46004e-007,-0.002294347
4.46404e-007,-0.001588483
4.46804e-007,0.001234972
4.47204e-007,0.002881987
4.47604e-007,0.00147026
4.48004e-007,-0.001117907
4.48404e-007,-0.002529635
4.48804e-007,-0.002059059
4.49204e-007,-0.0004120437
4.49604e-007,0.001705548
4.50004e-007,0.002646699
4.50404e-007,0.002176123
4.50804e-007,0.00147026
4.51204e-007,0.001234972
4.51604e-007,0.0009996838
4.52004e-007,0.001705548
4.52404e-007,0.002646699
4.52804e-007,0.001705548
4.53204e-007,-0.0004120437
4.53604e-007,-0.003000211
4.54004e-007,-0.002529635
4.54404e-007,0.0009996838
4.54804e-007,0.005470154
4.55204e-007,0.006176018
4.55604e-007,0.003352563
4.56004e-007,-0.0006473316
4.56404e-007,-0.002294347
4.56804e-007,5.85321e-005
4.57204e-007,0.002411411
4.57604e-007,0.002881987
4.58004e-007,0.0007643959
4.58404e-007,-0.001117907
4.58804e-007,-0.0004120437
4.59204e-007,0.001940835
4.59604e-007,0.003587851
4.60004e-007,0.002881987
4.60404e-007,-0.0004120437
4.60804e-007,-0.001823771
4.61204e-007,-0.0006473316
4.61604e-007,0.00147026
4.62004e-007,0.002881987
4.62404e-007,0.002411411
4.62804e-007,0.0005291079
4.63204e-007,-0.0004120437
4.63604e-007,5.85321e-005
4.64004e-007,0.0005291079
4.64404e-007,0.0007643959
4.64804e-007,0.0007643959
4.65204e-007,5.85321e-005
4.65604e-007,0.00029382
4.66004e-007,-0.0001767558
4.66404e-007,5.85321e-005
4.66804e-007,-0.0001767558
4.67204e-007,0.00029382
4.67604e-007,0.0009996838
4.68004e-007,0.00147026
4.68404e-007,0.00147026
4.68804e-007,0.001705548
4.69204e-007,0.002881987
4.69604e-007,0.003117275
4.70004e-007,0.001705548
4.70404e-007,0.00029382
4.70804e-007,-0.0006473316
4.71204e-007,-0.001353195
4.71604e-007,-0.0006473316
4.72004e-007,0.0007643959
4.72404e-007,0.002176123
4.72804e-007,0.002411411
4.73204e-007,0.002176123
4.73604e-007,0.001940835
4.74004e-007,0.001705548
4.74404e-007,0.00147026
4.74804e-007,0.001234972
4.75204e-007,0.00147026
4.75604e-007,0.001234972
4.76004e-007,0.001940835
4.76404e-007,0.00147026
4.76804e-007,0.0005291079
4.77204e-007,5.85321e-005
4.77604e-007,5.85321e-005
4.78004e-007,-0.001117907
4.78404e-007,-0.0006473316
4.78804e-007,0.001705548
4.79204e-007,0.002881987
4.79604e-007,0.002881987
4.80004e-007,0.002411411
4.80404e-007,0.0007643959
4.80804e-007,0.00029382
4.81204e-007,0.00029382
4.81604e-007,-0.0004120437
4.82004e-007,-0.0001767558
4.82404e-007,-0.0001767558
4.82804e-007,-0.001117907
4.83204e-007,-0.001353195
4.83604e-007,-0.0001767558
4.84004e-007,0.001234972
4.84404e-007,0.003352563
4.84804e-007,0.00476429
4.85204e-007,0.004293715
4.85604e-007,0.001940835
4.86004e-007,-0.001117907
4.86404e-007,-0.002764923
4.86804e-007,-0.002294347
4.87204e-007,-0.0004120437
4.87604e-007,0.001705548
4.88004e-007,0.0009996838
4.88404e-007,-0.001117907
4.88804e-007,-0.001823771
4.89204e-007,-0.001353195
4.89604e-007,0.0007643959
4.90004e-007,0.003587851
4.90404e-007,0.003587851
4.90804e-007,0.0007643959
4.91204e-007,-0.002529635
4.91604e-007,-0.00535309
4.92004e-007,-0.004882514
4.92404e-007,-0.001117907
4.92804e-007,0.001234972
4.93204e-007,0.001705548
4.93604e-007,-0.0001767558
4.94004e-007,-0.002294347
4.94404e-007,-0.001353195
4.94804e-007,0.0005291079
4.95204e-007,0.003352563
4.95604e-007,0.004293715
4.96004e-007,0.004058427
4.96404e-007,0.002411411
4.96804e-007,0.00147026
4.97204e-007,0.00029382
4.97604e-007,-0.0008826196
4.98004e-007,-0.001117907
4.98404e-007,-0.0008826196
4.98804e-007,0.001234972
4.99204e-007,0.003352563
4.99604e-007,0.003352563
5.00004e-007,0.0009996838
5.00404e-007,-0.002059059
5.00804e-007,-0.003941362
5.01204e-007,-0.002764923
5.01604e-007,0.0007643959
5.02004e-007,0.002411411
5.02404e-007,0.001234972
5.02804e-007,-0.0004120437
5.03204e-007,0.00029382
5.03604e-007,0.001234972
5.04004e-007,0.0005291079
5.04404e-007,-0.0004120437
5.04804e-007,-0.0006473316
5.05204e-007,0.001940835
5.05604e-007,0.004999578
5.06004e-007,0.004529003
5.06404e-007,0.0007643959
5.06804e-007,-0.003000211
5.07204e-007,-0.005823666
5.07604e-007,-0.004647226
5.08004e-007,-0.0008826196
5.08404e-007,0.002411411
5.08804e-007,0.003117275
5.09204e-007,0.001940835
5.09604e-007,0.00029382
5.10004e-007,-0.001117907
5.10404e-007,-0.001117907
5.10804e-007,-0.0006473316
5.11204e-007,-0.0006473316
5.11604e-007,-0.0001767558
5.12004e-007,0.0005291079
5.12404e-007,5.85321e-005
5.12804e-007,-0.001117907
5.13204e-007,-0.001588483
5.13604e-007,-0.0006473316
5.14004e-007,0.00029382
5.14404e-007,0.001940835
5.14804e-007,0.003117275
5.15204e-007,0.001705548
5.15604e-007,5.85321e-005
5.16004e-007,-0.0001767558
5.16404e-007,0.001234972
5.16804e-007,0.002646699
5.17204e-007,0.003352563
5.17604e-007,0.002176123
5.18004e-007,-0.0001767558
5.18404e-007,-0.001353195
5.18804e-007,-0.0008826196
5.19204e-007,0.0005291079
5.19604e-007,0.001234972
5.20004e-007,0.0005291079
5.20404e-007,-0.0008826196
5.20804e-007,-0.002764923
5.21204e-007,-0.002764923
5.21604e-007,-0.001823771
5.22004e-007,-0.0001767558
5.22404e-007,0.002411411
5.22804e-007,0.003352563
5.23204e-007,0.001705548
5.23604e-007,-0.001823771
5.24004e-007,-0.004647226
5.24404e-007,-0.003000211
5.24804e-007,0.002411411
5.25204e-007,0.006881882
5.25604e-007,0.007823033
5.26004e-007,0.003587851
5.26404e-007,-0.003000211
5.26804e-007,-0.006764817
5.27204e-007,-0.00652953
5.27604e-007,-0.003470787
5.28004e-007,0.00029382
5.28404e-007,0.002881987
5.28804e-007,0.003352563
5.29204e-007,0.0007643959
5.29604e-007,-0.002294347
5.30004e-007,-0.003706075
5.30404e-007,-0.002764923
5.30804e-007,0.001234972
5.31204e-007,0.004999578
5.31604e-007,0.00594073
5.32004e-007,0.004529003
5.32404e-007,0.001940835
5.32804e-007,-0.002294347
5.33204e-007,-0.00417665
5.33604e-007,-0.002059059
5.34004e-007,0.0009996838
5.34404e-007,0.002881987
5.34804e-007,0.002646699
5.35204e-007,0.0007643959
5.35604e-007,0.00029382
5.36004e-007,0.0005291079
5.36404e-007,0.001234972
5.36804e-007,0.001705548
5.37204e-007,0.0005291079
5.37604e-007,-0.001117907
5.38004e-007,-0.001353195
5.38404e-007,0.0005291079
5.38804e-007,0.002176123
5.39204e-007,0.002646699
5.39604e-007,0.00147026
5.40004e-007,5.85321e-005
5.40404e-007,-0.001588483
5.40804e-007,-0.003000211
5.41204e-007,-0.002764923
5.41604e-007,-0.001117907
5.42004e-007,0.0007643959
5.42404e-007,0.003352563
5.42804e-007,0.004058427
5.43204e-007,0.0007643959
5.43604e-007,-0.003000211
5.44004e-007,-0.004411938
5.44404e-007,-0.002059059
5.44804e-007,0.002176123
5.45204e-007,0.003587851
5.45604e-007,0.001234972
5.46004e-007,-0.002059059
5.46404e-007,-0.003000211
5.46804e-007,-0.001353195
5.47204e-007,0.002646699
5.47604e-007,0.004058427
5.48004e-007,0.001705548
5.48404e-007,-0.001117907
5.48804e-007,-0.0006473316
5.49204e-007,0.001234972
5.49604e-007,0.001705548
5.50004e-007,0.00147026
5.50404e-007,0.0007643959
5.50804e-007,0.00029382
5.51204e-007,0.00029382
5.51604e-007,0.00029382
5.52004e-007,5.85321e-005
5.52404e-007,-0.001588483
5.52804e-007,-0.001353195
5.53204e-007,0.00029382
5.53604e-007,0.002646699
5.54004e-007,0.003823139
5.54404e-007,0.002411411
5.54804e-007,-0.0006473316
5.55204e-007,-0.002764923
5.55604e-007,-0.002059059
5.56004e-007,0.0005291079
5.56404e-007,0.003117275
5.56804e-007,0.002411411
5.57204e-007,0.001234972
5.57604e-007,0.001940835
5.58004e-007,0.002646699
5.58404e-007,0.002881987
5.58804e-007,0.002411411
5.59204e-007,0.001940835
5.59604e-007,0.00029382
5.60004e-007,0.0007643959
5.60404e-007,0.002646699
5.60804e-007,0.003117275
5.61204e-007,5.85321e-005
5.61604e-007,-0.003941362
5.62004e-007,-0.005588378
5.62404e-007,-0.002764923
5.62804e-007,0.001705548
5.63204e-007,0.005705442
5.63604e-007,0.005705442
5.64004e-007,0.001940835
5.64404e-007,-0.003000211
5.64804e-007,-0.004647226
5.65204e-007,-0.002059059
5.65604e-007,0.001940835
5.66004e-007,0.00476429
5.66404e-007,0.00476429
5.66804e-007,0.001940835
5.67204e-007,-0.001353195
5.67604e-007,-0.003470787
5.68004e-007,-0.001588483
5.68404e-007,0.001705548
5.68804e-007,0.003352563
5.69204e-007,0.002646699
5.69604e-007,5.85321e-005
5.70004e-007,-0.001588483
5.70404e-007,-0.001117907
5.70804e-007,0.0005291079
5.71204e-007,0.001705548
5.71604e-007,0.001234972
5.72004e-007,-0.0008826196
5.72404e-007,-0.003235499
5.72804e-007,-0.002764923
5.73204e-007,-0.0001767558
5.73604e-007,0.002176123
5.74004e-007,0.003352563
5.74404e-007,0.002881987
5.74804e-007,0.00147026
5.75204e-007,-0.0006473316
5.75604e-007,-0.001823771
5.76004e-007,-0.002294347
5.76404e-007,-0.002764923
5.76804e-007,-0.002059059
5.77204e-007,-0.001823771
5.77604e-007,-0.0008826196
5.78004e-007,0.00029382
5.78404e-007,0.001234972
5.78804e-007,0.002176123
5.79204e-007,0.00147026
5.79604e-007,0.00029382
5.80004e-007,-0.0001767558
5.80404e-007,0.0005291079
5.80804e-007,0.0007643959
5.81204e-007,-0.0001767558
5.81604e-007,5.85321e-005
5.82004e-007,0.00147026
5.82404e-007,0.002176123
5.82804e-007,0.001705548
5.83204e-007,0.001234972
5.83604e-007,0.00147026
5.84004e-007,0.001234972
5.84404e-007,0.002176123
5.84804e-007,0.002646699
5.85204e-007,0.001940835
5.85604e-007,0.0005291079
5.86004e-007,-0.0004120437
5.86404e-007,-0.0008826196
5.86804e-007,-0.0006473316
5.87204e-007,-0.0001767558
5.87604e-007,0.0005291079
5.88004e-007,0.00029382
5.88404e-007,0.00029382
5.88804e-007,0.001940835
5.89204e-007,0.001940835
5.89604e-007,0.001234972
5.90004e-007,5.85321e-005
5.90404e-007,-0.0006473316
5.90804e-007,-0.0008826196
5.91204e-007,0.0007643959
5.91604e-007,0.002176123
5.92004e-007,0.001234972
5.92404e-007,0.0007643959
5.92804e-007,5.85321e-005
5.93204e-007,-0.0008826196
5.93604e-007,0.0005291079
5.94004e-007,0.0009996838
5.94404e-007,-0.0001767558
5.94804e-007,-0.0006473316
5.95204e-007,-0.001117907
5.95604e-007,-0.0008826196
5.96004e-007,0.0007643959
5.96404e-007,0.002176123
5.96804e-007,0.002411411
5.97204e-007,0.001705548
5.97604e-007,5.85321e-005
5.98004e-007,-0.001588483
5.98404e-007,-0.002529635
5.98804e-007,-0.001823771
5.99204e-007,-0.0001767558
5.99604e-007,0.0007643959
6.00004e-007,0.0005291079
6.00404e-007,0.0005291079
6.00804e-007,-0.0004120437
6.01204e-007,-0.001588483
6.01604e-007,-0.001588483
6.02004e-007,-0.0004120437
6.02404e-007,0.001234972
6.02804e-007,0.002646699
6.03204e-007,0.001940835
6.03604e-007,5.85321e-005
6.04004e-007,-0.0001767558
6.04404e-007,-0.0001767558
6.04804e-007,0.0005291079
6.05204e-007,0.001940835
6.05604e-007,0.002881987
6.06004e-007,0.001705548
6.06404e-007,-0.0001767558
6.06804e-007,-0.0004120437
6.07204e-007,-0.0004120437
6.07604e-007,5.85321e-005
6.08004e-007,0.0005291079
6.08404e-007,-0.0008826196
6.08804e-007,-0.001588483
6.09204e-007,-0.0008826196
6.09604e-007,5.85321e-005
6.10004e-007,0.001234972
6.10404e-007,0.002881987
6.10804e-007,0.002881987
6.11204e-007,0.0005291079
6.11604e-007,-0.0006473316
6.12004e-007,-0.001353195
6.12404e-007,-0.0006473316
6.12804e-007,0.00147026
6.13204e-007,0.003352563
6.13604e-007,0.003823139
6.14004e-007,0.001940835
6.14404e-007,-0.0006473316
6.14804e-007,-0.002294347
6.15204e-007,-0.002059059
6.15604e-007,5.85321e-005
6.16004e-007,0.002176123
6.16404e-007,0.001940835
6.16804e-007,0.00147026
6.17204e-007,0.001234972
6.17604e-007,0.0007643959
6.18004e-007,5.85321e-005
6.18404e-007,-0.0008826196
6.18804e-007,-0.002294347
6.19204e-007,-0.002294347
6.19604e-007,-0.0006473316
6.20004e-007,5.85321e-005
6.20404e-007,-0.0004120437
6.20804e-007,-0.001823771
6.21204e-007,-0.002059059
6.21604e-007,-0.0004120437
6.22004e-007,0.00147026
6.22404e-007,0.002411411
6.22804e-007,0.001234972
6.23204e-007,5.85321e-005
6.23604e-007,0.001234972
6.24004e-007,0.003352563
6.24404e-007,0.004529003
6.24804e-007,0.002881987
6.25204e-007,-0.0008826196
6.25604e-007,-0.00417665
6.26004e-007,-0.003470787
6.26404e-007,-0.0004120437
6.26804e-007,0.003352563
6.27204e-007,0.005470154
6.27604e-007,0.005705442
6.28004e-007,0.004293715
6.28404e-007,0.002411411
6.28804e-007,0.0005291079
6.29204e-007,-0.0006473316
6.29604e-007,-0.0001767558
6.30004e-007,0.0007643959
6.30404e-007,0.002411411
6.30804e-007,0.003823139
6.31204e-007,0.004058427
6.31604e-007,0.002411411
6.32004e-007,0.00029382
6.32404e-007,-0.0004120437
6.32804e-007,5.85321e-005
6.33204e-007,0.00147026
6.33604e-007,0.002176123
6.34004e-007,0.001940835
6.34404e-007,0.0009996838
6.34804e-007,0.0007643959
6.35204e-007,0.001705548
6.35604e-007,0.002881987
6.36004e-007,0.004293715
6.36404e-007,0.004293715
6.36804e-007,0.001234972
6.37204e-007,-0.002529635
6.37604e-007,-0.004647226
6.38004e-007,-0.003941362
6.38404e-007,-0.001117907
6.38804e-007,0.0009996838
6.39204e-007,0.002646699
6.39604e-007,0.002881987
6.40004e-007,0.001705548
6.40404e-007,0.0007643959
6.40804e-007,5.85321e-005
6.41204e-007,-0.0001767558
6.41604e-007,0.0005291079
6.42004e-007,0.00147026
6.42404e-007,0.001940835
6.42804e-007,0.001940835
6.43204e-007,0.0005291079
6.43604e-007,-0.001117907
6.44004e-007,-0.001117907
6.44404e-007,-0.001117907
6.44804e-007,-0.0008826196
6.45204e-007,-0.0004120437
6.45604e-007,-0.0001767558
6.46004e-007,0.0009996838
6.46404e-007,0.001705548
6.46804e-007,0.001705548
6.47204e-007,0.0007643959
6.47604e-007,-0.0006473316
6.48004e-007,-0.0006473316
6.48404e-007,0.001234972
6.48804e-007,0.002176123
6.49204e-007,0.0009996838
6.49604e-007,-0.0008826196
6.50004e-007,-0.001588483
6.50404e-007,-0.0004120437
6.50804e-007,0.00147026
6.51204e-007,0.001940835
6.51604e-007,0.00147026
6.52004e-007,0.00029382
6.52404e-007,-0.0001767558
6.52804e-007,0.0009996838
6.53204e-007,0.001234972
6.53604e-007,0.0007643959
6.54004e-007,-0.0006473316
6.54404e-007,-0.001823771
6.54804e-007,-0.002059059
6.55204e-007,-0.001117907
6.55604e-007,0.0007643959
6.56004e-007,0.001705548
6.56404e-007,0.002646699
6.56804e-007,0.003117275
6.57204e-007,0.003117275
6.57604e-007,0.002411411
6.58004e-007,0.001940835
6.58404e-007,0.00147026
6.58804e-007,0.0009996838
6.59204e-007,0.0009996838
6.59604e-007,5.85321e-005
6.60004e-007,-0.0004120437
6.60404e-007,5.85321e-005
6.60804e-007,-0.0004120437
6.61204e-007,-0.001117907
6.61604e-007,-0.001588483
6.62004e-007,-0.001353195
6.62404e-007,0.0005291079
6.62804e-007,0.003352563
6.63204e-007,0.004999578
6.63604e-007,0.003117275
6.64004e-007,0.0005291079
6.64404e-007,-0.0008826196
6.64804e-007,-0.0008826196
6.65204e-007,-0.0006473316
6.65604e-007,-0.001117907
6.66004e-007,-0.001117907
6.66404e-007,-0.001117907
6.66804e-007,0.00029382
6.67204e-007,0.002646699
6.67604e-007,0.001705548
6.68004e-007,0.00029382
6.68404e-007,-0.002059059
6.68804e-007,-0.003941362
6.69204e-007,-0.002764923
6.69604e-007,-0.0001767558
6.70004e-007,0.002646699
6.70404e-007,0.004999578
6.70804e-007,0.004529003
6.71204e-007,0.002411411
6.71604e-007,5.85321e-005
6.72004e-007,-0.002529635
6.72404e-007,-0.002059059
6.72804e-007,0.0009996838
6.73204e-007,0.003587851
6.73604e-007,0.004058427
6.74004e-007,0.002411411
6.74404e-007,-0.0004120437
6.74804e-007,-0.001588483
6.75204e-007,-0.0008826196
6.75604e-007,0.00029382
6.76004e-007,0.001705548
6.76404e-007,0.001705548
6.76804e-007,0.0007643959
6.77204e-007,0.00029382
6.77604e-007,0.0005291079
6.78004e-007,0.001705548
6.78404e-007,0.001705548
6.78804e-007,5.85321e-005
6.79204e-007,-0.001117907
6.79604e-007,-0.001588483
6.80004e-007,-0.0004120437
6.80404e-007,0.002176123
6.80804e-007,0.003823139
6.81204e-007,0.003587851
6.81604e-007,0.0005291079
6.82004e-007,-0.001823771
6.82404e-007,-0.002059059
6.82804e-007,-0.002059059
6.83204e-007,-0.0004120437
6.83604e-007,0.001940835
6.84004e-007,0.003117275
6.84404e-007,0.003587851
6.84804e-007,0.002411411
6.85204e-007,-0.0001767558
6.85604e-007,-0.002764923
6.86004e-007,-0.002529635
6.86404e-007,0.0007643959
6.86804e-007,0.003352563
6.87204e-007,0.004529003
6.87604e-007,0.002646699
6.88004e-007,-0.001117907
6.88404e-007,-0.003941362
6.88804e-007,-0.00417665
6.89204e-007,-0.001353195
6.89604e-007,0.001705548
6.90004e-007,0.002646699
6.90404e-007,0.001234972
6.90804e-007,-0.002059059
6.91204e-007,-0.003470787
6.91604e-007,-0.001117907
6.92004e-007,0.001940835
6.92404e-007,0.002411411
6.92804e-007,0.002176123
6.93204e-007,0.0005291079
6.93604e-007,-0.0004120437
6.94004e-007,-0.0001767558
6.94404e-007,-0.0004120437
6.94804e-007,-0.0001767558
6.95204e-007,-0.0004120437
6.95604e-007,-0.001588483
6.96004e-007,-0.001588483
6.96404e-007,-0.0008826196
6.96804e-007,0.0005291079
6.97204e-007,0.002646699
6.97604e-007,0.004529003
6.98004e-007,0.005234866
6.98404e-007,0.002881987
6.98804e-007,-0.0006473316
6.99204e-007,-0.003706075
6.99604e-007,-0.003941362
7.00004e-007,-0.0004120437
7.00404e-007,0.002646699
7.00804e-007,0.004058427
7.01204e-007,0.002176123
7.01604e-007,-0.001117907
7.02004e-007,-0.002764923
7.02404e-007,-0.002294347
7.02804e-007,-0.0004120437
7.03204e-007,-0.0001767558
7.03604e-007,-0.0004120437
7.04004e-007,0.00029382
7.04404e-007,0.001705548
7.04804e-007,0.002881987
7.05204e-007,0.003352563
7.05604e-007,0.0009996838
7.06004e-007,-0.001588483
7.06404e-007,-0.002294347
7.06804e-007,-0.001353195
7.07204e-007,0.0009996838
7.07604e-007,0.003352563
7.08004e-007,0.003352563
7.08404e-007,0.001234972
7.08804e-007,-0.001117907
7.09204e-007,-0.0008826196
7.09604e-007,0.001705548
7.10004e-007,0.005234866
7.10404e-007,0.005705442
7.10804e-007,0.004293715
7.11204e-007,0.002176123
7.11604e-007,0.0009996838
7.12004e-007,0.0009996838
7.12404e-007,0.00147026
7.12804e-007,0.00147026
7.13204e-007,0.0005291079
7.13604e-007,0.0005291079
7.14004e-007,0.00029382
7.14404e-007,5.85321e-005
7.14804e-007,-0.0001767558
7.15204e-007,-0.0004120437
7.15604e-007,-0.0008826196
7.16004e-007,-0.001588483
7.16404e-007,-0.001588483
7.16804e-007,-0.0004120437
7.17204e-007,0.00029382
7.17604e-007,0.0005291079
7.18004e-007,-0.001353195
7.18404e-007,-0.003000211
7.18804e-007,-0.003941362
7.19204e-007,-0.003000211
7.19604e-007,-0.0008826196
7.20004e-007,0.0007643959
7.20404e-007,0.001940835
7.20804e-007,0.002176123
7.21204e-007,0.001234972
7.21604e-007,0.001705548
7.22004e-007,0.002176123
7.22404e-007,0.001234972
7.22804e-007,0.0007643959
7.23204e-007,-0.001117907
7.23604e-007,-0.001588483
7.24004e-007,-0.0001767558
7.24404e-007,5.85321e-005
7.24804e-007,-0.0004120437
7.25204e-007,-0.0001767558
7.25604e-007,5.85321e-005
7.26004e-007,0.0007643959
7.26404e-007,0.002881987
7.26804e-007,0.004058427
7.27204e-007,0.001705548
7.27604e-007,-0.002059059
7.28004e-007,-0.004882514
7.28404e-007,-0.003470787
7.28804e-007,-0.0006473316
7.29204e-007,0.002411411
7.29604e-007,0.002646699
7.30004e-007,0.0007643959
7.30404e-007,0.0005291079
7.30804e-007,0.0007643959
7.31204e-007,0.002176123
7.31604e-007,0.004293715
7.32004e-007,0.00476429
7.32404e-007,0.003117275
7.32804e-007,-0.0004120437
7.33204e-007,-0.002529635
7.33604e-007,-0.002059059
7.34004e-007,5.85321e-005
7.34404e-007,0.0009996838
7.34804e-007,0.001234972
7.35204e-007,-0.0008826196
7.35604e-007,-0.001823771
7.36004e-007,-0.001588483
7.36404e-007,-0.0008826196
7.36804e-007,0.0007643959
7.37204e-007,0.001940835
7.37604e-007,0.002411411
7.38004e-007,0.001940835
7.38404e-007,0.001234972
7.38804e-007,0.00029382
7.39204e-007,-0.0004120437
7.39604e-007,-0.001353195
7.40004e-007,-0.001823771
7.40404e-007,-0.0004120437
7.40804e-007,0.0005291079
7.41204e-007,-0.0006473316
7.41604e-007,-0.001823771
7.42004e-007,-0.001588483
7.42404e-007,-0.0004120437
7.42804e-007,5.85321e-005
7.43204e-007,0.0007643959
7.43604e-007,0.0005291079
7.44004e-007,-0.001117907
7.44404e-007,-0.001117907
7.44804e-007,0.0005291079
7.45204e-007,0.002646699
7.45604e-007,0.003352563
7.46004e-007,0.002411411
7.46404e-007,0.0005291079
7.46804e-007,-0.001588483
7.47204e-007,-0.001353195
7.47604e-007,-0.0006473316
7.48004e-007,-0.0001767558
7.48404e-007,0.001234972
7.48804e-007,0.001940835
7.49204e-007,0.002411411
7.49604e-007,0.001940835
7.50004e-007,0.0007643959
7.50404e-007,-0.001823771
7.50804e-007,-0.002059059
7.51204e-007,-0.0008826196
7.51604e-007,0.00029382
7.52004e-007,0.0009996838
7.52404e-007,0.001234972
7.52804e-007,0.00147026
7.53204e-007,0.001940835
7.53604e-007,0.003352563
7.54004e-007,0.003823139
7.54404e-007,0.002176123
7.54804e-007,0.0005291079
7.55204e-007,-0.0006473316
7.55604e-007,-0.001353195
7.56004e-007,-0.001588483
7.56404e-007,-0.0004120437
7.56804e-007,0.0005291079
7.57204e-007,0.00029382
7.57604e-007,-0.0004120437
7.58004e-007,-0.0008826196
7.58404e-007,-0.0006473316
7.58804e-007,0.0007643959
7.59204e-007,0.002176123
7.59604e-007,0.002176123
7.60004e-007,0.002176123
7.60404e-007,0.001234972
7.60804e-007,0.0007643959
7.61204e-007,0.00029382
7.61604e-007,-0.0008826196
7.62004e-007,-0.001353195
7.62404e-007,-0.001353195
7.62804e-007,-0.0004120437
7.63204e-007,0.00147026
7.63604e-007,0.001940835
7.64004e-007,0.0007643959
7.64404e-007,-0.0001767558
7.64804e-007,-0.0006473316
7.65204e-007,0.0005291079
7.65604e-007,0.001940835
7.66004e-007,0.001940835
7.66404e-007,0.0009996838
7.66804e-007,0.0009996838
7.67204e-007,0.001234972
7.67604e-007,0.00147026
7.68004e-007,0.001705548
7.68404e-007,0.00029382
7.68804e-007,-0.0008826196
7.69204e-007,-0.0006473316
7.69604e-007,0.0007643959
7.70004e-007,0.001940835
7.70404e-007,0.001705548
7.70804e-007,-0.0004120437
7.71204e-007,-0.002764923
7.71604e-007,-0.002529635
7.72004e-007,0.0009996838
7.72404e-007,0.002881987
7.72804e-007,0.001705548
7.73204e-007,-0.0008826196
7.73604e-007,-0.003470787
7.74004e-007,-0.002059059
7.74404e-007,0.001705548
7.74804e-007,0.00594073
7.75204e-007,0.006176018
7.75604e-007,0.002411411
7.76004e-007,-0.002294347
7.76404e-007,-0.004647226
7.76804e-007,-0.002059059
7.77204e-007,0.001705548
7.77604e-007,0.003117275
7.78004e-007,0.001940835
7.78404e-007,-0.0001767558
7.78804e-007,-0.0004120437
7.79204e-007,0.002411411
7.79604e-007,0.004058427
7.80004e-007,0.003352563
7.80404e-007,-0.0006473316
7.80804e-007,-0.003235499
7.81204e-007,-0.001823771
7.81604e-007,0.001234972
7.82004e-007,0.003352563
7.82404e-007,0.002411411
7.82804e-007,0.00029382
7.83204e-007,-0.001353195
7.83604e-007,-0.001117907
7.84004e-007,0.0009996838
7.84404e-007,0.00147026
7.84804e-007,0.0009996838
7.85204e-007,0.00029382
7.85604e-007,0.0005291079
7.86004e-007,0.00147026
7.86404e-007,0.001234972
7.86804e-007,-0.0001767558
7.87204e-007,-0.001117907
7.87604e-007,-0.001823771
7.88004e-007,-0.001588483
7.88404e-007,-0.0006473316
7.88804e-007,-0.0001767558
7.89204e-007,0.0009996838
7.89604e-007,0.002176123
7.90004e-007,0.002176123
7.90404e-007,0.0007643959
7.90804e-007,-0.001823771
7.91204e-007,-0.002294347
7.91604e-007,-0.0006473316
7.92004e-007,0.001940835
7.92404e-007,0.004058427
7.92804e-007,0.003823139
7.93204e-007,0.001705548
7.93604e-007,-0.0004120437
7.94004e-007,-0.001588483
7.94404e-007,-0.0008826196
7.94804e-007,0.001705548
7.95204e-007,0.003587851
7.95604e-007,0.004293715
7.96004e-007,0.002881987
7.96404e-007,-0.0006473316
7.96804e-007,-0.002294347
7.97204e-007,-0.001823771
7.97604e-007,0.0009996838
7.98004e-007,0.002646699
7.98404e-007,0.002646699
7.98804e-007,0.0009996838
7.99204e-007,-0.001117907
7.99604e-007,-0.0008826196
8.00004e-007,0.0009996838
8.00404e-007,0.003117275
8.00804e-007,0.002881987
8.01204e-007,-0.0001767558
8.01604e-007,-0.002529635
8.02004e-007,-0.002529635
8.02404e-007,-0.0001767558
8.02804e-007,0.001940835
8.03204e-007,0.003117275
8.03604e-007,0.003117275
8.04004e-007,0.001705548
8.04404e-007,-0.0001767558
8.04804e-007,-0.001588483
8.05204e-007,-0.001588483
8.05604e-007,-0.001353195
8.06004e-007,-0.0004120437
8.06404e-007,0.001234972
8.06804e-007,0.002411411
8.07204e-007,0.002646699
8.07604e-007,0.002411411
8.08004e-007,0.0007643959
8.08404e-007,-0.0001767558
8.08804e-007,-0.0004120437
8.09204e-007,-0.0004120437
8.09604e-007,-0.0004120437
8.10004e-007,0.00029382
8.10404e-007,0.001234972
8.10804e-007,0.001234972
8.11204e-007,0.0009996838
8.11604e-007,-0.0004120437
8.12004e-007,-0.001823771
8.12404e-007,-0.001117907
8.12804e-007,0.001234972
8.13204e-007,0.003823139
8.13604e-007,0.00476429
8.14004e-007,0.003117275
8.14404e-007,-0.0001767558
8.14804e-007,-0.002059059
8.15204e-007,-0.002294347
8.15604e-007,-0.0006473316
8.16004e-007,0.002411411
8.16404e-007,0.002646699
8.16804e-007,0.001234972
8.17204e-007,0.0007643959
8.17604e-007,0.001705548
8.18004e-007,0.002646699
8.18404e-007,0.001940835
8.18804e-007,0.001234972
8.19204e-007,0.0009996838
8.19604e-007,0.0009996838
8.20004e-007,0.0009996838
8.20404e-007,0.0007643959
8.20804e-007,0.00029382
8.21204e-007,0.0005291079
8.21604e-007,0.002176123
8.22004e-007,0.003117275
8.22404e-007,0.0007643959
8.22804e-007,-0.002294347
8.23204e-007,-0.005588378
8.23604e-007,-0.005823666
8.24004e-007,-0.002294347
8.24404e-007,0.001234972
8.24804e-007,0.002176123
8.25204e-007,0.00147026
8.25604e-007,0.001234972
8.26004e-007,0.0007643959
8.26404e-007,0.001234972
8.26804e-007,0.002176123
8.27204e-007,0.002176123
8.27604e-007,0.00029382
8.28004e-007,-0.0008826196
8.28404e-007,-0.001117907
8.28804e-007,-0.0008826196
8.29204e-007,0.00029382
8.29604e-007,0.00147026
8.30004e-007,0.001234972
8.30404e-007,0.00147026
8.30804e-007,0.0009996838
8.31204e-007,0.001705548
8.31604e-007,0.002646699
8.32004e-007,0.002176123
8.32404e-007,0.0009996838
8.32804e-007,-0.0001767558
8.33204e-007,-0.002059059
8.33604e-007,-0.002294347
8.34004e-007,-0.001353195
8.34404e-007,0.0007643959
8.34804e-007,0.003823139
8.35204e-007,0.004999578
8.35604e-007,0.00476429
8.36004e-007,0.003823139
8.36404e-007,0.00147026
8.36804e-007,-0.0004120437
8.37204e-007,-0.0006473316
8.37604e-007,5.85321e-005
8.38004e-007,0.002411411
8.38404e-007,0.004058427
8.38804e-007,0.002646699
8.39204e-007,-0.0001767558
8.39604e-007,-0.002529635
8.40004e-007,-0.003235499
8.40404e-007,-0.001117907
8.40804e-007,0.002411411
8.41204e-007,0.003352563
8.41604e-007,0.001705548
8.42004e-007,-0.0006473316
8.42404e-007,-0.002294347
8.42804e-007,-0.001353195
8.43204e-007,0.001234972
8.43604e-007,0.004529003
8.44004e-007,0.005234866
8.44404e-007,0.001940835
8.44804e-007,-0.002059059
8.45204e-007,-0.003706075
8.45604e-007,-0.002529635
8.46004e-007,0.001234972
8.46404e-007,0.004293715
8.46804e-007,0.00476429
8.47204e-007,0.003823139
8.47604e-007,0.002176123
8.48004e-007,0.001234972
8.48404e-007,0.00147026
8.48804e-007,0.0005291079
8.49204e-007,-0.0004120437
8.49604e-007,-0.001117907
8.50004e-007,-0.0001767558
8.50404e-007,0.001234972
8.50804e-007,0.002411411
8.51204e-007,0.002176123
8.51604e-007,0.001940835
8.52004e-007,0.0009996838
8.52404e-007,-0.0004120437
8.52804e-007,-0.0008826196
8.53204e-007,-0.0008826196
8.53604e-007,-0.0001767558
8.54004e-007,0.0009996838
8.54404e-007,0.002176123
8.54804e-007,0.003823139
8.55204e-007,0.00476429
8.55604e-007,0.003823139
8.56004e-007,0.001705548
8.56404e-007,-0.0008826196
8.56804e-007,-0.003235499
8.57204e-007,-0.003235499
8.57604e-007,-0.0004120437
8.58004e-007,0.002646699
8.58404e-007,0.003117275
8.58804e-007,0.0009996838
8.59204e-007,-0.001117907
8.59604e-007,-0.001117907
8.60004e-007,0.001940835
8.60404e-007,0.003117275
8.60804e-007,0.00147026
8.61204e-007,-0.002294347
8.61604e-007,-0.00417665
8.62004e-007,-0.003706075
8.62404e-007,-0.001353195
8.62804e-007,0.0005291079
8.63204e-007,-0.0001767558
8.63604e-007,-0.001117907
8.64004e-007,-0.0008826196
8.64404e-007,0.00029382
8.64804e-007,0.001705548
8.65204e-007,0.001705548
8.65604e-007,-0.0001767558
8.66004e-007,-0.002059059
8.66404e-007,-0.002059059
8.66804e-007,-0.0006473316
8.67204e-007,0.00147026
8.67604e-007,0.002646699
8.68004e-007,0.00147026
8.68404e-007,-0.0006473316
8.68804e-007,-0.001117907
8.69204e-007,-0.0001767558
8.69604e-007,0.001940835
8.70004e-007,0.003352563
8.70404e-007,0.003587851
8.70804e-007,0.001705548
8.71204e-007,-0.0004120437
8.71604e-007,-0.0008826196
8.72004e-007,-0.0008826196
8.72404e-007,-0.001353195
8.72804e-007,-0.001588483
8.73204e-007,-0.001353195
8.73604e-007,-0.001588483
8.74004e-007,-0.001117907
8.74404e-007,5.85321e-005
8.74804e-007,-0.0001767558
8.75204e-007,-0.0001767558
8.75604e-007,0.00147026
8.76004e-007,0.002881987
8.76404e-007,0.002176123
8.76804e-007,0.00029382
8.77204e-007,-0.002059059
8.77604e-007,-0.002294347
8.78004e-007,-0.0006473316
8.78404e-007,0.001234972
8.78804e-007,0.00147026
8.79204e-007,0.0005291079
8.79604e-007,-0.0001767558
8.80004e-007,0.00147026
8.80404e-007,0.003587851
8.80804e-007,0.003823139
8.81204e-007,0.0009996838
8.81604e-007,-0.001823771
8.82004e-007,-0.001117907
8.82404e-007,0.001234972
8.82804e-007,0.003117275
8.83204e-007,0.003117275
8.83604e-007,-0.0001767558
8.84004e-007,-0.003941362
8.84404e-007,-0.003470787
8.84804e-007,-0.0004120437
8.85204e-007,0.002646699
8.85604e-007,0.004058427
8.86004e-007,0.002411411
8.86404e-007,0.0005291079
8.86804e-007,0.00029382
8.87204e-007,0.001705548
8.87604e-007,0.001705548
8.88004e-007,5.85321e-005
8.88404e-007,-0.002059059
8.88804e-007,-0.003235499
8.89204e-007,-0.001353195
8.89604e-007,0.002176123
8.90004e-007,0.003823139
8.90404e-007,0.002881987
8.90804e-007,0.0005291079
8.91204e-007,-0.001117907
8.91604e-007,-0.001117907
8.92004e-007,0.00029382
8.92404e-007,0.0009996838
8.92804e-007,0.00029382
8.93204e-007,-0.001117907
8.93604e-007,-0.001353195
8.94004e-007,-0.0004120437
8.94404e-007,0.00029382
8.94804e-007,0.0005291079
8.95204e-007,0.001234972
8.95604e-007,0.002176123
8.96004e-007,0.003117275
8.96404e-007,0.002881987
8.96804e-007,0.00147026
8.97204e-007,-0.0006473316
8.97604e-007,-0.002529635
8.98004e-007,-0.003235499
8.98404e-007,-0.0008826196
8.98804e-007,0.001940835
8.99204e-007,0.003352563
8.99604e-007,0.003117275
9.00004e-007,0.0007643959
9.00404e-007,-0.001823771
9.00804e-007,-0.002294347
9.01204e-007,-0.0001767558
9.01604e-007,0.001705548
9.02004e-007,0.002411411
9.02404e-007,0.001940835
9.02804e-007,-0.0001767558
9.03204e-007,-0.0001767558
9.03604e-007,0.001705548
9.04004e-007,0.004058427
9.04404e-007,0.004293715
9.04804e-007,0.001940835
9.05204e-007,-0.001353195
9.05604e-007,-0.002764923
9.06004e-007,-0.001588483
9.06404e-007,0.0007643959
9.06804e-007,0.002176123
9.07204e-007,0.001940835
9.07604e-007,0.0009996838
9.08004e-007,0.0009996838
9.08404e-007,0.003352563
9.08804e-007,0.005234866
9.09204e-007,0.004293715
9.09604e-007,0.0009996838
9.10004e-007,-0.001588483
9.10404e-007,-0.0008826196
9.10804e-007,0.0005291079
9.11204e-007,0.002176123
9.11604e-007,0.001234972
9.12004e-007,-0.0006473316
9.12404e-007,-0.002059059
9.12804e-007,-0.001353195
9.13204e-007,-0.0006473316
9.13604e-007,-0.0004120437
9.14004e-007,5.85321e-005
9.14404e-007,0.00029382
9.14804e-007,0.001940835
9.15204e-007,0.001705548
9.15604e-007,0.00029382
9.16004e-007,-0.001588483
9.16404e-007,-0.002294347
9.16804e-007,-0.0004120437
9.17204e-007,0.001940835
9.17604e-007,0.003587851
9.18004e-007,0.002646699
9.18404e-007,5.85321e-005
9.18804e-007,-0.002294347
9.19204e-007,-0.002529635
9.19604e-007,-0.0008826196
9.20004e-007,0.0005291079
9.20404e-007,0.002646699
9.20804e-007,0.001940835
9.21204e-007,5.85321e-005
9.21604e-007,5.85321e-005
9.22004e-007,0.001940835
9.22404e-007,0.003117275
9.22804e-007,0.002176123
9.23204e-007,-0.0006473316
9.23604e-007,-0.003470787
9.24004e-007,-0.002529635
9.24404e-007,0.0005291079
9.24804e-007,0.004058427
9.25204e-007,0.004293715
9.25604e-007,0.001705548
9.26004e-007,-0.001117907
9.26404e-007,-0.001353195
9.26804e-007,0.0009996838
9.27204e-007,0.002176123
9.27604e-007,0.0009996838
9.28004e-007,-0.002059059
9.28404e-007,-0.002764923
9.28804e-007,-0.001117907
9.29204e-007,0.002176123
9.29604e-007,0.00476429
9.30004e-007,0.003352563
9.30404e-007,-0.0008826196
9.30804e-007,-0.003000211
9.31204e-007,-0.001588483
9.31604e-007,0.00147026
9.32004e-007,0.002646699
9.32404e-007,0.001705548
9.32804e-007,-0.0008826196
9.33204e-007,-0.001117907
9.33604e-007,0.00029382
9.34004e-007,0.002176123
9.34404e-007,0.002881987
9.34804e-007,0.0007643959
9.35204e-007,-0.001588483
9.35604e-007,-0.001823771
9.36004e-007,0.0005291079
9.36404e-007,0.002881987
9.36804e-007,0.002646699
9.37204e-007,0.0005291079
9.37604e-007,-0.0008826196
9.38004e-007,-0.0006473316
9.38404e-007,0.0009996838
9.38804e-007,0.002411411
9.39204e-007,0.001705548
9.39604e-007,-0.0006473316
9.40004e-007,-0.002294347
9.40404e-007,-0.002059059
9.40804e-007,-0.0001767558
9.41204e-007,0.001940835
9.41604e-007,0.002881987
9.42004e-007,0.001705548
9.42404e-007,-0.0004120437
9.42804e-007,-0.002059059
9.43204e-007,-0.001353195
9.43604e-007,5.85321e-005
9.44004e-007,0.00147026
9.44404e-007,0.002176123
9.44804e-007,0.002411411
9.45204e-007,0.002646699
9.45604e-007,0.001705548
9.46004e-007,0.00029382
9.46404e-007,-0.001823771
9.46804e-007,-0.003470787
9.47204e-007,-0.003470787
9.47604e-007,-0.001588483
9.48004e-007,0.0007643959
9.48404e-007,0.001705548
9.48804e-007,0.001705548
9.49204e-007,0.0007643959
9.49604e-007,0.00147026
9.50004e-007,0.002646699
9.50404e-007,0.003117275
9.50804e-007,0.003352563
9.51204e-007,0.001705548
9.51604e-007,-0.002764923
9.52004e-007,-0.003941362
9.52404e-007,-0.002764923
9.52804e-007,5.85321e-005
9.53204e-007,0.001940835
9.53604e-007,0.001705548
9.54004e-007,0.00029382
9.54404e-007,-0.001117907
9.54804e-007,-0.0006473316
9.55204e-007,-0.0001767558
9.55604e-007,0.0009996838
9.56004e-007,0.0007643959
9.56404e-007,-0.0006473316
9.56804e-007,0.00029382
9.57204e-007,5.85321e-005
9.57604e-007,-0.001588483
9.58004e-007,-0.002059059
9.58404e-007,-0.0004120437
9.58804e-007,0.001940835
9.59204e-007,0.004058427
9.59604e-007,0.003587851
9.60004e-007,0.00029382
9.60404e-007,-0.002529635
9.60804e-007,-0.001353195
9.61204e-007,0.002411411
9.61604e-007,0.004529003
9.62004e-007,0.002881987
9.62404e-007,-0.0001767558
9.62804e-007,-0.001823771
9.63204e-007,-0.001117907
9.63604e-007,0.0007643959
9.64004e-007,0.003587851
9.64404e-007,0.003352563
9.64804e-007,0.001234972
9.65204e-007,-0.0008826196
9.65604e-007,-0.001588483
9.66004e-007,-0.002059059
9.66404e-007,-0.002764923
9.66804e-007,-0.003706075
9.67204e-007,-0.001823771
9.67604e-007,0.00147026
9.68004e-007,0.003587851
9.68404e-007,0.002881987
9.68804e-007,5.85321e-005
9.69204e-007,-0.003235499
9.69604e-007,-0.002764923
9.70004e-007,5.85321e-005
9.70404e-007,0.002411411
9.70804e-007,0.002176123
9.71204e-007,0.0005291079
9.71604e-007,-0.001353195
9.72004e-007,-0.001353195
9.72404e-007,0.0007643959
9.72804e-007,0.002646699
9.73204e-007,0.001940835
9.73604e-007,0.0009996838
9.74004e-007,-0.0001767558
9.74404e-007,-0.001588483
9.74804e-007,-0.001588483
9.75204e-007,5.85321e-005
9.75604e-007,0.001705548
9.76004e-007,0.002176123
9.76404e-007,0.001705548
9.76804e-007,0.001234972
9.77204e-007,0.001234972
9.77604e-007,0.002646699
9.78004e-007,0.004058427
9.78404e-007,0.003587851
9.78804e-007,0.0009996838
9.79204e-007,-0.002294347
9.79604e-007,-0.00417665
9.80004e-007,-0.002294347
9.80404e-007,0.001940835
9.80804e-007,0.00594073
9.81204e-007,0.00711717
9.81604e-007,0.004529003
9.82004e-007,5.85321e-005
9.82404e-007,-0.002529635
9.82804e-007,-0.002294347
9.83204e-007,0.0005291079
9.83604e-007,0.002881987
9.84004e-007,0.002881987
9.84404e-007,0.001234972
9.84804e-007,-0.0006473316
9.85204e-007,-0.0006473316
9.85604e-007,0.001705548
9.86004e-007,0.003352563
9.86404e-007,0.002176123
9.86804e-007,-0.0008826196
9.87204e-007,-0.003000211
9.87604e-007,-0.003000211
9.88004e-007,-0.0008826196
9.88404e-007,0.00147026
9.88804e-007,0.00147026
9.89204e-007,-0.0001767558
9.89604e-007,-0.001353195
9.90004e-007,-0.001823771
9.90404e-007,0.00029382
9.90804e-007,0.001940835
9.91204e-007,0.002411411
9.91604e-007,0.001705548
9.92004e-007,-0.0004120437
9.92404e-007,-0.002059059
9.92804e-007,-0.001823771
9.93204e-007,5.85321e-005
9.93604e-007,0.002646699
9.94004e-007,0.003823139
9.94404e-007,0.003352563
9.94804e-007,0.0005291079
9.95204e-007,-0.001588483
9.95604e-007,-0.002764923
9.96004e-007,-0.001823771
9.96404e-007,0.00147026
9.96804e-007,0.003587851
9.97204e-007,0.003352563
9.97604e-007,0.0009996838
9.98004e-007,-0.001823771
9.98404e-007,-0.001117907
9.98804e-007,0.002411411
9.99204e-007,0.005234866
9.99604e-007,0.004529003
1.000004e-006,-0.0004120437
1.000404e-006,-0.00535309
1.000804e-006,-0.006294242
1.001204e-006,-0.003470787
1.001604e-006,0.001705548
1.002004e-006,0.005705442
1.002404e-006,0.005470154
1.002804e-006,0.002411411
1.003204e-006,-0.0006473316
1.003604e-006,-0.002764923
1.004004e-006,-0.003000211
1.004404e-006,0.0009996838
1.004804e-006,0.004999578
1.005204e-006,0.006411306
1.005604e-006,0.004058427
1.006004e-006,0.0009996838
1.006404e-006,-0.001117907
1.006804e-006,-0.0006473316
1.007204e-006,0.001940835
1.007604e-006,0.002881987
1.008004e-006,0.002411411
1.008404e-006,0.00029382
1.008804e-006,-0.0008826196
1.009204e-006,-0.0004120437
1.009604e-006,-0.0001767558
1.010004e-006,-0.0006473316
1.010404e-006,-0.001353195
1.010804e-006,-0.001353195
1.011204e-006,-0.0006473316
1.011604e-006,0.0009996838
1.012004e-006,0.001234972
1.012404e-006,0.0007643959
1.012804e-006,0.0007643959
1.013204e-006,0.001234972
1.013604e-006,0.00147026
1.014004e-006,0.00147026
1.014404e-006,0.0005291079
1.014804e-006,0.00147026
1.015204e-006,0.003117275
1.015604e-006,0.003352563
1.016004e-006,0.002176123
1.016404e-006,0.00029382
1.016804e-006,-0.0004120437
1.017204e-006,0.001234972
1.017604e-006,0.003117275
1.018004e-006,0.002646699
1.018404e-006,0.0005291079
1.018804e-006,-0.001353195
1.019204e-006,-0.003235499
1.019604e-006,-0.003235499
1.020004e-006,-0.001588483
1.020404e-006,-0.0006473316
1.020804e-006,0.001234972
1.021204e-006,0.003117275
1.021604e-006,0.003352563
1.022004e-006,0.002411411
1.022404e-006,0.0005291079
1.022804e-006,-0.001588483
1.023204e-006,-0.002059059
1.023604e-006,-0.001117907
1.024004e-006,0.0005291079
1.024404e-006,0.0009996838
1.024804e-006,-0.001117907
1.025204e-006,-0.002294347
1.025604e-006,-0.001117907
1.026004e-006,0.0009996838
1.026404e-006,0.002881987
1.026804e-006,0.003117275
1.027204e-006,0.001705548
1.027604e-006,5.85321e-005
1.028004e-006,-0.001353195
1.028404e-006,-0.001588483
1.028804e-006,-0.0004120437
1.029204e-006,0.0005291079
1.029604e-006,0.00029382
1.030004e-006,0.00029382
1.030404e-006,5.85321e-005
1.030804e-006,0.0005291079
1.031204e-006,0.001234972
1.031604e-006,0.0007643959
1.032004e-006,0.0005291079
1.032404e-006,0.00029382
1.032804e-006,0.0005291079
1.033204e-006,0.00147026
1.033604e-006,0.003117275
1.034004e-006,0.002411411
1.034404e-006,0.0009996838
1.034804e-006,-0.0001767558
1.035204e-006,-0.0006473316
1.035604e-006,0.0009996838
1.036004e-006,0.003117275
1.036404e-006,0.003823139
1.036804e-006,0.001940835
1.037204e-006,-0.001823771
1.037604e-006,-0.00417665
1.038004e-006,-0.003470787
1.038404e-006,5.85321e-005
1.038804e-006,0.003117275
1.039204e-006,0.003117275
1.039604e-006,0.0009996838
1.040004e-006,-0.001117907
1.040404e-006,-0.002294347
1.040804e-006,-0.001353195
1.041204e-006,-0.0001767558
1.041604e-006,0.0007643959
1.042004e-006,0.00029382
1.042404e-006,-0.0001767558
1.042804e-006,5.85321e-005
1.043204e-006,0.0009996838
1.043604e-006,-0.0001767558
1.044004e-006,5.85321e-005
1.044404e-006,0.002176123
1.044804e-006,0.002881987
1.045204e-006,0.002411411
1.045604e-006,0.00029382
1.046004e-006,-0.001353195
1.046404e-006,-0.001588483
1.046804e-006,0.0009996838
1.047204e-006,0.002411411
1.047604e-006,0.001705548
1.048004e-006,-0.0001767558
1.048404e-006,-0.001353195
1.048804e-006,-0.0001767558
1.049204e-006,0.00147026
1.049604e-006,0.00147026
1.050004e-006,-0.0006473316
1.050404e-006,-0.001117907
1.050804e-006,0.0007643959
1.051204e-006,0.003823139
1.051604e-006,0.005234866
1.052004e-006,0.00476429
1.052404e-006,-0.0001767558
1.052804e-006,-0.003941362
1.053204e-006,-0.002059059
1.053604e-006,0.001940835
1.054004e-006,0.003823139
1.054404e-006,0.003352563
1.054804e-006,0.0007643959
1.055204e-006,-0.002764923
1.055604e-006,-0.003000211
1.056004e-006,-0.0008826196
1.056404e-006,0.0009996838
1.056804e-006,0.001940835
1.057204e-006,0.001705548
1.057604e-006,0.0009996838
1.058004e-006,0.0009996838
1.058404e-006,0.001234972
1.058804e-006,0.001234972
1.059204e-006,0.00147026
1.059604e-006,0.001705548
1.060004e-006,0.002176123
1.060404e-006,0.002881987
1.060804e-006,0.002881987
1.061204e-006,0.001940835
1.061604e-006,0.0005291079
1.062004e-006,-0.0001767558
1.062404e-006,-0.0008826196
1.062804e-006,-0.0008826196
1.063204e-006,-0.0004120437
1.063604e-006,0.0009996838
1.064004e-006,0.002646699
1.064404e-006,0.002646699
1.064804e-006,0.001705548
1.065204e-006,0.0007643959
1.065604e-006,-0.0006473316
1.066004e-006,-0.0006473316
1.066404e-006,0.001705548
1.066804e-006,0.002646699
1.067204e-006,0.001234972
1.067604e-006,-0.0004120437
1.068004e-006,-0.001117907
1.068404e-006,-0.001117907
1.068804e-006,5.85321e-005
1.069204e-006,0.001705548
1.069604e-006,0.003117275
1.070004e-006,0.003117275
1.070404e-006,0.001940835
1.070804e-006,0.0005291079
1.071204e-006,-0.0006473316
1.071604e-006,-0.001353195
1.072004e-006,-0.002294347
1.072404e-006,-0.001353195
1.072804e-006,-0.0006473316
1.073204e-006,-0.0004120437
1.073604e-006,-0.0004120437
1.074004e-006,-0.0006473316
1.074404e-006,-0.0008826196
1.074804e-006,-0.0001767558
1.075204e-006,0.00147026
1.075604e-006,0.001940835
1.076004e-006,0.001234972
1.076404e-006,-0.0006473316
1.076804e-006,-0.001117907
1.077204e-006,-0.0008826196
1.077604e-006,0.0009996838
1.078004e-006,0.002881987
1.078404e-006,0.002176123
1.078804e-006,0.001234972
1.079204e-006,-0.0001767558
1.079604e-006,-0.001823771
1.080004e-006,-0.002059059
1.080404e-006,0.00029382
1.080804e-006,0.00147026
1.081204e-006,0.001234972
1.081604e-006,0.0005291079
1.082004e-006,0.0007643959
1.082404e-006,0.001940835
1.082804e-006,0.002411411
1.083204e-006,0.002411411
1.083604e-006,0.00147026
1.084004e-006,-0.0008826196
1.084404e-006,-0.002529635
1.084804e-006,-0.001117907
1.085204e-006,0.0005291079
1.085604e-006,0.0007643959
1.086004e-006,0.0009996838
1.086404e-006,0.0009996838
1.086804e-006,0.00147026
1.087204e-006,0.001940835
1.087604e-006,0.002176123
1.088004e-006,0.002176123
1.088404e-006,0.001705548
1.088804e-006,0.00147026
1.089204e-006,0.0009996838
1.089604e-006,0.0005291079
1.090004e-006,0.0005291079
1.090404e-006,0.001705548
1.090804e-006,0.001940835
1.091204e-006,0.0005291079
1.091604e-006,-0.001823771
1.092004e-006,-0.004882514
1.092404e-006,-0.004647226
1.092804e-006,-0.0001767558
1.093204e-006,0.004293715
1.093604e-006,0.00594073
1.094004e-006,0.004529003
1.094404e-006,0.001705548
1.094804e-006,-0.0001767558
1.095204e-006,5.85321e-005
1.095604e-006,-0.0008826196
1.096004e-006,-0.003706075
1.096404e-006,-0.00535309
1.096804e-006,-0.003235499
1.097204e-006,0.001234972
1.097604e-006,0.005470154
1.098004e-006,0.00594073
1.098404e-006,0.002646699
1.098804e-006,-0.001117907
1.099204e-006,-0.003470787
1.099604e-006,-0.002764923
1.100004e-006,5.85321e-005
1.100404e-006,0.001940835
1.100804e-006,0.002881987
1.101204e-006,0.001940835
1.101604e-006,-0.0001767558
1.102004e-006,-0.002294347
1.102404e-006,-0.002059059
1.102804e-006,-0.001117907
1.103204e-006,0.0007643959
1.103604e-006,0.0009996838
1.104004e-006,-0.0004120437
1.104404e-006,-0.001353195
1.104804e-006,-0.001823771
1.105204e-006,-0.001588483
1.105604e-006,0.00029382
1.106004e-006,0.001940835
1.106404e-006,0.003587851
1.106804e-006,0.003823139
1.107204e-006,0.001234972
1.107604e-006,-0.001823771
1.108004e-006,-0.002764923
1.108404e-006,-0.002529635
1.108804e-006,-0.0006473316
1.109204e-006,0.001234972
1.109604e-006,0.002411411
1.110004e-006,0.00147026
1.110404e-006,-0.0001767558
1.110804e-006,-0.001823771
1.111204e-006,-0.002294347
1.111604e-006,-0.001823771
1.112004e-006,5.85321e-005
1.112404e-006,0.002646699
1.112804e-006,0.002646699
1.113204e-006,0.001940835
1.113604e-006,0.001705548
1.114004e-006,0.0005291079
1.114404e-006,0.00029382
1.114804e-006,0.0009996838
1.115204e-006,5.85321e-005
1.115604e-006,-0.0008826196
1.116004e-006,-0.0004120437
1.116404e-006,-0.0001767558
1.116804e-006,-0.0001767558
1.117204e-006,-0.001117907
1.117604e-006,-0.0006473316
1.118004e-006,0.0005291079
1.118404e-006,0.003117275
1.118804e-006,0.004058427
1.119204e-006,0.00147026
1.119604e-006,-0.001823771
1.120004e-006,-0.003470787
1.120404e-006,-0.002764923
1.120804e-006,-0.0001767558
1.121204e-006,0.002881987
1.121604e-006,0.003587851
1.122004e-006,0.00147026
1.122404e-006,-0.0006473316
1.122804e-006,-0.001353195
1.123204e-006,-0.001353195
1.123604e-006,-0.0004120437
1.124004e-006,-0.0001767558
1.124404e-006,-0.0001767558
1.124804e-006,0.0007643959
1.125204e-006,0.001705548
1.125604e-006,0.0009996838
1.126004e-006,-0.001353195
1.126404e-006,-0.002059059
1.126804e-006,-0.002529635
1.127204e-006,-0.001588483
1.127604e-006,0.0009996838
1.128004e-006,0.002411411
1.128404e-006,0.001705548
1.128804e-006,0.00029382
1.129204e-006,-0.001823771
1.129604e-006,-0.001588483
1.130004e-006,0.0009996838
1.130404e-006,0.004058427
1.130804e-006,0.004529003
1.131204e-006,0.001705548
1.131604e-006,-0.001117907
1.132004e-006,-0.002059059
1.132404e-006,-0.0001767558
1.132804e-006,0.002176123
1.133204e-006,0.002176123
1.133604e-006,0.0005291079
1.134004e-006,-0.0006473316
1.134404e-006,5.85321e-005
1.134804e-006,0.001705548
1.135204e-006,0.002646699
1.135604e-006,0.00147026
1.136004e-006,0.00029382
1.136404e-006,0.00029382
1.136804e-006,0.001705548
1.137204e-006,0.002881987
1.137604e-006,0.001940835
1.138004e-006,-0.0006473316
1.138404e-006,-0.002529635
1.138804e-006,-0.002059059
1.139204e-006,5.85321e-005
1.139604e-006,0.0009996838
1.140004e-006,0.0009996838
1.140404e-006,-0.0001767558
1.140804e-006,-0.002059059
1.141204e-006,-0.002764923
1.141604e-006,-0.001117907
1.142004e-006,0.00147026
1.142404e-006,0.002646699
1.142804e-006,0.002176123
1.143204e-006,0.001234972
1.143604e-006,-0.0006473316
1.144004e-006,-0.002294347
1.144404e-006,-0.002059059
1.144804e-006,-0.0004120437
1.145204e-006,0.002176123
1.145604e-006,0.003587851
1.146004e-006,0.002176123
1.146404e-006,-0.0001767558
1.146804e-006,-0.001353195
1.147204e-006,-0.002059059
1.147604e-006,-0.0008826196
1.148004e-006,0.001705548
1.148404e-006,0.002176123
1.148804e-006,0.0009996838
1.149204e-006,-0.0001767558
1.149604e-006,-0.0001767558
1.150004e-006,0.0007643959
1.150404e-006,5.85321e-005
1.150804e-006,-0.002294347
1.151204e-006,-0.002059059
1.151604e-006,-0.0004120437
1.152004e-006,0.002646699
1.152404e-006,0.004999578
1.152804e-006,0.004058427
1.153204e-006,0.001940835
1.153604e-006,-0.0001767558
1.154004e-006,-0.001588483
1.154404e-006,-0.0006473316
1.154804e-006,0.00029382
1.155204e-006,5.85321e-005
1.155604e-006,-0.001117907
1.156004e-006,-0.001588483
1.156404e-006,-0.001588483
1.156804e-006,-0.001117907
1.157204e-006,0.00029382
1.157604e-006,0.001705548
1.158004e-006,0.002881987
1.158404e-006,0.002176123
1.158804e-006,-0.0004120437
1.159204e-006,-0.004411938
1.159604e-006,-0.005588378
1.160004e-006,-0.002529635
1.160404e-006,0.00147026
1.160804e-006,0.003117275
1.161204e-006,0.002176123
1.161604e-006,-0.0006473316
1.162004e-006,-0.002764923
1.162404e-006,-0.002059059
1.162804e-006,5.85321e-005
1.163204e-006,0.002646699
1.163604e-006,0.003823139
1.164004e-006,0.001940835
1.164404e-006,-0.001588483
1.164804e-006,-0.003706075
1.165204e-006,-0.003000211
1.165604e-006,-0.001588483
1.166004e-006,5.85321e-005
1.166404e-006,0.001234972
1.166804e-006,0.0009996838
1.167204e-006,-0.001117907
1.167604e-006,-0.001117907
1.168004e-006,0.0007643959
1.168404e-006,0.003117275
1.168804e-006,0.005234866
1.169204e-006,0.003352563
1.169604e-006,5.85321e-005
1.170004e-006,-0.003000211
1.170404e-006,-0.004647226
1.170804e-006,-0.002059059
1.171204e-006,0.001234972
1.171604e-006,0.002176123
1.172004e-006,0.001940835
1.172404e-006,0.0007643959
1.172804e-006,5.85321e-005
1.173204e-006,0.0005291079
1.173604e-006,0.002646699
1.174004e-006,0.003823139
1.174404e-006,0.002646699
1.174804e-006,5.85321e-005
1.175204e-006,-0.001588483
1.175604e-006,-0.0006473316
1.176004e-006,0.0009996838
1.176404e-006,0.002881987
1.176804e-006,0.003117275
1.177204e-006,0.0005291079
1.177604e-006,-0.0006473316
1.178004e-006,-0.0004120437
1.178404e-006,0.00029382
1.178804e-006,0.0007643959
1.179204e-006,-0.0004120437
1.179604e-006,-0.002059059
1.180004e-006,-0.001823771
1.180404e-006,0.00029382
1.180804e-006,0.002881987
1.181204e-006,0.004058427
1.181604e-006,0.004058427
1.182004e-006,0.001940835
1.182404e-006,-0.0001767558
1.182804e-006,-0.001117907
1.183204e-006,-0.002294347
1.183604e-006,-0.002294347
1.184004e-006,-0.001117907
1.184404e-006,0.00029382
1.184804e-006,0.00147026
1.185204e-006,0.00147026
1.185604e-006,0.0007643959
1.186004e-006,-0.0004120437
1.186404e-006,-0.001588483
1.186804e-006,-0.0004120437
1.187204e-006,0.001940835
1.187604e-006,0.004058427
1.188004e-006,0.004293715
1.188404e-006,0.00147026
1.188804e-006,-0.001117907
1.189204e-006,-0.001117907
1.189604e-006,-0.0001767558
1.190004e-006,0.002176123
1.190404e-006,0.003823139
1.190804e-006,0.002646699
1.191204e-006,0.0005291079
1.191604e-006,-0.001117907
1.192004e-006,-0.0004120437
1.192404e-006,0.001234972
1.192804e-006,0.0009996838
1.193204e-006,0.0005291079
1.193604e-006,-0.001588483
1.194004e-006,-0.003000211
1.194404e-006,-0.002294347
1.194804e-006,-0.001117907
1.195204e-006,0.00029382
1.195604e-006,0.001705548
1.196004e-006,0.002176123
1.196404e-006,0.002176123
1.196804e-006,0.0009996838
1.197204e-006,-0.002294347
1.197604e-006,-0.005117802
1.198004e-006,-0.005588378
1.198404e-006,-0.003706075
1.198804e-006,-0.0006473316
1.199204e-006,0.002881987
1.199604e-006,0.00476429
1.200004e-006,0.004058427
1.200404e-006,0.001705548
1.200804e-006,5.85321e-005
1.201204e-006,0.00029382
1.201604e-006,0.0005291079
1.202004e-006,-0.001353195
1.202404e-006,-0.002764923
1.202804e-006,-0.002764923
1.203204e-006,-0.0004120437
1.203604e-006,0.002646699
1.204004e-006,0.003587851
1.204404e-006,0.002881987
1.204804e-006,0.001234972
1.205204e-006,0.00029382
1.205604e-006,0.00029382
1.206004e-006,0.0005291079
1.206404e-006,-0.001353195
1.206804e-006,-0.002294347
1.207204e-006,-0.001823771
1.207604e-006,-0.001117907
1.208004e-006,0.0005291079
1.208404e-006,0.001705548
1.208804e-006,0.0009996838
1.209204e-006,-0.0006473316
1.209604e-006,-0.001117907
1.210004e-006,-0.0008826196
1.210404e-006,0.0005291079
1.210804e-006,0.002411411
1.211204e-006,0.003352563
1.211604e-006,0.003352563
1.212004e-006,0.0009996838
1.212404e-006,-0.001117907
1.212804e-006,-0.002294347
1.213204e-006,-0.002764923
1.213604e-006,-0.0008826196
1.214004e-006,0.002646699
1.214404e-006,0.004293715
1.214804e-006,0.003352563
1.215204e-006,0.0005291079
1.215604e-006,-0.001823771
1.216004e-006,-0.002529635
1.216404e-006,-0.0008826196
1.216804e-006,0.0005291079
1.217204e-006,0.00029382
1.217604e-006,-0.0006473316
1.218004e-006,-0.001353195
1.218404e-006,-0.002059059
1.218804e-006,-0.001117907
1.219204e-006,0.0005291079
1.219604e-006,0.001940835
1.220004e-006,0.002881987
1.220404e-006,0.00147026
1.220804e-006,0.0009996838
1.221204e-006,0.001940835
1.221604e-006,0.00147026
1.222004e-006,0.001705548
1.222404e-006,0.00029382
1.222804e-006,-0.001117907
1.223204e-006,-0.001823771
1.223604e-006,-0.0008826196
1.224004e-006,0.001234972
1.224404e-006,0.002411411
1.224804e-006,0.002411411
1.225204e-006,0.002646699
1.225604e-006,0.002881987
1.226004e-006,0.002881987
1.226404e-006,0.002176123
1.226804e-006,0.0009996838
1.227204e-006,-0.0004120437
1.227604e-006,-0.001353195
1.228004e-006,-0.001823771
1.228404e-006,-0.001353195
1.228804e-006,-0.0006473316
1.229204e-006,5.85321e-005
1.229604e-006,0.0007643959
1.230004e-006,0.0009996838
1.230404e-006,0.0009996838
1.230804e-006,0.0009996838
1.231204e-006,0.00029382
1.231604e-006,-0.001117907
1.232004e-006,-0.001353195
1.232404e-006,-0.0001767558
1.232804e-006,0.0009996838
1.233204e-006,0.001940835
1.233604e-006,0.001705548
1.234004e-006,0.0005291079
1.234404e-006,-0.001823771
1.234804e-006,-0.002529635
1.235204e-006,5.85321e-005
1.235604e-006,0.003823139
1.236004e-006,0.004529003
1.236404e-006,0.002411411
1.236804e-006,-0.001117907
1.237204e-006,-0.003470787
1.237604e-006,-0.002764923
1.238004e-006,0.0005291079
1.238404e-006,0.002881987
1.238804e-006,0.002176123
1.239204e-006,-0.001353195
1.239604e-006,-0.003235499
1.240004e-006,-0.002294347
1.240404e-006,0.00029382
1.240804e-006,0.002176123
1.241204e-006,0.001940835
1.241604e-006,0.0005291079
1.242004e-006,-0.0008826196
1.242404e-006,-0.001117907
1.242804e-006,-0.0001767558
1.243204e-006,-0.0001767558
1.243604e-006,-0.0006473316
1.244004e-006,-0.001117907
1.244404e-006,-0.001588483
1.244804e-006,-0.002529635
1.245204e-006,-0.002294347
1.245604e-006,0.00029382
1.246004e-006,0.002881987
1.246404e-006,0.004293715
1.246804e-006,0.004293715
1.247204e-006,0.00147026
1.247604e-006,0.00029382
1.248004e-006,0.001940835
1.248404e-006,0.003352563
1.248804e-006,0.003352563
1.249204e-006,0.0009996838
1.249604e-006,-0.0008826196
1.250004e-006,-0.0004120437
1.250404e-006,0.0009996838
1.250804e-006,0.002881987
1.251204e-006,0.002646699
1.251604e-006,0.0009996838
1.252004e-006,-0.001117907
1.252404e-006,-0.0008826196
1.252804e-006,-0.0006473316
1.253204e-006,-0.0008826196
1.253604e-006,0.0005291079
1.254004e-006,0.002411411
1.254404e-006,0.00476429
1.254804e-006,0.005470154
1.255204e-006,0.003587851
1.255604e-006,0.0009996838
1.256004e-006,-0.001588483
1.256404e-006,-0.003235499
1.256804e-006,-0.001353195
1.257204e-006,5.85321e-005
1.257604e-006,0.0005291079
1.258004e-006,0.0007643959
1.258404e-006,0.0007643959
1.258804e-006,0.0005291079
1.259204e-006,0.0009996838
1.259604e-006,0.00147026
1.260004e-006,0.00147026
1.260404e-006,0.001940835
1.260804e-006,0.001234972
1.261204e-006,0.0005291079
1.261604e-006,-0.0001767558
1.262004e-006,-0.001823771
1.262404e-006,-0.003235499
1.262804e-006,-0.002529635
1.263204e-006,5.85321e-005
1.263604e-006,0.002411411
1.264004e-006,0.003352563
1.264404e-006,0.002646699
1.264804e-006,-0.0004120437
1.265204e-006,-0.001823771
1.265604e-006,-0.001117907
1.266004e-006,0.002176123
1.266404e-006,0.00594073
1.266804e-006,0.006881882
1.267204e-006,0.004293715
1.267604e-006,-0.0004120437
1.268004e-006,-0.00417665
1.268404e-006,-0.005117802
1.268804e-006,-0.002059059
1.269204e-006,0.0009996838
1.269604e-006,0.002646699
1.270004e-006,0.002881987
1.270404e-006,0.0007643959
1.270804e-006,-0.0006473316
1.271204e-006,0.00029382
1.271604e-006,0.001234972
1.272004e-006,0.001940835
1.272404e-006,0.001940835
1.272804e-006,-0.0004120437
1.273204e-006,-0.001588483
1.273604e-006,-0.002059059
1.274004e-006,-0.0008826196
1.274404e-006,0.00147026
1.274804e-006,0.002881987
1.275204e-006,0.003587851
1.275604e-006,0.001940835
1.276004e-006,5.85321e-005
1.276404e-006,-0.001353195
1.276804e-006,-0.001353195
1.277204e-006,-0.0004120437
1.277604e-006,0.001234972
1.278004e-006,0.002881987
1.278404e-006,0.003117275
1.278804e-006,0.002881987
1.279204e-006,0.001940835
1.279604e-006,0.001234972
1.280004e-006,0.001940835
1.280404e-006,0.00147026
1.280804e-006,-0.0006473316
1.281204e-006,-0.001588483
1.281604e-006,5.85321e-005
1.282004e-006,0.0005291079
1.282404e-006,0.0007643959
1.282804e-006,0.00029382
1.283204e-006,-0.0006473316
1.283604e-006,-0.001117907
1.284004e-006,5.85321e-005
1.284404e-006,0.001705548
1.284804e-006,0.002646699
1.285204e-006,0.001705548
1.285604e-006,0.0005291079
1.286004e-006,0.0009996838
1.286404e-006,0.0005291079
1.286804e-006,-0.001117907
1.287204e-006,-0.003941362
1.287604e-006,-0.005117802
1.288004e-006,-0.002529635
1.288404e-006,0.001705548
1.288804e-006,0.004293715
1.289204e-006,0.002646699
1.289604e-006,-0.0008826196
1.290004e-006,-0.003470787
1.290404e-006,-0.002529635
1.290804e-006,0.0007643959
1.291204e-006,0.003352563
1.291604e-006,0.003117275
1.292004e-006,0.0007643959
1.292404e-006,-0.001353195
1.292804e-006,-0.001353195
1.293204e-006,-0.0008826196
1.293604e-006,-0.001588483
1.294004e-006,-0.002059059
1.294404e-006,-0.0008826196
1.294804e-006,0.001234972
1.295204e-006,0.003352563
1.295604e-006,0.003823139
1.296004e-006,0.001940835
1.296404e-006,5.85321e-005
1.296804e-006,-0.001588483
1.297204e-006,-0.001353195
1.297604e-006,0.00029382
1.298004e-006,0.0009996838
1.298404e-006,0.00029382
1.298804e-006,-0.0001767558
1.299204e-006,5.85321e-005
1.299604e-006,0.0009996838
1.300004e-006,0.002176123
1.300404e-006,0.003117275
1.300804e-006,0.002176123
1.301204e-006,0.001234972
1.301604e-006,0.00029382
1.302004e-006,0.001234972
1.302404e-006,0.002176123
1.302804e-006,0.00147026
1.303204e-006,5.85321e-005
1.303604e-006,-0.001117907
1.304004e-006,-0.0006473316
1.304404e-006,0.00029382
1.304804e-006,0.0005291079
1.305204e-006,5.85321e-005
1.305604e-006,-0.0006473316
1.306004e-006,-0.001117907
1.306404e-006,0.0009996838
1.306804e-006,0.004058427
1.307204e-006,0.005470154
1.307604e-006,0.002881987
1.308004e-006,-0.0006473316
1.308404e-006,-0.002764923
1.308804e-006,-0.002059059
1.309204e-006,5.85321e-005
1.309604e-006,0.001234972
1.310004e-006,-0.0001767558
1.310404e-006,-0.001117907
1.310804e-006,-0.0008826196
1.311204e-006,0.0005291079
1.311604e-006,0.001705548
1.312004e-006,0.00147026
1.312404e-006,0.0007643959
1.312804e-006,0.0005291079
1.313204e-006,-0.0001767558
1.313604e-006,5.85321e-005
1.314004e-006,5.85321e-005
1.314404e-006,-0.0001767558
1.314804e-006,-0.0001767558
1.315204e-006,0.00029382
1.315604e-006,0.0005291079
1.316004e-006,-0.0001767558
1.316404e-006,-0.0006473316
1.316804e-006,0.0009996838
1.317204e-006,0.003117275
1.317604e-006,0.003823139
1.318004e-006,0.002646699
1.318404e-006,0.00029382
1.318804e-006,-0.001117907
1.319204e-006,-0.001353195
1.319604e-006,5.85321e-005
1.320004e-006,0.0007643959
1.320404e-006,-0.0004120437
1.320804e-006,-0.0006473316
1.321204e-006,-0.0006473316
1.321604e-006,-0.001117907
1.322004e-006,-0.0001767558
1.322404e-006,0.002411411
1.322804e-006,0.002881987
1.323204e-006,0.001940835
1.323604e-006,-0.0006473316
1.324004e-006,-0.003470787
1.324404e-006,-0.004411938
1.324804e-006,-0.003000211
1.325204e-006,0.0007643959
1.325604e-006,0.005234866
1.326004e-006,0.006646594
1.326404e-006,0.002881987
1.326804e-006,-0.002529635
1.327204e-006,-0.005117802
1.327604e-006,-0.004411938
1.328004e-006,-0.002059059
1.328404e-006,0.0007643959
1.328804e-006,0.00147026
1.329204e-006,-0.001117907
1.329604e-006,-0.002059059
1.330004e-006,-0.0001767558
1.330404e-006,0.002176123
1.330804e-006,0.003823139
1.331204e-006,0.004058427
1.331604e-006,0.002881987
1.332004e-006,0.001940835
1.332404e-006,5.85321e-005
1.332804e-006,-0.001353195
1.333204e-006,-0.002529635
1.333604e-006,-0.001588483
1.334004e-006,0.002646699
1.334404e-006,0.004293715
1.334804e-006,0.003823139
1.335204e-006,0.001705548
1.335604e-006,-0.0008826196
1.336004e-006,-0.0008826196
1.336404e-006,0.002176123
1.336804e-006,0.003117275
1.337204e-006,0.001940835
1.337604e-006,5.85321e-005
1.338004e-006,-0.001588483
1.338404e-006,-0.002529635
1.338804e-006,-0.002529635
1.339204e-006,-0.001823771
1.339604e-006,-0.0004120437
1.340004e-006,0.00147026
1.340404e-006,0.001705548
1.340804e-006,0.0009996838
1.341204e-006,-0.0008826196
1.341604e-006,-0.001823771
1.342004e-006,-0.0004120437
1.342404e-006,0.003352563
1.342804e-006,0.006881882
1.343204e-006,0.006881882
1.343604e-006,0.003117275
1.344004e-006,-0.001117907
1.344404e-006,-0.003941362
1.344804e-006,-0.00535309
1.345204e-006,-0.00417665
1.345604e-006,-0.001117907
1.346004e-006,0.001234972
1.346404e-006,0.002176123
1.346804e-006,0.001234972
1.347204e-006,-0.0006473316
1.347604e-006,-0.0004120437
1.348004e-006,0.001234972
1.348404e-006,0.001234972
1.348804e-006,0.0007643959
1.349204e-006,0.0005291079
1.349604e-006,0.001234972
1.350004e-006,0.002411411
1.350404e-006,0.003117275
1.350804e-006,0.00147026
1.351204e-006,-0.0004120437
1.351604e-006,-0.002294347
1.352004e-006,-0.002294347
1.352404e-006,-0.0006473316
1.352804e-006,0.0007643959
1.353204e-006,0.0007643959
1.353604e-006,-0.0004120437
1.354004e-006,-0.001117907
1.354404e-006,-0.0004120437
1.354804e-006,0.001234972
1.355204e-006,0.003352563
1.355604e-006,0.002176123
1.356004e-006,-0.0004120437
1.356404e-006,-0.001823771
1.356804e-006,-0.001588483
1.357204e-006,-0.0001767558
1.357604e-006,0.002176123
1.358004e-006,0.004058427
1.358404e-006,0.004058427
1.358804e-006,0.002881987
1.359204e-006,0.002176123
1.359604e-006,0.001705548
1.360004e-006,0.001705548
1.360404e-006,0.003117275
1.360804e-006,0.004058427
1.361204e-006,0.002176123
1.361604e-006,-0.0001767558
1.362004e-006,-0.002059059
1.362404e-006,-0.003000211
1.362804e-006,-0.001117907
1.363204e-006,0.00029382
1.363604e-006,0.0005291079
1.364004e-006,-0.0004120437
1.364404e-006,-0.002059059
1.364804e-006,-0.002059059
1.365204e-006,0.00029382
1.365604e-006,0.003117275
1.366004e-006,0.004529003
1.366404e-006,0.002411411
1.366804e-006,-0.0001767558
1.367204e-006,-0.001823771
1.367604e-006,-0.001117907
1.368004e-006,0.001234972
1.368404e-006,0.002646699
1.368804e-006,0.002176123
1.369204e-006,0.00029382
1.369604e-006,-0.002059059
1.370004e-006,-0.002294347
1.370404e-006,5.85321e-005
1.370804e-006,0.002646699
1.371204e-006,0.004293715
1.371604e-006,0.003823139
1.372004e-006,0.002176123
1.372404e-006,0.0005291079
1.372804e-006,-0.0008826196
1.373204e-006,-0.0006473316
1.373604e-006,0.0009996838
1.374004e-006,0.002646699
1.374404e-006,0.001705548
1.374804e-006,0.0005291079
1.375204e-006,5.85321e-005
1.375604e-006,5.85321e-005
1.376004e-006,0.0005291079
1.376404e-006,0.00029382
1.376804e-006,-0.0008826196
1.377204e-006,-0.0008826196
1.377604e-006,-0.001588483
1.378004e-006,-0.001588483
1.378404e-006,0.001234972
1.378804e-006,0.003587851
1.379204e-006,0.004529003
1.379604e-006,0.003587851
1.380004e-006,-0.0004120437
1.380404e-006,-0.003470787
1.380804e-006,-0.003235499
1.381204e-006,-0.0001767558
1.381604e-006,0.002881987
1.382004e-006,0.003352563
1.382404e-006,0.001234972
1.382804e-006,-0.001117907
1.383204e-006,-0.0008826196
1.383604e-006,0.001705548
1.384004e-006,0.004529003
1.384404e-006,0.004529003
1.384804e-006,0.002176123
1.385204e-006,-0.0006473316
1.385604e-006,-0.002529635
1.386004e-006,-0.002294347
1.386404e-006,-0.001588483
1.386804e-006,-0.0006473316
1.387204e-006,0.001234972
1.387604e-006,0.002881987
1.388004e-006,0.002881987
1.388404e-006,0.001705548
1.388804e-006,5.85321e-005
1.389204e-006,-0.0006473316
1.389604e-006,-0.0004120437
1.390004e-006,0.0005291079
1.390404e-006,0.0005291079
1.390804e-006,-0.001353195
1.391204e-006,-0.003470787
1.391604e-006,-0.003470787
1.392004e-006,-0.0008826196
1.392404e-006,0.003352563
1.392804e-006,0.005234866
1.393204e-006,0.003352563
1.393604e-006,-0.0006473316
1.394004e-006,-0.003235499
1.394404e-006,-0.002059059
1.394804e-006,0.001940835
1.395204e-006,0.00594073
1.395604e-006,0.004293715
1.396004e-006,-0.0006473316
1.396404e-006,-0.004882514
1.396804e-006,-0.006058954
1.397204e-006,-0.003941362
1.397604e-006,-0.001117907
1.398004e-006,0.0005291079
1.398404e-006,-0.0001767558
1.398804e-006,-0.0004120437
1.399204e-006,0.0005291079
1.399604e-006,0.001940835
1.400004e-006,0.003117275
1.400404e-006,0.001705548
1.400804e-006,0.00029382
1.401204e-006,0.00029382
1.401604e-006,0.0009996838
1.402004e-006,5.85321e-005
1.402404e-006,-0.001588483
1.402804e-006,-0.003000211
1.403204e-006,-0.001823771
1.403604e-006,0.0007643959
1.404004e-006,0.003587851
1.404404e-006,0.003587851
1.404804e-006,0.002176123
1.405204e-006,0.0007643959
1.405604e-006,0.0009996838
1.406004e-006,0.002176123
1.406404e-006,0.002881987
1.406804e-006,0.002176123
1.407204e-006,0.0005291079
1.407604e-006,-0.0006473316
1.408004e-006,-0.0004120437
1.408404e-006,-0.0008826196
1.408804e-006,-0.001353195
1.409204e-006,-0.0006473316
1.409604e-006,0.001234972
1.410004e-006,0.002176123
1.410404e-006,0.002881987
1.410804e-006,0.0005291079
1.411204e-006,-0.001588483
1.411604e-006,0.00029382
1.412004e-006,0.001940835
1.412404e-006,0.002646699
1.412804e-006,0.001705548
1.413204e-006,-0.0001767558
1.413604e-006,-0.001117907
1.414004e-006,0.00029382
1.414404e-006,0.001940835
1.414804e-006,0.00147026
1.415204e-006,-0.0004120437
1.415604e-006,-0.001353195
1.416004e-006,-0.001117907
1.416404e-006,5.85321e-005
1.416804e-006,0.0005291079
1.417204e-006,-0.0008826196
1.417604e-006,-0.001117907
1.418004e-006,-0.0008826196
1.418404e-006,0.0005291079
1.418804e-006,0.002881987
1.419204e-006,0.003352563
1.419604e-006,0.001940835
1.420004e-006,-0.0008826196
1.420404e-006,-0.001823771
1.420804e-006,-0.0006473316
1.421204e-006,0.0005291079
1.421604e-006,0.001705548
1.422004e-006,0.001705548
1.422404e-006,0.0009996838
1.422804e-006,0.0007643959
1.423204e-006,5.85321e-005
1.423604e-006,0.0005291079
1.424004e-006,0.0005291079
1.424404e-006,-0.0001767558
1.424804e-006,0.00029382
1.425204e-006,0.002411411
1.425604e-006,0.003587851
1.426004e-006,0.001940835
1.426404e-006,-0.0008826196
1.426804e-006,-0.003706075
1.427204e-006,-0.004411938
1.427604e-006,-0.001823771
1.428004e-006,0.002176123
1.428404e-006,0.005234866
1.428804e-006,0.003823139
1.429204e-006,-0.0001767558
1.429604e-006,-0.002294347
1.430004e-006,-0.002059059
1.430404e-006,-0.0006473316
1.430804e-006,0.002176123
1.431204e-006,0.003352563
1.431604e-006,0.003587851
1.432004e-006,0.00147026
1.432404e-006,-0.002764923
1.432804e-006,-0.005588378
1.433204e-006,-0.004647226
1.433604e-006,-0.001353195
1.434004e-006,0.002176123
1.434404e-006,0.002881987
1.434804e-006,0.001234972
1.435204e-006,-0.001353195
1.435604e-006,-0.001823771
1.436004e-006,-0.0001767558
1.436404e-006,0.0009996838
1.436804e-006,0.0007643959
1.437204e-006,0.0009996838
1.437604e-006,0.001234972
1.438004e-006,5.85321e-005
1.438404e-006,-0.001117907
1.438804e-006,-0.001823771
1.439204e-006,-0.001823771
1.439604e-006,-0.0001767558
1.440004e-006,0.002881987
1.440404e-006,0.002411411
1.440804e-006,-0.0008826196
1.441204e-006,-0.003235499
1.441604e-006,-0.002529635
1.442004e-006,0.0009996838
1.442404e-006,0.004293715
1.442804e-006,0.003352563
1.443204e-006,0.0005291079
1.443604e-006,-0.001588483
1.444004e-006,-0.001588483
1.444404e-006,0.0007643959
1.444804e-006,0.003823139
1.445204e-006,0.003823139
1.445604e-006,0.001234972
1.446004e-006,-0.001117907
1.446404e-006,-0.002764923
1.446804e-006,-0.003470787
1.447204e-006,-0.001353195
1.447604e-006,0.002646699
1.448004e-006,0.005705442
1.448404e-006,0.004999578
1.448804e-006,0.0009996838
1.449204e-006,-0.003235499
1.449604e-006,-0.00535309
1.450004e-006,-0.003470787
1.450404e-006,0.00029382
1.450804e-006,0.003117275
1.451204e-006,0.003352563
1.451604e-006,0.002176123
1.452004e-006,0.002176123
1.452404e-006,0.002646699
1.452804e-006,0.001940835
1.453204e-006,-0.001588483
1.453604e-006,-0.003941362
1.454004e-006,-0.003000211
1.454404e-006,0.0005291079
1.454804e-006,0.003352563
1.455204e-006,0.003117275
1.455604e-006,0.00029382
1.456004e-006,-0.001353195
1.456404e-006,-0.001117907
1.456804e-006,0.00029382
1.457204e-006,0.002646699
1.457604e-006,0.003823139
1.458004e-006,0.001705548
1.458404e-006,-0.001353195
1.458804e-006,-0.002529635
1.459204e-006,-0.001117907
1.459604e-006,0.00147026
1.460004e-006,0.001705548
1.460404e-006,0.0007643959
1.460804e-006,5.85321e-005
1.461204e-006,0.0007643959
1.461604e-006,0.002411411
1.462004e-006,0.002646699
1.462404e-006,0.001234972
1.462804e-006,-0.0004120437
1.463204e-006,-0.0008826196
1.463604e-006,0.0005291079
1.464004e-006,0.003117275
1.464404e-006,0.003117275
1.464804e-006,5.85321e-005
1.465204e-006,-0.003000211
1.465604e-006,-0.003941362
1.466004e-006,-0.001588483
1.466404e-006,0.002176123
1.466804e-006,0.002881987
1.467204e-006,0.0007643959
1.467604e-006,-0.001588483
1.468004e-006,-0.002529635
1.468404e-006,-0.0004120437
1.468804e-006,0.002176123
1.469204e-006,0.002411411
1.469604e-006,0.001705548
1.470004e-006,0.0005291079
1.470404e-006,5.85321e-005
1.470804e-006,0.0009996838
1.471204e-006,0.00029382
1.471604e-006,-0.001353195
1.472004e-006,-0.0006473316
1.472404e-006,-0.0001767558
1.472804e-006,0.0005291079
1.473204e-006,0.00147026
1.473604e-006,0.0007643959
1.474004e-006,-0.001117907
1.474404e-006,-0.0004120437
1.474804e-006,0.0009996838
1.475204e-006,0.001234972
1.475604e-006,0.00029382
1.476004e-006,-0.0001767558
1.476404e-006,-0.0001767558
1.476804e-006,0.0005291079
1.477204e-006,0.0009996838
1.477604e-006,0.0009996838
1.478004e-006,0.0005291079
1.478404e-006,-0.0008826196
1.478804e-006,-0.001117907
1.479204e-006,0.00029382
1.479604e-006,0.002411411
1.480004e-006,0.003352563
1.480404e-006,0.003587851
1.480804e-006,0.002646699
1.481204e-006,0.001234972
1.481604e-006,0.0005291079
1.482004e-006,-0.001117907
1.482404e-006,-0.001823771
1.482804e-006,-0.0008826196
1.483204e-006,-0.0001767558
1.483604e-006,-0.0008826196
1.484004e-006,-0.001823771
1.484404e-006,-0.002529635
1.484804e-006,-0.001353195
1.485204e-006,0.0007643959
1.485604e-006,0.002411411
1.486004e-006,0.003587851
1.486404e-006,0.002881987
1.486804e-006,0.0009996838
1.487204e-006,-0.0004120437
1.487604e-006,0.0007643959
1.488004e-006,0.00147026
1.488404e-006,0.00147026
1.488804e-006,0.00029382
1.489204e-006,-0.0006473316
1.489604e-006,-0.0001767558
1.490004e-006,0.001705548
1.490404e-006,0.002411411
1.490804e-006,0.002411411
1.491204e-006,0.0007643959
1.491604e-006,-0.0004120437
1.492004e-006,-0.0001767558
1.492404e-006,5.85321e-005
1.492804e-006,0.0005291079
1.493204e-006,0.0007643959
1.493604e-006,0.0009996838
1.494004e-006,0.002646699
1.494404e-006,0.003352563
1.494804e-006,0.001234972
1.495204e-006,-0.002294347
1.495604e-006,-0.005823666
1.496004e-006,-0.005588378
1.496404e-006,-0.0001767558
1.496804e-006,0.005234866
1.497204e-006,0.006646594
1.497604e-006,0.003823139
1.498004e-006,-0.0008826196
1.498404e-006,-0.003235499
1.498804e-006,-0.001117907
1.499204e-006,0.001705548
1.499604e-006,0.002881987
1.500004e-006,0.002176123
1.500404e-006,5.85321e-005
1.500804e-006,-0.001117907
1.501204e-006,5.85321e-005
1.501604e-006,0.00147026
1.502004e-006,0.00147026
1.502404e-006,5.85321e-005
1.502804e-006,5.85321e-005
1.503204e-006,5.85321e-005
1.503604e-006,-0.0004120437
1.504004e-006,-0.0001767558
1.504404e-006,-0.0001767558
1.504804e-006,0.00147026
1.505204e-006,0.002881987
1.505604e-006,0.002881987
1.506004e-006,0.002646699
1.506404e-006,0.001705548
1.506804e-006,0.0007643959
1.507204e-006,-0.0004120437
1.507604e-006,-0.001117907
1.508004e-006,-0.001353195
1.508404e-006,-0.0004120437
1.508804e-006,0.0009996838
1.509204e-006,0.00147026
1.509604e-006,0.0007643959
1.510004e-006,0.00029382
1.510404e-006,0.0009996838
1.510804e-006,0.003352563
1.511204e-006,0.005705442
1.511604e-006,0.005705442
1.512004e-006,0.003587851
1.512404e-006,-0.002059059
1.512804e-006,-0.004882514
1.513204e-006,-0.003470787
1.513604e-006,0.00029382
1.514004e-006,0.003352563
1.514404e-006,0.002646699
1.514804e-006,-0.0006473316
1.515204e-006,-0.001588483
1.515604e-006,-0.0006473316
1.516004e-006,0.0005291079
1.516404e-006,0.001234972
1.516804e-006,0.00147026
1.517204e-006,0.0009996838
1.517604e-006,0.0005291079
1.518004e-006,0.0005291079
1.518404e-006,0.00029382
1.518804e-006,0.00029382
1.519204e-006,-0.0001767558
1.519604e-006,-0.001117907
1.520004e-006,-0.0008826196
1.520404e-006,-0.0001767558
1.520804e-006,0.0009996838
1.521204e-006,0.003117275
1.521604e-006,0.004058427
1.522004e-006,0.002881987
1.522404e-006,0.00029382
1.522804e-006,-0.0004120437
1.523204e-006,0.00029382
1.523604e-006,0.00029382
1.524004e-006,0.0009996838
1.524404e-006,5.85321e-005
1.524804e-006,-0.001353195
1.525204e-006,-0.001117907
1.525604e-006,-0.0008826196
1.526004e-006,-0.0008826196
1.526404e-006,-0.0004120437
1.526804e-006,-0.001117907
1.527204e-006,-0.0006473316
1.527604e-006,0.0007643959
1.528004e-006,0.00147026
1.528404e-006,0.001234972
1.528804e-006,0.0005291079
1.529204e-006,0.00029382
1.529604e-006,0.002176123
1.530004e-006,0.003117275
1.530404e-006,0.001940835
1.530804e-006,0.00029382
1.531204e-006,-0.001117907
1.531604e-006,-0.0006473316
1.532004e-006,0.00147026
1.532404e-006,0.001940835
1.532804e-006,0.001234972
1.533204e-006,-0.0004120437
1.533604e-006,-0.0004120437
1.534004e-006,0.002176123
1.534404e-006,0.003352563
1.534804e-006,0.002646699
1.535204e-006,0.00029382
1.535604e-006,-0.002294347
1.536004e-006,-0.002294347
1.536404e-006,-0.0004120437
1.536804e-006,0.002176123
1.537204e-006,0.004058427
1.537604e-006,0.004999578
1.538004e-006,0.004058427
1.538404e-006,0.002176123
1.538804e-006,0.0005291079
1.539204e-006,-0.001117907
1.539604e-006,-0.001353195
1.540004e-006,-0.0006473316
1.540404e-006,0.00029382
1.540804e-006,0.002411411
1.541204e-006,0.002646699
1.541604e-006,0.0005291079
1.542004e-006,-0.0008826196
1.542404e-006,-0.0006473316
1.542804e-006,0.00029382
1.543204e-006,0.0007643959
1.543604e-006,0.00029382
1.544004e-006,-0.001353195
1.544404e-006,-0.001117907
1.544804e-006,-0.0001767558
1.545204e-006,5.85321e-005
1.545604e-006,5.85321e-005
1.546004e-006,5.85321e-005
1.546404e-006,-0.0004120437
1.546804e-006,0.00147026
1.547204e-006,0.003352563
1.547604e-006,0.003352563
1.548004e-006,0.001705548
1.548404e-006,0.0009996838
1.548804e-006,0.001234972
1.549204e-006,0.0009996838
1.549604e-006,0.0005291079
1.550004e-006,-0.0004120437
1.550404e-006,-0.001353195
1.550804e-006,-0.002294347
1.551204e-006,-0.001823771
1.551604e-006,-0.0008826196
1.552004e-006,5.85321e-005
1.552404e-006,0.00029382
1.552804e-006,0.001234972
1.553204e-006,0.001705548
1.553604e-006,0.0009996838
1.554004e-006,0.00029382
1.554404e-006,-0.0004120437
1.554804e-006,5.85321e-005
1.555204e-006,0.0009996838
1.555604e-006,0.0009996838
1.556004e-006,0.0009996838
1.556404e-006,0.00029382
1.556804e-006,-0.001353195
1.557204e-006,-0.001117907
1.557604e-006,0.001234972
1.558004e-006,0.002881987
1.558404e-006,0.002881987
1.558804e-006,0.001940835
1.559204e-006,-0.0004120437
1.559604e-006,-0.001823771
1.560004e-006,-0.002059059
1.560404e-006,-0.0006473316
1.560804e-006,0.00147026
1.561204e-006,0.002176123
1.561604e-006,0.001705548
1.562004e-006,0.0005291079
1.562404e-006,5.85321e-005
1.562804e-006,0.0005291079
1.563204e-006,0.001940835
1.563604e-006,0.002176123
1.564004e-006,0.002176123
1.564404e-006,0.002881987
1.564804e-006,0.002881987
1.565204e-006,0.001940835
1.565604e-006,5.85321e-005
1.566004e-006,-0.002059059
1.566404e-006,-0.003706075
1.566804e-006,-0.003000211
1.567204e-006,-0.001353195
1.567604e-006,0.00147026
1.568004e-006,0.002646699
1.568404e-006,0.001705548
1.568804e-006,0.0005291079
1.569204e-006,-0.0006473316
1.569604e-006,-0.0006473316
1.570004e-006,0.001234972
1.570404e-006,0.002411411
1.570804e-006,0.002176123
1.571204e-006,0.0005291079
1.571604e-006,-0.0008826196
1.572004e-006,-0.001117907
1.572404e-006,0.00029382
1.572804e-006,0.001940835
1.573204e-006,0.003823139
1.573604e-006,0.003117275
1.574004e-006,0.0007643959
1.574404e-006,-0.0006473316
1.574804e-006,-0.001353195
1.575204e-006,-0.0006473316
1.575604e-006,0.001234972
1.576004e-006,0.003352563
1.576404e-006,0.002176123
1.576804e-006,5.85321e-005
1.577204e-006,0.00029382
1.577604e-006,0.0007643959
1.578004e-006,0.0009996838
1.578404e-006,0.001705548
1.578804e-006,-0.0004120437
1.579204e-006,-0.003000211
1.579604e-006,-0.002529635
1.580004e-006,0.0005291079
1.580404e-006,0.005234866
1.580804e-006,0.00711717
1.581204e-006,0.004058427
1.581604e-006,0.00029382
1.582004e-006,-0.002764923
1.582404e-006,-0.003706075
1.582804e-006,-0.001823771
1.583204e-006,0.00029382
1.583604e-006,0.001705548
1.584004e-006,0.001234972
1.584404e-006,0.0009996838
1.584804e-006,0.001234972
1.585204e-006,0.0005291079
1.585604e-006,-0.0006473316
1.586004e-006,-0.0004120437
1.586404e-006,0.00147026
1.586804e-006,0.003117275
1.587204e-006,0.003352563
1.587604e-006,0.002176123
1.588004e-006,-0.0008826196
1.588404e-006,-0.003470787
1.588804e-006,-0.002294347
1.589204e-006,0.0009996838
1.589604e-006,0.003352563
1.590004e-006,0.003117275
1.590404e-006,-0.0001767558
1.590804e-006,-0.002764923
1.591204e-006,-0.002294347
1.591604e-006,0.0007643959
1.592004e-006,0.003823139
1.592404e-006,0.004058427
1.592804e-006,0.001705548
1.593204e-006,0.0007643959
1.593604e-006,0.0005291079
1.594004e-006,0.001705548
1.594404e-006,0.002646699
1.594804e-006,0.001234972
1.595204e-006,-0.0006473316
1.595604e-006,-0.001353195
1.596004e-006,-0.001353195
1.596404e-006,-0.0004120437
1.596804e-006,0.00029382
1.597204e-006,0.0007643959
1.597604e-006,0.001705548
1.598004e-006,0.001705548
1.598404e-006,0.0009996838
1.598804e-006,-0.0004120437
1.599204e-006,-0.002059059
1.599604e-006,-0.001353195
1.600004e-006,0.00029382
