LECROYWS4054HD,18796,Waveform
Segments,1,SegmentSize,5002
Segment,TrigTime,TimeSinceSegment1
#1,12-Sep-2025 11:41:15,0                 
Time,Ampl
-4.00003e-007,0.001445421
-3.99603e-007,-0.0005545266
-3.99203e-007,-0.001378034
-3.98803e-007,-0.0004368826
-3.98403e-007,0.001445421
-3.98003e-007,0.002033641
-3.97603e-007,0.0005042691
-3.97203e-007,-0.001966254
-3.96803e-007,-0.003260338
-3.96403e-007,-0.00243683
-3.96003e-007,-0.0009074584
-3.95603e-007,0.001327777
-3.95203e-007,0.002739504
-3.94803e-007,0.001915997
-3.94403e-007,0.0002689811
-3.94003e-007,-0.001495678
-3.93603e-007,-0.002201542
-3.93203e-007,-0.00126039
-3.92803e-007,0.0005042691
-3.92403e-007,0.001915997
-3.92003e-007,0.001798353
-3.91603e-007,0.0005042691
-3.91203e-007,-0.001142746
-3.90803e-007,-0.001966254
-3.90403e-007,-0.002201542
-3.90003e-007,-0.00126039
-3.89603e-007,0.0002689811
-3.89203e-007,0.001680709
-3.88803e-007,0.002151284
-3.88403e-007,0.0003866251
-3.88003e-007,-0.001613322
-3.87603e-007,-0.001966254
-3.87203e-007,-0.0006721705
-3.86803e-007,0.0005042691
-3.86403e-007,0.0002689811
-3.86003e-007,-0.0006721705
-3.85603e-007,-0.001142746
-3.85203e-007,-0.0007898145
-3.84803e-007,-0.0003192386
-3.84403e-007,-0.0007898145
-3.84003e-007,-0.001378034
-3.83603e-007,-0.0004368826
-3.83203e-007,0.001327777
-3.82803e-007,0.001680709
-3.82403e-007,-0.0003192386
-3.82003e-007,-0.003848557
-3.81603e-007,-0.005730861
-3.81203e-007,-0.005142641
-3.80803e-007,-0.002907406
-3.80403e-007,-8.395073e-005
-3.80003e-007,0.001680709
-3.79603e-007,0.001798353
-3.79203e-007,0.001327777
-3.78803e-007,0.0009748449
-3.78403e-007,3.369323e-005
-3.78003e-007,-0.0005545266
-3.77603e-007,3.369323e-005
-3.77203e-007,0.0001513372
-3.76803e-007,-0.001025102
-3.76403e-007,-0.002672118
-3.76003e-007,-0.003260338
-3.75603e-007,-0.002789762
-3.75203e-007,-0.001142746
-3.74803e-007,0.0008572009
-3.74403e-007,0.001210133
-3.74003e-007,-0.0009074584
-3.73603e-007,-0.003848557
-3.73203e-007,-0.004672065
-3.72803e-007,-0.00243683
-3.72403e-007,0.000621913
-3.72003e-007,0.003092436
-3.71603e-007,0.002504216
-3.71203e-007,-0.0002015947
-3.70803e-007,-0.002789762
-3.70403e-007,-0.004083845
-3.70003e-007,-0.003613269
-3.69603e-007,-0.00184861
-3.69203e-007,0.0001513372
-3.68803e-007,0.0005042691
-3.68403e-007,-0.0003192386
-3.68003e-007,-0.0007898145
-3.67603e-007,-0.001495678
-3.67203e-007,-0.001613322
-3.66803e-007,-0.0007898145
-3.66403e-007,-0.0004368826
-3.66003e-007,-0.001025102
-3.65603e-007,-0.00184861
-3.65203e-007,-0.002672118
-3.64803e-007,-0.00302505
-3.64403e-007,-0.00184861
-3.64003e-007,0.001210133
-3.63603e-007,0.003563012
-3.63203e-007,0.003563012
-3.62803e-007,0.001915997
-3.62403e-007,3.369323e-005
-3.62003e-007,-0.001730966
-3.61603e-007,-0.001730966
-3.61203e-007,-0.0009074584
-3.60803e-007,-0.0004368826
-3.60403e-007,-0.001142746
-3.60003e-007,-0.001613322
-3.59603e-007,-0.00184861
-3.59203e-007,-0.001966254
-3.58803e-007,-0.001378034
-3.58403e-007,-0.0009074584
-3.58003e-007,-0.0004368826
-3.57603e-007,-0.0003192386
-3.57203e-007,-0.001495678
-3.56803e-007,-0.00243683
-3.56403e-007,-0.002201542
-3.56003e-007,-0.0005545266
-3.55603e-007,0.001915997
-3.55203e-007,0.002268928
-3.54803e-007,-0.0005545266
-3.54403e-007,-0.003495626
-3.54003e-007,-0.004319133
-3.53603e-007,-0.002083898
-3.53203e-007,0.0008572009
-3.52803e-007,0.002268928
-3.52403e-007,0.001092489
-3.52003e-007,-0.001142746
-3.51603e-007,-0.002554474
-3.51203e-007,-0.002554474
-3.50803e-007,-0.001613322
-3.50403e-007,-0.001378034
-3.50003e-007,-0.001142746
-3.49603e-007,3.369323e-005
-3.49203e-007,0.001798353
-3.48803e-007,0.002974792
-3.48403e-007,0.001680709
-3.48003e-007,-0.0005545266
-3.47603e-007,-0.001730966
-3.47203e-007,-0.001142746
-3.46803e-007,0.0008572009
-3.46403e-007,0.001445421
-3.46003e-007,0.000621913
-3.45603e-007,0.000621913
-3.45203e-007,0.001680709
-3.44803e-007,0.002386572
-3.44403e-007,0.001563065
-3.44003e-007,-0.0006721705
-3.43603e-007,-0.002554474
-3.43203e-007,-0.002907406
-3.42803e-007,-0.00126039
-3.42403e-007,-0.0002015947
-3.42003e-007,-0.0002015947
-3.41603e-007,-0.001378034
-3.41203e-007,-0.001730966
-3.40803e-007,-0.001495678
-3.40403e-007,-0.001495678
-3.40003e-007,-0.001025102
-3.39603e-007,-0.001025102
-3.39203e-007,-0.0004368826
-3.38803e-007,0.0005042691
-3.38403e-007,0.0008572009
-3.38003e-007,3.369323e-005
-3.37603e-007,-0.001025102
-3.37203e-007,-0.001613322
-3.36803e-007,-0.00126039
-3.36403e-007,-0.0004368826
-3.36003e-007,0.0002689811
-3.35603e-007,0.0001513372
-3.35203e-007,0.0003866251
-3.34803e-007,0.0008572009
-3.34403e-007,0.0009748449
-3.34003e-007,0.0001513372
-3.33603e-007,-0.001142746
-3.33203e-007,-0.002907406
-3.32803e-007,-0.003495626
-3.32403e-007,-0.00243683
-3.32003e-007,-0.0006721705
-3.31603e-007,0.0008572009
-3.31203e-007,0.000739557
-3.30803e-007,-0.0003192386
-3.30403e-007,-0.001730966
-3.30003e-007,-0.001730966
-3.29603e-007,-0.0004368826
-3.29203e-007,0.001445421
-3.28803e-007,0.00262186
-3.28403e-007,0.002504216
-3.28003e-007,0.001327777
-3.27603e-007,-0.0004368826
-3.27203e-007,-0.00184861
-3.26803e-007,-0.00302505
-3.26403e-007,-0.002907406
-3.26003e-007,-0.001966254
-3.25603e-007,-0.0006721705
-3.25203e-007,0.0003866251
-3.24803e-007,0.0003866251
-3.24403e-007,-0.0002015947
-3.24003e-007,-0.001025102
-3.23603e-007,-0.001495678
-3.23203e-007,-0.00184861
-3.22803e-007,-0.001378034
-3.22403e-007,-0.0006721705
-3.22003e-007,-0.0005545266
-3.21603e-007,-0.0007898145
-3.21203e-007,-0.00126039
-3.20803e-007,-0.001025102
-3.20403e-007,-0.0004368826
-3.20003e-007,-0.0003192386
-3.19603e-007,-0.001142746
-3.19203e-007,-0.002672118
-3.18803e-007,-0.003260338
-3.18403e-007,-0.002083898
-3.18003e-007,-0.0002015947
-3.17603e-007,0.0008572009
-3.17203e-007,0.001445421
-3.16803e-007,0.000621913
-3.16403e-007,-0.001025102
-3.16003e-007,-0.00126039
-3.15603e-007,-0.0005545266
-3.15203e-007,0.000621913
-3.14803e-007,0.0001513372
-3.14403e-007,-0.0006721705
-3.14003e-007,-0.001142746
-3.13603e-007,-0.0009074584
-3.13203e-007,-0.0009074584
-3.12803e-007,3.369323e-005
-3.12403e-007,0.0005042691
-3.12003e-007,0.0003866251
-3.11603e-007,3.369323e-005
-3.11203e-007,-0.0004368826
-3.10803e-007,-0.0005545266
-3.10403e-007,-0.0003192386
-3.10003e-007,-0.001025102
-3.09603e-007,-0.00184861
-3.09203e-007,-0.001613322
-3.08803e-007,-0.0005545266
-3.08403e-007,0.0003866251
-3.08003e-007,0.000621913
-3.07603e-007,-0.0003192386
-3.07203e-007,-0.001613322
-3.06803e-007,-0.001966254
-3.06403e-007,-0.001495678
-3.06003e-007,-0.0005545266
-3.05603e-007,3.369323e-005
-3.05203e-007,-0.0009074584
-3.04803e-007,-0.002083898
-3.04403e-007,-0.001966254
-3.04003e-007,-0.001378034
-3.03603e-007,-0.0002015947
-3.03203e-007,0.0008572009
-3.02803e-007,0.001210133
-3.02403e-007,0.0001513372
-3.02003e-007,-0.001378034
-3.01603e-007,-0.00243683
-3.01203e-007,-0.002554474
-3.00803e-007,-0.00126039
-3.00403e-007,0.0003866251
-3.00003e-007,0.001092489
-2.99603e-007,0.001798353
-2.99203e-007,0.002033641
-2.98803e-007,0.001092489
-2.98403e-007,-0.0002015947
-2.98003e-007,-0.002672118
-2.97603e-007,-0.004319133
-2.97203e-007,-0.003495626
-2.96803e-007,-0.00126039
-2.96403e-007,0.0003866251
-2.96003e-007,0.0002689811
-2.95603e-007,-0.0002015947
-2.95203e-007,-0.0002015947
-2.94803e-007,-8.395073e-005
-2.94403e-007,3.369323e-005
-2.94003e-007,-0.0009074584
-2.93603e-007,-0.002319186
-2.93203e-007,-0.002083898
-2.92803e-007,-0.0002015947
-2.92403e-007,0.001445421
-2.92003e-007,0.002268928
-2.91603e-007,0.001915997
-2.91203e-007,0.000621913
-2.90803e-007,0.0002689811
-2.90403e-007,-0.0004368826
-2.90003e-007,-0.0009074584
-2.89603e-007,-0.00126039
-2.89203e-007,-0.001495678
-2.88803e-007,-0.001730966
-2.88403e-007,-0.001966254
-2.88003e-007,-0.002201542
-2.87603e-007,-0.001142746
-2.87203e-007,0.0002689811
-2.86803e-007,0.001798353
-2.86403e-007,0.002151284
-2.86003e-007,0.000739557
-2.85603e-007,-0.0009074584
-2.85203e-007,-0.001730966
-2.84803e-007,-0.001142746
-2.84403e-007,3.369323e-005
-2.84003e-007,0.000621913
-2.83603e-007,-8.395073e-005
-2.83203e-007,-0.001142746
-2.82803e-007,-0.001966254
-2.82403e-007,-0.001495678
-2.82003e-007,-0.0003192386
-2.81603e-007,0.0009748449
-2.81203e-007,0.001915997
-2.80803e-007,0.002386572
-2.80403e-007,0.002033641
-2.80003e-007,0.0008572009
-2.79603e-007,-0.001495678
-2.79203e-007,-0.003730913
-2.78803e-007,-0.004554421
-2.78403e-007,-0.002789762
-2.78003e-007,0.001210133
-2.77603e-007,0.004033588
-2.77203e-007,0.004033588
-2.76803e-007,0.001327777
-2.76403e-007,-0.001966254
-2.76003e-007,-0.003613269
-2.75603e-007,-0.00184861
-2.75203e-007,0.001092489
-2.74803e-007,0.002151284
-2.74403e-007,0.001092489
-2.74003e-007,-0.0006721705
-2.73603e-007,-0.001613322
-2.73203e-007,-0.001613322
-2.72803e-007,-0.001378034
-2.72403e-007,-0.0005545266
-2.72003e-007,-0.0002015947
-2.71603e-007,0.0002689811
-2.71203e-007,0.001563065
-2.70803e-007,0.001798353
-2.70403e-007,-8.395073e-005
-2.70003e-007,-0.002201542
-2.69603e-007,-0.002083898
-2.69203e-007,-0.0006721705
-2.68803e-007,0.001092489
-2.68403e-007,3.369323e-005
-2.68003e-007,-0.002083898
-2.67603e-007,-0.002789762
-2.67203e-007,-0.00126039
-2.66803e-007,0.001327777
-2.66403e-007,0.002504216
-2.66003e-007,0.001327777
-2.65603e-007,-0.0005545266
-2.65203e-007,-0.00184861
-2.64803e-007,-0.001613322
-2.64403e-007,-0.001495678
-2.64003e-007,-0.00184861
-2.63603e-007,-0.002789762
-2.63203e-007,-0.002672118
-2.62803e-007,-0.001142746
-2.62403e-007,-0.0002015947
-2.62003e-007,-0.0005545266
-2.61603e-007,-0.001613322
-2.61203e-007,-0.001966254
-2.60803e-007,-0.001142746
-2.60403e-007,0.0001513372
-2.60003e-007,0.000739557
-2.59603e-007,-8.395073e-005
-2.59203e-007,-0.002554474
-2.58803e-007,-0.004436777
-2.58403e-007,-0.004083845
-2.58003e-007,-0.002201542
-2.57603e-007,0.0005042691
-2.57203e-007,0.001092489
-2.56803e-007,3.369323e-005
-2.56403e-007,-0.0006721705
-2.56003e-007,-8.395073e-005
-2.55603e-007,0.002386572
-2.55203e-007,0.002974792
-2.54803e-007,-0.0004368826
-2.54403e-007,-0.004789709
-2.54003e-007,-0.005966149
-2.53603e-007,-0.002907406
-2.53203e-007,0.001680709
-2.52803e-007,0.003563012
-2.52403e-007,0.001798353
-2.52003e-007,-0.00126039
-2.51603e-007,-0.002319186
-2.51203e-007,-0.0003192386
-2.50803e-007,0.003092436
-2.50403e-007,0.004621808
-2.50003e-007,0.00321008
-2.49603e-007,0.0009748449
-2.49203e-007,-0.001378034
-2.48803e-007,-0.002907406
-2.48403e-007,-0.003613269
-2.48003e-007,-0.002554474
-2.47603e-007,-0.0002015947
-2.47203e-007,0.001680709
-2.46803e-007,0.001563065
-2.46403e-007,-0.0005545266
-2.46003e-007,-0.003377982
-2.45603e-007,-0.003966201
-2.45203e-007,-0.00243683
-2.44803e-007,0.0003866251
-2.44403e-007,0.002268928
-2.44003e-007,0.00262186
-2.43603e-007,0.001327777
-2.43203e-007,0.0002689811
-2.42803e-007,-0.0006721705
-2.42403e-007,-0.001730966
-2.42003e-007,-0.001730966
-2.41603e-007,-0.001730966
-2.41203e-007,-0.001378034
-2.40803e-007,-0.0007898145
-2.40403e-007,-8.395073e-005
-2.40003e-007,0.001327777
-2.39603e-007,0.001798353
-2.39203e-007,0.0002689811
-2.38803e-007,-0.00126039
-2.38403e-007,-0.001378034
-2.38003e-007,-0.0006721705
-2.37603e-007,0.000621913
-2.37203e-007,0.000739557
-2.36803e-007,-0.001613322
-2.36403e-007,-0.003730913
-2.36003e-007,-0.003848557
-2.35603e-007,-0.001025102
-2.35203e-007,0.002033641
-2.34803e-007,0.002857148
-2.34403e-007,0.000739557
-2.34003e-007,-0.001613322
-2.33603e-007,-0.001495678
-2.33203e-007,0.001092489
-2.32803e-007,0.00321008
-2.32403e-007,0.002151284
-2.32003e-007,-0.001142746
-2.31603e-007,-0.003142694
-2.31203e-007,-0.002201542
-2.30803e-007,0.0001513372
-2.30403e-007,0.001210133
-2.30003e-007,0.000621913
-2.29603e-007,-0.0009074584
-2.29203e-007,-0.003142694
-2.28803e-007,-0.003260338
-2.28403e-007,-0.0007898145
-2.28003e-007,0.000739557
-2.27603e-007,0.001210133
-2.27203e-007,0.000621913
-2.26803e-007,-0.0006721705
-2.26403e-007,-0.001378034
-2.26003e-007,-0.001495678
-2.25603e-007,-0.0009074584
-2.25203e-007,0.000621913
-2.24803e-007,0.001798353
-2.24403e-007,0.001563065
-2.24003e-007,0.000621913
-2.23603e-007,-0.001025102
-2.23203e-007,-0.003260338
-2.22803e-007,-0.003613269
-2.22403e-007,-0.001966254
-2.22003e-007,-8.395073e-005
-2.21603e-007,0.000621913
-2.21203e-007,-0.0007898145
-2.20803e-007,-0.003142694
-2.20403e-007,-0.004554421
-2.20003e-007,-0.002201542
-2.19603e-007,0.001327777
-2.19203e-007,0.0037983
-2.18803e-007,0.002504216
-2.18403e-007,-0.001025102
-2.18003e-007,-0.004319133
-2.17603e-007,-0.005142641
-2.17203e-007,-0.00302505
-2.16803e-007,-8.395073e-005
-2.16403e-007,0.002033641
-2.16003e-007,0.003327724
-2.15603e-007,0.003445368
-2.15203e-007,0.002857148
-2.14803e-007,0.001445421
-2.14403e-007,-0.0004368826
-2.14003e-007,-0.00302505
-2.13603e-007,-0.004319133
-2.13203e-007,-0.00243683
-2.12803e-007,0.0008572009
-2.12403e-007,0.003092436
-2.12003e-007,0.002504216
-2.11603e-007,-0.0006721705
-2.11203e-007,-0.003730913
-2.10803e-007,-0.003966201
-2.10403e-007,-0.00184861
-2.10003e-007,0.0002689811
-2.09603e-007,0.001092489
-2.09203e-007,0.0005042691
-2.08803e-007,0.0002689811
-2.08403e-007,0.0002689811
-2.08003e-007,0.0002689811
-2.07603e-007,-8.395073e-005
-2.07203e-007,-0.0003192386
-2.06803e-007,0.0002689811
-2.06403e-007,0.001092489
-2.06003e-007,0.0008572009
-2.05603e-007,-0.0007898145
-2.05203e-007,-0.003377982
-2.04803e-007,-0.003966201
-2.04403e-007,-0.00184861
-2.04003e-007,0.0009748449
-2.03603e-007,0.002386572
-2.03203e-007,0.0005042691
-2.02803e-007,-0.003377982
-2.02403e-007,-0.004789709
-2.02003e-007,-0.003142694
-2.01603e-007,0.0001513372
-2.01203e-007,0.00262186
-2.00803e-007,0.002151284
-2.00403e-007,3.369323e-005
-2.00003e-007,-0.002319186
-1.99603e-007,-0.00302505
-1.99203e-007,-0.001966254
-1.98803e-007,-0.0002015947
-1.98403e-007,0.000739557
-1.98003e-007,0.0008572009
-1.97603e-007,-0.0002015947
-1.97203e-007,-0.001730966
-1.96803e-007,-0.00302505
-1.96403e-007,-0.003966201
-1.96003e-007,-0.003495626
-1.95603e-007,-0.002319186
-1.95203e-007,-0.001378034
-1.94803e-007,-0.0003192386
-1.94403e-007,0.001210133
-1.94003e-007,0.001798353
-1.93603e-007,0.001915997
-1.93203e-007,0.000621913
-1.92803e-007,-0.0009074584
-1.92403e-007,-0.002554474
-1.92003e-007,-0.002907406
-1.91603e-007,-0.002672118
-1.91203e-007,-0.002083898
-1.90803e-007,-0.001495678
-1.90403e-007,-0.0003192386
-1.90003e-007,0.0001513372
-1.89603e-007,-0.0004368826
-1.89203e-007,-0.001730966
-1.88803e-007,-0.003848557
-1.88403e-007,-0.004436777
-1.88003e-007,-0.002319186
-1.87603e-007,0.0003866251
-1.87203e-007,0.002386572
-1.86803e-007,0.00321008
-1.86403e-007,0.001563065
-1.86003e-007,-0.0004368826
-1.85603e-007,-0.001613322
-1.85203e-007,-0.001613322
-1.84803e-007,0.0003866251
-1.84403e-007,0.002974792
-1.84003e-007,0.00262186
-1.83603e-007,-0.0005545266
-1.83203e-007,-0.004319133
-1.82803e-007,-0.004789709
-1.82403e-007,-0.00184861
-1.82003e-007,0.001092489
-1.81603e-007,0.001563065
-1.81203e-007,-0.0002015947
-1.80803e-007,-0.001613322
-1.80403e-007,-0.001613322
-1.80003e-007,-0.0004368826
-1.79603e-007,-8.395073e-005
-1.79203e-007,-0.0003192386
-1.78803e-007,-0.0009074584
-1.78403e-007,-0.002083898
-1.78003e-007,-0.002789762
-1.77603e-007,-0.002789762
-1.77203e-007,-0.002789762
-1.76803e-007,-0.00126039
-1.76403e-007,0.001445421
-1.76003e-007,0.002268928
-1.75603e-007,0.000739557
-1.75203e-007,-0.002083898
-1.74803e-007,-0.003377982
-1.74403e-007,-0.002083898
-1.74003e-007,-0.0004368826
-1.73603e-007,0.0001513372
-1.73203e-007,-0.001142746
-1.72803e-007,-0.002201542
-1.72403e-007,-0.001025102
-1.72003e-007,0.001798353
-1.71603e-007,0.003680656
-1.71203e-007,0.002268928
-1.70803e-007,-0.001142746
-1.70403e-007,-0.002789762
-1.70003e-007,-0.001378034
-1.69603e-007,0.001327777
-1.69203e-007,0.001445421
-1.68803e-007,-0.0002015947
-1.68403e-007,-0.001730966
-1.68003e-007,-0.00126039
-1.67603e-007,0.0009748449
-1.67203e-007,0.0037983
-1.66803e-007,0.004621808
-1.66403e-007,0.002857148
-1.66003e-007,-0.0002015947
-1.65603e-007,-0.002907406
-1.65203e-007,-0.003966201
-1.64803e-007,-0.003142694
-1.64403e-007,-0.002201542
-1.64003e-007,-0.001142746
-1.63603e-007,0.0003866251
-1.63203e-007,0.0009748449
-1.62803e-007,0.0003866251
-1.62403e-007,-0.0003192386
-1.62003e-007,-0.0007898145
-1.61603e-007,-0.001495678
-1.61203e-007,-0.001613322
-1.60803e-007,3.369323e-005
-1.60403e-007,0.001445421
-1.60003e-007,0.001680709
-1.59603e-007,3.369323e-005
-1.59203e-007,-0.00184861
-1.58803e-007,-0.00243683
-1.58403e-007,-0.001966254
-1.58003e-007,-0.0005545266
-1.57603e-007,0.0008572009
-1.57203e-007,0.0008572009
-1.56803e-007,0.0001513372
-1.56403e-007,-0.0007898145
-1.56003e-007,-0.001495678
-1.55603e-007,-0.001378034
-1.55203e-007,-0.001378034
-1.54803e-007,-0.001495678
-1.54403e-007,-0.001378034
-1.54003e-007,-0.001730966
-1.53603e-007,-0.002319186
-1.53203e-007,-0.002554474
-1.52803e-007,-0.001730966
-1.52403e-007,-0.0004368826
-1.52003e-007,0.0005042691
-1.51603e-007,0.0005042691
-1.51203e-007,0.0005042691
-1.50803e-007,0.001327777
-1.50403e-007,0.000621913
-1.50003e-007,-0.001142746
-1.49603e-007,-0.002907406
-1.49203e-007,-0.002672118
-1.48803e-007,-0.0006721705
-1.48403e-007,0.0008572009
-1.48003e-007,0.001680709
-1.47603e-007,0.001210133
-1.47203e-007,0.000621913
-1.46803e-007,-0.0003192386
-1.46403e-007,-0.001966254
-1.46003e-007,-0.003730913
-1.45603e-007,-0.004201489
-1.45203e-007,-0.002789762
-1.44803e-007,-0.0009074584
-1.44403e-007,0.0008572009
-1.44003e-007,0.000739557
-1.43603e-007,-0.0006721705
-1.43203e-007,-0.0006721705
-1.42803e-007,0.0005042691
-1.42403e-007,0.001680709
-1.42003e-007,0.001445421
-1.41603e-007,-0.0003192386
-1.41203e-007,-0.003142694
-1.40803e-007,-0.005024997
-1.40403e-007,-0.004789709
-1.40003e-007,-0.003142694
-1.39603e-007,-0.0009074584
-1.39203e-007,0.0009748449
-1.38803e-007,0.0009748449
-1.38403e-007,0.0008572009
-1.38003e-007,0.0005042691
-1.37603e-007,0.0005042691
-1.37203e-007,0.0003866251
-1.36803e-007,-0.0002015947
-1.36403e-007,-0.001378034
-1.36003e-007,-0.003142694
-1.35603e-007,-0.003848557
-1.35203e-007,-0.002201542
-1.34803e-007,0.001210133
-1.34403e-007,0.00262186
-1.34003e-007,0.001680709
-1.33603e-007,-0.0002015947
-1.33203e-007,-0.00184861
-1.32803e-007,-0.002083898
-1.32403e-007,-0.001495678
-1.32003e-007,-0.001378034
-1.31603e-007,-0.0009074584
-1.31203e-007,-0.0006721705
-1.30803e-007,-0.0002015947
-1.30403e-007,0.0005042691
-1.30003e-007,0.001327777
-1.29603e-007,0.001798353
-1.29203e-007,0.001327777
-1.28803e-007,0.000621913
-1.28403e-007,-0.001378034
-1.28003e-007,-0.003613269
-1.27603e-007,-0.003730913
-1.27203e-007,-0.001730966
-1.26803e-007,0.001327777
-1.26403e-007,0.002974792
-1.26003e-007,0.002151284
-1.25603e-007,-0.0002015947
-1.25203e-007,-0.001613322
-1.24803e-007,-0.002201542
-1.24403e-007,-0.001613322
-1.24003e-007,-0.0009074584
-1.23603e-007,-0.0004368826
-1.23203e-007,-8.395073e-005
-1.22803e-007,-0.0006721705
-1.22403e-007,-0.001966254
-1.22003e-007,-0.003142694
-1.21603e-007,-0.002201542
-1.21203e-007,-0.0004368826
-1.20803e-007,0.0008572009
-1.20403e-007,0.000621913
-1.20003e-007,-0.0007898145
-1.19603e-007,-0.001613322
-1.19203e-007,-0.001378034
-1.18803e-007,-0.0002015947
-1.18403e-007,3.369323e-005
-1.18003e-007,-0.001495678
-1.17603e-007,-0.002672118
-1.17203e-007,-0.002319186
-1.16803e-007,-0.0005545266
-1.16403e-007,0.001680709
-1.16003e-007,0.002974792
-1.15603e-007,0.002151284
-1.15203e-007,0.0009748449
-1.14803e-007,-0.0002015947
-1.14403e-007,-0.001142746
-1.14003e-007,-0.001495678
-1.13603e-007,-0.00126039
-1.13203e-007,-0.00126039
-1.12803e-007,-0.00126039
-1.12403e-007,-0.0004368826
-1.12003e-007,0.001092489
-1.11603e-007,0.002151284
-1.11203e-007,0.002033641
-1.10803e-007,0.0002689811
-1.10403e-007,-0.001613322
-1.10003e-007,-0.002554474
-1.09603e-007,-0.0009074584
-1.09203e-007,0.001210133
-1.08803e-007,0.001680709
-1.08403e-007,-0.0002015947
-1.08003e-007,-0.00243683
-1.07603e-007,-0.003730913
-1.07203e-007,-0.002907406
-1.06803e-007,-0.001378034
-1.06403e-007,-0.001025102
-1.06003e-007,-0.001025102
-1.05603e-007,-0.001025102
-1.05203e-007,-0.0007898145
-1.04803e-007,-0.0003192386
-1.04403e-007,0.0002689811
-1.04003e-007,0.0008572009
-1.03603e-007,0.0003866251
-1.03203e-007,-0.001142746
-1.02803e-007,-0.002789762
-1.02403e-007,-0.002789762
-1.02003e-007,-0.0003192386
-1.01603e-007,0.002857148
-1.01203e-007,0.003915944
-1.00803e-007,0.001680709
-1.00403e-007,-0.001613322
-1.00003e-007,-0.005024997
-9.9603e-008,-0.005848505
-9.9203e-008,-0.003142694
-9.8803e-008,-0.0004368826
-9.8403e-008,-8.395073e-005
-9.8003e-008,3.369323e-005
-9.7603e-008,-0.0004368826
-9.7203e-008,-0.001142746
-9.6803e-008,-0.0006721705
-9.6403e-008,-0.0002015947
-9.6003e-008,3.369323e-005
-9.5603e-008,-0.0009074584
-9.5203e-008,-0.00184861
-9.4803e-008,-0.002083898
-9.4403e-008,-0.00184861
-9.4003e-008,-0.0006721705
-9.3603e-008,0.001092489
-9.3203e-008,0.001445421
-9.2803e-008,-0.0002015947
-9.2403e-008,-0.002672118
-9.2003e-008,-0.003377982
-9.1603e-008,-0.00126039
-9.1203e-008,0.001445421
-9.0803e-008,0.00262186
-9.0403e-008,0.0008572009
-9.0003e-008,-0.00243683
-8.9603e-008,-0.003848557
-8.9203e-008,-0.002554474
-8.8803e-008,0.0009748449
-8.8403e-008,0.00321008
-8.8003e-008,0.002739504
-8.7603e-008,0.0003866251
-8.7203e-008,-0.002083898
-8.6803e-008,-0.003730913
-8.6403e-008,-0.003848557
-8.6003e-008,-0.002201542
-8.5603e-008,-0.0002015947
-8.5203e-008,0.0009748449
-8.4803e-008,0.0003866251
-8.4403e-008,-0.001142746
-8.4003e-008,-0.001378034
-8.3603e-008,0.0002689811
-8.3203e-008,0.002268928
-8.2803e-008,0.002974792
-8.2403e-008,0.001092489
-8.2003e-008,-0.00184861
-8.1603e-008,-0.003142694
-8.1203e-008,-0.003260338
-8.0803e-008,-0.00302505
-8.0403e-008,-0.002672118
-8.0003e-008,-0.002201542
-7.9603e-008,-0.001495678
-7.9203e-008,-0.0003192386
-7.8803e-008,-0.0002015947
-7.8403e-008,-0.001025102
-7.8003e-008,-0.002083898
-7.7603e-008,-0.00184861
-7.7203e-008,-0.001378034
-7.6803e-008,-0.0003192386
-7.6403e-008,0.0005042691
-7.6003e-008,0.0001513372
-7.5603e-008,-8.395073e-005
-7.5203e-008,-0.0002015947
-7.4803e-008,3.369323e-005
-7.4403e-008,-0.0003192386
-7.4003e-008,-0.0004368826
-7.3603e-008,-0.0009074584
-7.3203e-008,-0.001730966
-7.2803e-008,-0.003377982
-7.2403e-008,-0.004789709
-7.2003e-008,-0.003613269
-7.1603e-008,0.0002689811
-7.1203e-008,0.00438652
-7.0803e-008,0.004974739
-7.0403e-008,0.001798353
-7.0003e-008,-0.002319186
-6.9603e-008,-0.003613269
-6.9203e-008,-0.0009074584
-6.8803e-008,0.002504216
-6.8403e-008,0.00321008
-6.8003e-008,0.000739557
-6.7603e-008,-0.002201542
-6.7203e-008,-0.002554474
-6.6803e-008,-8.395073e-005
-6.6403e-008,0.002033641
-6.6003e-008,0.002033641
-6.5603e-008,-0.00126039
-6.5203e-008,-0.004907353
-6.4803e-008,-0.005730861
-6.4403e-008,-0.003730913
-6.4003e-008,0.0001513372
-6.3603e-008,0.002739504
-6.3203e-008,0.002268928
-6.2803e-008,-0.0009074584
-6.2403e-008,-0.003848557
-6.2003e-008,-0.005260285
-6.1603e-008,-0.003848557
-6.1203e-008,-0.0003192386
-6.0803e-008,0.001680709
-6.0403e-008,0.0008572009
-6.0003e-008,-0.00126039
-5.9603e-008,-0.001730966
-5.9203e-008,-0.0009074584
-5.8803e-008,-0.0004368826
-5.8403e-008,-0.0004368826
-5.8003e-008,-0.0004368826
-5.7603e-008,-8.395073e-005
-5.7203e-008,0.0008572009
-5.6803e-008,0.0005042691
-5.6403e-008,-0.0007898145
-5.6003e-008,-0.002201542
-5.5603e-008,-0.002083898
-5.5203e-008,0.000621913
-5.4803e-008,0.003327724
-5.4403e-008,0.003327724
-5.4003e-008,0.0008572009
-5.3603e-008,-0.001966254
-5.3203e-008,-0.002907406
-5.2803e-008,-0.0009074584
-5.2403e-008,0.001092489
-5.2003e-008,0.001915997
-5.1603e-008,0.001680709
-5.1203e-008,0.0008572009
-5.0803e-008,0.0003866251
-5.0403e-008,-0.0002015947
-5.0003e-008,-0.001142746
-4.9603e-008,-0.001613322
-4.9203e-008,-0.001495678
-4.8803e-008,-0.0006721705
-4.8403e-008,0.0002689811
-4.8003e-008,0.0003866251
-4.7603e-008,3.369323e-005
-4.7203e-008,-0.0003192386
-4.6803e-008,-0.0009074584
-4.6403e-008,-0.001025102
-4.6003e-008,-0.001142746
-4.5603e-008,-0.0006721705
-4.5203e-008,-0.001142746
-4.4803e-008,-0.00126039
-4.4403e-008,-0.001025102
-4.4003e-008,-8.395073e-005
-4.3603e-008,0.002268928
-4.3203e-008,0.003915944
-4.2803e-008,0.002974792
-4.2403e-008,-0.0005545266
-4.2003e-008,-0.003142694
-4.1603e-008,-0.002319186
-4.1203e-008,0.0001513372
-4.0803e-008,0.002268928
-4.0403e-008,0.002504216
-4.0003e-008,3.369323e-005
-3.9603e-008,-0.001613322
-3.9203e-008,-0.001025102
-3.8803e-008,3.369323e-005
-3.8403e-008,-0.001025102
-3.8003e-008,-0.003613269
-3.7603e-008,-0.005024997
-3.7203e-008,-0.003377982
-3.6803e-008,0.0001513372
-3.6403e-008,0.002974792
-3.6003e-008,0.003327724
-3.5603e-008,0.001092489
-3.5203e-008,-0.0007898145
-3.4803e-008,-0.001966254
-3.4403e-008,-0.001966254
-3.4003e-008,-0.001495678
-3.3603e-008,-0.001025102
-3.3203e-008,-0.0005545266
-3.2803e-008,3.369323e-005
-3.2403e-008,3.369323e-005
-3.2003e-008,-8.395073e-005
-3.1603e-008,0.0003866251
-3.1203e-008,0.0009748449
-3.0803e-008,0.0008572009
-3.0403e-008,-0.001025102
-3.0003e-008,-0.003495626
-2.9603e-008,-0.003966201
-2.9203e-008,-0.002319186
-2.8803e-008,0.0002689811
-2.8403e-008,0.001798353
-2.8003e-008,0.000621913
-2.7603e-008,-0.00243683
-2.7203e-008,-0.003142694
-2.6803e-008,-0.001613322
-2.6403e-008,0.0005042691
-2.6003e-008,0.001092489
-2.5603e-008,-0.0005545266
-2.5203e-008,-0.002083898
-2.4803e-008,-0.002554474
-2.4403e-008,-0.001025102
-2.4003e-008,0.0008572009
-2.3603e-008,0.001327777
-2.3203e-008,-8.395073e-005
-2.2803e-008,-0.001142746
-2.2403e-008,-0.00184861
-2.2003e-008,-0.002554474
-2.1603e-008,-0.002672118
-2.1203e-008,-0.002083898
-2.0803e-008,-0.0002015947
-2.0403e-008,0.001445421
-2.0003e-008,0.001445421
-1.9603e-008,-0.0004368826
-1.9203e-008,-0.00184861
-1.8803e-008,-0.002319186
-1.8403e-008,-0.002083898
-1.8003e-008,-0.0006721705
-1.7603e-008,0.000739557
-1.7203e-008,0.001563065
-1.6803e-008,0.001798353
-1.6403e-008,0.0002689811
-1.6003e-008,-0.001495678
-1.5603e-008,-0.002083898
-1.5203e-008,-0.001495678
-1.4803e-008,-8.395073e-005
-1.4403e-008,0.0005042691
-1.4003e-008,-0.0004368826
-1.3603e-008,-0.001142746
-1.3203e-008,-0.001495678
-1.2803e-008,-0.001025102
-1.2403e-008,-0.0002015947
-1.2003e-008,-0.0005545266
-1.1603e-008,-0.001142746
-1.1203e-008,-0.0005545266
-1.0803e-008,0.0002689811
-1.0403e-008,0.001092489
-1.0003e-008,0.001210133
-9.603e-009,-0.0004368826
-9.203e-009,-0.002554474
-8.803e-009,-0.002907406
-8.403e-009,-0.003142694
-8.003e-009,-0.003260338
-7.603e-009,-0.00302505
-7.203e-009,-0.001142746
-6.803e-009,0.001915997
-6.403e-009,0.003445368
-6.003e-009,0.002151284
-5.603e-009,-0.0002015947
-5.203e-009,-0.00184861
-4.803e-009,-0.001495678
-4.403e-009,-0.0009074584
-4.003e-009,-0.001730966
-3.603e-009,-0.003260338
-3.203e-009,-0.004201489
-2.803e-009,-0.002201542
-2.403e-009,0.001915997
-2.003e-009,0.004268876
-1.603e-009,0.003915944
-1.203e-009,0.000621913
-8.03e-010,-0.002554474
-4.03e-010,-0.00302505
-3e-012,-0.00184861
3.97e-010,-8.395073e-005
7.97e-010,0.0003866251
1.197e-009,-0.0006721705
1.597e-009,-0.001613322
1.997e-009,-0.001966254
2.397e-009,-0.00126039
2.797e-009,-0.0002015947
3.197e-009,0.0003866251
3.597e-009,0.0002689811
3.997e-009,-0.0005545266
4.397e-009,-0.0005545266
4.797e-009,0.0009748449
5.197e-009,0.001563065
5.597e-009,0.0008572009
5.997e-009,-0.001966254
6.397e-009,-0.004436777
6.797e-009,-0.004907353
7.197e-009,-0.003848557
7.597e-009,-0.002554474
7.997e-009,-0.0009074584
8.397e-009,0.0009748449
8.797e-009,0.002268928
9.197e-009,0.002151284
9.597e-009,0.0008572009
9.997e-009,-0.001730966
1.0397e-008,-0.004319133
1.0797e-008,-0.004436777
1.1197e-008,-0.002201542
1.1597e-008,0.0002689811
1.1997e-008,0.001092489
1.2397e-008,0.0003866251
1.2797e-008,-0.0003192386
1.3197e-008,-0.001025102
1.3597e-008,-0.00126039
1.3997e-008,-8.395073e-005
1.4397e-008,0.0008572009
1.4797e-008,0.000739557
1.5197e-008,0.000739557
1.5597e-008,0.001445421
1.5997e-008,0.001092489
1.6397e-008,-0.0006721705
1.6797e-008,-0.002789762
1.7197e-008,-0.00302505
1.7597e-008,-0.001613322
1.7997e-008,3.369323e-005
1.8397e-008,0.001327777
1.8797e-008,0.0008572009
1.9197e-008,-0.0007898145
1.9597e-008,-0.002907406
1.9997e-008,-0.002907406
2.0397e-008,-0.0007898145
2.0797e-008,0.0008572009
2.1197e-008,0.001798353
2.1597e-008,0.001445421
2.1997e-008,-8.395073e-005
2.2397e-008,-0.001966254
2.2797e-008,-0.003377982
2.3197e-008,-0.002789762
2.3597e-008,-0.0009074584
2.3997e-008,0.001680709
2.4397e-008,0.002268928
2.4797e-008,0.001092489
2.5197e-008,-0.001378034
2.5597e-008,-0.004083845
2.5997e-008,-0.004907353
2.6397e-008,-0.002907406
2.6797e-008,0.000739557
2.7197e-008,0.003680656
2.7597e-008,0.003915944
2.7997e-008,0.001327777
2.8397e-008,-0.001025102
2.8797e-008,-0.001966254
2.9197e-008,-0.002201542
2.9597e-008,-0.00243683
2.9997e-008,-0.003260338
3.0397e-008,-0.003260338
3.0797e-008,-0.001495678
3.1197e-008,0.001210133
3.1597e-008,0.002151284
3.1997e-008,0.001680709
3.2397e-008,-8.395073e-005
3.2797e-008,-0.001966254
3.3197e-008,-0.002083898
3.3597e-008,-0.001142746
3.3997e-008,-0.0004368826
3.4397e-008,3.369323e-005
3.4797e-008,0.0005042691
3.5197e-008,0.001915997
3.5597e-008,0.00262186
3.5997e-008,0.001210133
3.6397e-008,-0.001613322
3.6797e-008,-0.004083845
3.7197e-008,-0.003848557
3.7597e-008,-0.001142746
3.7997e-008,0.000739557
3.8397e-008,0.001327777
3.8797e-008,0.000621913
3.9197e-008,-0.0009074584
3.9597e-008,-0.001495678
3.9997e-008,-0.001378034
4.0397e-008,-0.001142746
4.0797e-008,-0.0004368826
4.1197e-008,0.0009748449
4.1597e-008,0.001915997
4.1997e-008,0.0005042691
4.2397e-008,-0.00184861
4.2797e-008,-0.002907406
4.3197e-008,-0.001495678
4.3597e-008,3.369323e-005
4.3997e-008,0.0008572009
4.4397e-008,0.0009748449
4.4797e-008,0.0008572009
4.5197e-008,0.000739557
4.5597e-008,0.000739557
4.5997e-008,-0.0007898145
4.6397e-008,-0.003495626
4.6797e-008,-0.005377929
4.7197e-008,-0.003260338
4.7597e-008,0.0003866251
4.7997e-008,0.002857148
4.8397e-008,0.00262186
4.8797e-008,-0.0004368826
4.9197e-008,-0.002789762
4.9597e-008,-0.001966254
4.9997e-008,-0.0006721705
5.0397e-008,0.0003866251
5.0797e-008,0.000739557
5.1197e-008,-0.0002015947
5.1597e-008,3.369323e-005
5.1997e-008,0.000739557
5.2397e-008,0.000621913
5.2797e-008,-0.0006721705
5.3197e-008,-0.00184861
5.3597e-008,-0.002672118
5.3997e-008,-0.002083898
5.4397e-008,-0.0007898145
5.4797e-008,0.0001513372
5.5197e-008,-0.0004368826
5.5597e-008,-0.001495678
5.5997e-008,-0.002201542
5.6397e-008,-0.002672118
5.6797e-008,-0.002319186
5.7197e-008,-0.0009074584
5.7597e-008,0.001445421
5.7997e-008,0.002033641
5.8397e-008,0.0003866251
5.8797e-008,-0.0004368826
5.9197e-008,3.369323e-005
5.9597e-008,0.0009748449
5.9997e-008,0.001680709
6.0397e-008,0.001092489
6.0797e-008,-0.0005545266
6.1197e-008,-0.001495678
6.1597e-008,-0.001025102
6.1997e-008,0.0005042691
6.2397e-008,0.001445421
6.2797e-008,0.000621913
6.3197e-008,-0.0009074584
6.3597e-008,-0.002201542
6.3997e-008,-0.001966254
6.4397e-008,-0.001378034
6.4797e-008,-0.00184861
6.5197e-008,-0.002319186
6.5597e-008,-0.002554474
6.5997e-008,-0.001378034
6.6397e-008,0.0005042691
6.6797e-008,0.001915997
6.7197e-008,0.002151284
6.7597e-008,0.001563065
6.7997e-008,0.0005042691
6.8397e-008,-8.395073e-005
6.8797e-008,-0.0002015947
6.9197e-008,3.369323e-005
6.9597e-008,0.0008572009
6.9997e-008,0.001092489
7.0397e-008,-0.0009074584
7.0797e-008,-0.003613269
7.1197e-008,-0.005260285
7.1597e-008,-0.004554421
7.1997e-008,-0.002319186
7.2397e-008,-0.00126039
7.2797e-008,-0.001378034
7.3197e-008,-0.002083898
7.3597e-008,-0.00302505
7.3997e-008,-0.002319186
7.4397e-008,-0.0005545266
7.4797e-008,0.000739557
7.5197e-008,0.002033641
7.5597e-008,0.002974792
7.5997e-008,0.002739504
7.6397e-008,0.0003866251
7.6797e-008,-0.002672118
7.7197e-008,-0.003730913
7.7597e-008,-0.00243683
7.7997e-008,0.0002689811
7.8397e-008,0.001680709
7.8797e-008,0.0008572009
7.9197e-008,-0.00184861
7.9597e-008,-0.002789762
7.9997e-008,-0.00126039
8.0397e-008,0.001327777
8.0797e-008,0.001680709
8.1197e-008,0.000621913
8.1597e-008,-0.00126039
8.1997e-008,-0.002789762
8.2397e-008,-0.002083898
8.2797e-008,-0.0002015947
8.3197e-008,0.001915997
8.3597e-008,0.002739504
8.3997e-008,0.0009748449
8.4397e-008,-0.001966254
8.4797e-008,-0.003495626
8.5197e-008,-0.002907406
8.5597e-008,-0.0005545266
8.5997e-008,0.001210133
8.6397e-008,0.001445421
8.6797e-008,0.000621913
8.7197e-008,-0.0007898145
8.7597e-008,-0.001495678
8.7997e-008,-0.001025102
8.8397e-008,-8.395073e-005
8.8797e-008,0.0008572009
8.9197e-008,0.000621913
8.9597e-008,-0.0003192386
8.9997e-008,-0.002319186
9.0397e-008,-0.003260338
9.0797e-008,-0.002319186
9.1197e-008,-8.395073e-005
9.1597e-008,0.001327777
9.1997e-008,0.000621913
9.2397e-008,-0.0007898145
9.2797e-008,-0.001025102
9.3197e-008,0.0001513372
9.3597e-008,0.001210133
9.3997e-008,0.0003866251
9.4397e-008,-0.00126039
9.4797e-008,-0.001142746
9.5197e-008,0.0008572009
9.5597e-008,0.003092436
9.5997e-008,0.002974792
9.6397e-008,-0.001142746
9.6797e-008,-0.004436777
9.7197e-008,-0.004319133
9.7597e-008,-0.0005545266
9.7997e-008,0.00321008
9.8397e-008,0.002739504
9.8797e-008,-0.001966254
9.9197e-008,-0.006083793
9.9597e-008,-0.006201437
9.9997e-008,-0.002789762
1.00397e-007,0.001445421
1.00797e-007,0.003445368
1.01197e-007,0.001680709
1.01597e-007,-0.001495678
1.01997e-007,-0.003848557
1.02397e-007,-0.003848557
1.02797e-007,-0.001613322
1.03197e-007,0.0001513372
1.03597e-007,0.0008572009
1.03997e-007,0.0003866251
1.04397e-007,-8.395073e-005
1.04797e-007,-0.0007898145
1.05197e-007,-0.0009074584
1.05597e-007,-0.001025102
1.05997e-007,-0.0009074584
1.06397e-007,-0.0007898145
1.06797e-007,-0.001142746
1.07197e-007,-0.00126039
1.07597e-007,-0.001378034
1.07997e-007,-0.001142746
1.08397e-007,0.0003866251
1.08797e-007,0.002857148
1.09197e-007,0.00321008
1.09597e-007,0.001092489
1.09997e-007,-0.002083898
1.10397e-007,-0.003966201
1.10797e-007,-0.004083845
1.11197e-007,-0.00243683
1.11597e-007,-0.0007898145
1.11997e-007,0.0001513372
1.12397e-007,0.000621913
1.12797e-007,3.369323e-005
1.13197e-007,-0.001142746
1.13597e-007,-0.001613322
1.13997e-007,-0.002083898
1.14397e-007,-0.001966254
1.14797e-007,-0.001966254
1.15197e-007,-0.00243683
1.15597e-007,-0.002789762
1.15997e-007,-0.002554474
1.16397e-007,-0.001025102
1.16797e-007,0.001092489
1.17197e-007,0.001915997
1.17597e-007,0.0003866251
1.17997e-007,-0.002083898
1.18397e-007,-0.003495626
1.18797e-007,-0.00302505
1.19197e-007,-0.0009074584
1.19597e-007,0.001915997
1.19997e-007,0.002268928
1.20397e-007,3.369323e-005
1.20797e-007,-0.002201542
1.21197e-007,-0.002083898
1.21597e-007,-0.0005545266
1.21997e-007,0.001563065
1.22397e-007,0.002268928
1.22797e-007,0.0005042691
1.23197e-007,-0.00243683
1.23597e-007,-0.003730913
1.23997e-007,-0.001966254
1.24397e-007,-0.0002015947
1.24797e-007,0.0003866251
1.25197e-007,0.0005042691
1.25597e-007,0.0005042691
1.25997e-007,0.001327777
1.26397e-007,0.002857148
1.26797e-007,0.001445421
1.27197e-007,-0.001613322
1.27597e-007,-0.004319133
1.27997e-007,-0.003966201
1.28397e-007,-0.0007898145
1.28797e-007,0.002739504
1.29197e-007,0.002974792
1.29597e-007,0.0002689811
1.29997e-007,-0.00302505
1.30397e-007,-0.004789709
1.30797e-007,-0.002907406
1.31197e-007,0.0003866251
1.31597e-007,0.001915997
1.31997e-007,0.001092489
1.32397e-007,-0.0007898145
1.32797e-007,-0.001025102
1.33197e-007,-0.0006721705
1.33597e-007,-8.395073e-005
1.33997e-007,-0.0002015947
1.34397e-007,-0.00126039
1.34797e-007,-0.001613322
1.35197e-007,-0.0007898145
1.35597e-007,0.0009748449
1.35997e-007,0.002033641
1.36397e-007,0.000621913
1.36797e-007,-0.001730966
1.37197e-007,-0.002319186
1.37597e-007,-0.00126039
1.37997e-007,0.0008572009
1.38397e-007,0.002151284
1.38797e-007,0.0005042691
1.39197e-007,-0.00302505
1.39597e-007,-0.005613217
1.39997e-007,-0.005377929
1.40397e-007,-0.002907406
1.40797e-007,3.369323e-005
1.41197e-007,0.001210133
1.41597e-007,0.001563065
1.41997e-007,0.001563065
1.42397e-007,0.001680709
1.42797e-007,0.0005042691
1.43197e-007,-0.001025102
1.43597e-007,-0.00184861
1.43997e-007,-0.001142746
1.44397e-007,0.001680709
1.44797e-007,0.003445368
1.45197e-007,0.002974792
1.45597e-007,0.0003866251
1.45997e-007,-0.002789762
1.46397e-007,-0.003966201
1.46797e-007,-0.00302505
1.47197e-007,-0.0007898145
1.47597e-007,0.0005042691
1.47997e-007,0.000621913
1.48397e-007,3.369323e-005
1.48797e-007,-0.0006721705
1.49197e-007,-0.001495678
1.49597e-007,-0.002201542
1.49997e-007,-0.002672118
1.50397e-007,-0.003142694
1.50797e-007,-0.002319186
1.51197e-007,-0.0005545266
1.51597e-007,0.0008572009
1.51997e-007,0.001210133
1.52397e-007,0.0008572009
1.52797e-007,0.0008572009
1.53197e-007,0.0009748449
1.53597e-007,0.000621913
1.53997e-007,-0.0006721705
1.54397e-007,-0.00302505
1.54797e-007,-0.004319133
1.55197e-007,-0.003377982
1.55597e-007,-0.0004368826
1.55997e-007,0.002504216
1.56397e-007,0.003445368
1.56797e-007,0.002151284
1.57197e-007,0.000739557
1.57597e-007,-0.0002015947
1.57997e-007,0.0005042691
1.58397e-007,0.0009748449
1.58797e-007,-0.0002015947
1.59197e-007,-0.002083898
1.59597e-007,-0.004672065
1.59997e-007,-0.005613217
1.60397e-007,-0.004201489
1.60797e-007,-0.001378034
1.61197e-007,0.002151284
1.61597e-007,0.004268876
1.61997e-007,0.002857148
1.62397e-007,0.0002689811
1.62797e-007,-0.002083898
1.63197e-007,-0.002554474
1.63597e-007,-0.001495678
1.63997e-007,-0.0007898145
1.64397e-007,-0.001378034
1.64797e-007,-0.002319186
1.65197e-007,-0.003377982
1.65597e-007,-0.00243683
1.65997e-007,-0.0003192386
1.66397e-007,0.001915997
1.66797e-007,0.002974792
1.67197e-007,0.001798353
1.67597e-007,-0.0004368826
1.67997e-007,-0.002201542
1.68397e-007,-0.002319186
1.68797e-007,-0.0003192386
1.69197e-007,0.001798353
1.69597e-007,0.002033641
1.69997e-007,-0.0003192386
1.70397e-007,-0.00302505
1.70797e-007,-0.003377982
1.71197e-007,-0.001142746
1.71597e-007,0.002151284
1.71997e-007,0.0037983
1.72397e-007,0.002386572
1.72797e-007,-0.0009074584
1.73197e-007,-0.002907406
1.73597e-007,-0.003260338
1.73997e-007,-0.00302505
1.74397e-007,-0.00243683
1.74797e-007,-0.002319186
1.75197e-007,-0.001495678
1.75597e-007,0.0001513372
1.75997e-007,0.0005042691
1.76397e-007,0.0001513372
1.76797e-007,0.0002689811
1.77197e-007,0.0005042691
1.77597e-007,0.001680709
1.77997e-007,0.001563065
1.78397e-007,3.369323e-005
1.78797e-007,-0.001730966
1.79197e-007,-0.002554474
1.79597e-007,-0.0006721705
1.79997e-007,0.001798353
1.80397e-007,0.00262186
1.80797e-007,0.001210133
1.81197e-007,-0.0005545266
1.81597e-007,-0.001613322
1.81997e-007,-0.0007898145
1.82397e-007,0.000621913
1.82797e-007,0.0008572009
1.83197e-007,-0.0003192386
1.83597e-007,-0.00126039
1.83997e-007,-0.001730966
1.84397e-007,-0.001966254
1.84797e-007,-0.002083898
1.85197e-007,-0.00126039
1.85597e-007,-0.0002015947
1.85997e-007,0.0003866251
1.86397e-007,-0.0005545266
1.86797e-007,-0.002201542
1.87197e-007,-0.002554474
1.87597e-007,-0.002083898
1.87997e-007,-0.0005545266
1.88397e-007,0.0002689811
1.88797e-007,-0.001025102
1.89197e-007,-0.00302505
1.89597e-007,-0.003730913
1.89997e-007,-0.002201542
1.90397e-007,3.369323e-005
1.90797e-007,0.001092489
1.91197e-007,0.000739557
1.91597e-007,3.369323e-005
1.91997e-007,0.0008572009
1.92397e-007,0.001798353
1.92797e-007,0.002151284
1.93197e-007,0.0009748449
1.93597e-007,-0.0009074584
1.93997e-007,-0.002672118
1.94397e-007,-0.002083898
1.94797e-007,-0.0002015947
1.95197e-007,0.000739557
1.95597e-007,-8.395073e-005
1.95997e-007,-0.002083898
1.96397e-007,-0.002907406
1.96797e-007,-0.002672118
1.97197e-007,-0.00184861
1.97597e-007,-0.0005545266
1.97997e-007,0.000739557
1.98397e-007,0.001680709
1.98797e-007,0.001210133
1.99197e-007,3.369323e-005
1.99597e-007,-0.001966254
1.99997e-007,-0.003495626
2.00397e-007,-0.002907406
2.00797e-007,-0.001495678
2.01197e-007,-0.0006721705
2.01597e-007,-0.0009074584
2.01997e-007,-8.395073e-005
2.02397e-007,0.001210133
2.02797e-007,0.001445421
2.03197e-007,-0.0002015947
2.03597e-007,-0.003377982
2.03997e-007,-0.005142641
2.04397e-007,-0.003613269
2.04797e-007,0.0001513372
2.05197e-007,0.00262186
2.05597e-007,0.001563065
2.05997e-007,-0.001613322
2.06397e-007,-0.003613269
2.06797e-007,-0.002083898
2.07197e-007,0.0005042691
2.07597e-007,0.001680709
2.07997e-007,0.0008572009
2.08397e-007,-0.001025102
2.08797e-007,-0.00302505
2.09197e-007,-0.003260338
2.09597e-007,-0.002554474
2.09997e-007,-0.001730966
2.10397e-007,-0.001025102
2.10797e-007,-0.0007898145
2.11197e-007,-0.0004368826
2.11597e-007,-0.001142746
2.11997e-007,-0.001966254
2.12397e-007,-0.0009074584
2.12797e-007,0.001092489
2.13197e-007,0.002151284
2.13597e-007,0.001915997
2.13997e-007,0.0003866251
2.14397e-007,-0.001025102
2.14797e-007,-0.00126039
2.15197e-007,0.0001513372
2.15597e-007,0.001445421
2.15997e-007,0.001092489
2.16397e-007,-0.0002015947
2.16797e-007,-0.001495678
2.17197e-007,-0.001730966
2.17597e-007,-0.0007898145
2.17997e-007,0.0008572009
2.18397e-007,0.001210133
2.18797e-007,-8.395073e-005
2.19197e-007,-0.001966254
2.19597e-007,-0.001966254
2.19997e-007,0.0001513372
2.20397e-007,0.002739504
2.20797e-007,0.003563012
2.21197e-007,0.001798353
2.21597e-007,-0.001966254
2.21997e-007,-0.004789709
2.22397e-007,-0.004672065
2.22797e-007,-0.002789762
2.23197e-007,-0.0003192386
2.23597e-007,0.0003866251
2.23997e-007,-0.0002015947
2.24397e-007,-0.0005545266
2.24797e-007,-0.0007898145
2.25197e-007,-0.001142746
2.25597e-007,-0.001495678
2.25997e-007,-0.001378034
2.26397e-007,0.0003866251
2.26797e-007,0.001680709
2.27197e-007,0.001680709
2.27597e-007,0.000739557
2.27997e-007,-0.001142746
2.28397e-007,-0.001613322
2.28797e-007,-8.395073e-005
2.29197e-007,0.0008572009
2.29597e-007,-0.0007898145
2.29997e-007,-0.003966201
2.30397e-007,-0.005848505
2.30797e-007,-0.003966201
2.31197e-007,-0.0003192386
2.31597e-007,0.001798353
2.31997e-007,0.001445421
2.32397e-007,-0.0004368826
2.32797e-007,-0.001378034
2.33197e-007,-0.001025102
2.33597e-007,-0.001613322
2.33997e-007,-0.004083845
2.34397e-007,-0.006083793
2.34797e-007,-0.005260285
2.35197e-007,-0.0005545266
2.35597e-007,0.00438652
2.35997e-007,0.005680603
2.36397e-007,0.002739504
2.36797e-007,-0.0003192386
2.37197e-007,-0.0009074584
2.37597e-007,0.000621913
2.37997e-007,0.002857148
2.38397e-007,0.002739504
2.38797e-007,0.0001513372
2.39197e-007,-0.002789762
2.39597e-007,-0.003848557
2.39997e-007,-0.002907406
2.40397e-007,-0.002083898
2.40797e-007,-0.0004368826
2.41197e-007,0.001563065
2.41597e-007,0.00262186
2.41997e-007,0.001327777
2.42397e-007,-0.0005545266
2.42797e-007,-0.002083898
2.43197e-007,-0.002201542
2.43597e-007,-0.001142746
2.43997e-007,-8.395073e-005
2.44397e-007,-0.0004368826
2.44797e-007,-0.00126039
2.45197e-007,-0.001378034
2.45597e-007,-0.0002015947
2.45997e-007,0.001327777
2.46397e-007,0.002151284
2.46797e-007,0.0009748449
2.47197e-007,-0.002083898
2.47597e-007,-0.003966201
2.47997e-007,-0.003966201
2.48397e-007,-0.002083898
2.48797e-007,0.000739557
2.49197e-007,0.00262186
2.49597e-007,0.002033641
2.49997e-007,3.369323e-005
2.50397e-007,-0.001495678
2.50797e-007,-0.001378034
2.51197e-007,-0.0006721705
2.51597e-007,-0.0005545266
2.51997e-007,-0.0005545266
2.52397e-007,-0.0003192386
2.52797e-007,0.0001513372
2.53197e-007,0.0008572009
2.53597e-007,0.000621913
2.53997e-007,0.0001513372
2.54397e-007,0.0008572009
2.54797e-007,0.002033641
2.55197e-007,0.003092436
2.55597e-007,0.002151284
2.55997e-007,-0.0003192386
2.56397e-007,-0.002319186
2.56797e-007,-0.003495626
2.57197e-007,-0.002672118
2.57597e-007,-0.001495678
2.57997e-007,-0.001495678
2.58397e-007,-0.00243683
2.58797e-007,-0.002554474
2.59197e-007,-0.001378034
2.59597e-007,0.000621913
2.59997e-007,0.0003866251
2.60397e-007,-0.00126039
2.60797e-007,-0.00243683
2.61197e-007,-0.002789762
2.61597e-007,-0.001142746
2.61997e-007,0.0009748449
2.62397e-007,0.001092489
2.62797e-007,-8.395073e-005
2.63197e-007,-0.0009074584
2.63597e-007,-0.0004368826
2.63997e-007,0.0002689811
2.64397e-007,0.0003866251
2.64797e-007,-0.0005545266
2.65197e-007,-0.001378034
2.65597e-007,-0.0009074584
2.65997e-007,-0.0005545266
2.66397e-007,-0.0006721705
2.66797e-007,-0.002083898
2.67197e-007,-0.003260338
2.67597e-007,-0.002319186
2.67997e-007,3.369323e-005
2.68397e-007,0.001092489
2.68797e-007,0.001092489
2.69197e-007,0.0005042691
2.69597e-007,0.0001513372
2.69997e-007,0.000739557
2.70397e-007,0.001092489
2.70797e-007,-0.0002015947
2.71197e-007,-0.001966254
2.71597e-007,-0.002672118
2.71997e-007,-0.002319186
2.72397e-007,-0.001142746
2.72797e-007,0.0003866251
2.73197e-007,0.001210133
2.73597e-007,0.000739557
2.73997e-007,-0.0009074584
2.74397e-007,-0.002083898
2.74797e-007,-0.002083898
2.75197e-007,-0.0003192386
2.75597e-007,0.002033641
2.75997e-007,0.001798353
2.76397e-007,-0.0003192386
2.76797e-007,-0.003613269
2.77197e-007,-0.004672065
2.77597e-007,-0.003142694
2.77997e-007,-0.001025102
2.78397e-007,0.0002689811
2.78797e-007,0.0001513372
2.79197e-007,-0.0004368826
2.79597e-007,-0.0006721705
2.79997e-007,0.0005042691
2.80397e-007,0.001563065
2.80797e-007,0.002151284
2.81197e-007,0.002151284
2.81597e-007,0.0003866251
2.81997e-007,-0.001730966
2.82397e-007,-0.002201542
2.82797e-007,-0.001142746
2.83197e-007,0.001563065
2.83597e-007,0.003680656
2.83997e-007,0.003092436
2.84397e-007,-0.0002015947
2.84797e-007,-0.003142694
2.85197e-007,-0.003377982
2.85597e-007,-0.0007898145
2.85997e-007,0.001210133
2.86397e-007,0.000621913
2.86797e-007,-0.00302505
2.87197e-007,-0.005848505
2.87597e-007,-0.005142641
2.87997e-007,-0.0009074584
2.88397e-007,0.00262186
2.88797e-007,0.00262186
2.89197e-007,-0.0004368826
2.89597e-007,-0.003495626
2.89997e-007,-0.003730913
2.90397e-007,-0.0007898145
2.90797e-007,0.002151284
2.91197e-007,0.002857148
2.91597e-007,0.001445421
2.91997e-007,-0.0002015947
2.92397e-007,-0.0004368826
2.92797e-007,0.001092489
2.93197e-007,0.001563065
2.93597e-007,0.0002689811
2.93997e-007,-0.002083898
2.94397e-007,-0.00302505
2.94797e-007,-0.002554474
2.95197e-007,-0.001495678
2.95597e-007,-0.0006721705
2.95997e-007,-0.0003192386
2.96397e-007,-0.001025102
2.96797e-007,-0.001378034
2.97197e-007,-0.0009074584
2.97597e-007,-8.395073e-005
2.97997e-007,0.000621913
2.98397e-007,0.001327777
2.98797e-007,0.001327777
2.99197e-007,0.0008572009
2.99597e-007,-8.395073e-005
2.99997e-007,-0.00126039
3.00397e-007,-0.00184861
3.00797e-007,-0.00243683
3.01197e-007,-0.003142694
3.01597e-007,-0.003730913
3.01997e-007,-0.003260338
3.02397e-007,-0.002083898
3.02797e-007,-0.0005545266
3.03197e-007,3.369323e-005
3.03597e-007,-8.395073e-005
3.03997e-007,0.0001513372
3.04397e-007,0.0008572009
3.04797e-007,0.001210133
3.05197e-007,0.001092489
3.05597e-007,0.001327777
3.05997e-007,0.0005042691
3.06397e-007,-0.0004368826
3.06797e-007,-0.001966254
3.07197e-007,-0.003377982
3.07597e-007,-0.002554474
3.07997e-007,-0.0004368826
3.08397e-007,0.001798353
3.08797e-007,0.002151284
3.09197e-007,-0.0003192386
3.09597e-007,-0.004319133
3.09997e-007,-0.006436724
3.10397e-007,-0.004319133
3.10797e-007,0.001210133
3.11197e-007,0.005562959
3.11597e-007,0.006268823
3.11997e-007,0.003327724
3.12397e-007,-0.0003192386
3.12797e-007,-0.001495678
3.13197e-007,-0.0004368826
3.13597e-007,0.000739557
3.13997e-007,-0.0005545266
3.14397e-007,-0.003966201
3.14797e-007,-0.006083793
3.15197e-007,-0.004319133
3.15597e-007,-0.0004368826
3.15997e-007,0.001915997
3.16397e-007,0.001915997
3.16797e-007,-0.0007898145
3.17197e-007,-0.002554474
3.17597e-007,-0.001613322
3.17997e-007,0.0005042691
3.18397e-007,0.001092489
3.18797e-007,-0.0002015947
3.19197e-007,-0.001495678
3.19597e-007,-0.001730966
3.19997e-007,-8.395073e-005
3.20397e-007,0.0009748449
3.20797e-007,3.369323e-005
3.21197e-007,-0.001613322
3.21597e-007,-0.001730966
3.21997e-007,0.0001513372
3.22397e-007,0.001798353
3.22797e-007,0.001210133
3.23197e-007,-0.001495678
3.23597e-007,-0.003377982
3.23997e-007,-0.002789762
3.24397e-007,-0.0003192386
3.24797e-007,0.001210133
3.25197e-007,-0.0005545266
3.25597e-007,-0.00302505
3.25997e-007,-0.003260338
3.26397e-007,-0.001730966
3.26797e-007,-0.0005545266
3.27197e-007,-0.0007898145
3.27597e-007,-0.00184861
3.27997e-007,-0.001730966
3.28397e-007,0.000739557
3.28797e-007,0.003092436
3.29197e-007,0.003563012
3.29597e-007,0.002033641
3.29997e-007,3.369323e-005
3.30397e-007,-0.001142746
3.30797e-007,-0.001966254
3.31197e-007,-0.00184861
3.31597e-007,-0.002083898
3.31997e-007,-0.002554474
3.32397e-007,-0.001730966
3.32797e-007,0.0002689811
3.33197e-007,0.002151284
3.33597e-007,0.001915997
3.33997e-007,0.0005042691
3.34397e-007,-0.0007898145
3.34797e-007,-0.001966254
3.35197e-007,-0.001730966
3.35597e-007,-0.0007898145
3.35997e-007,0.0001513372
3.36397e-007,0.001327777
3.36797e-007,0.001092489
3.37197e-007,-0.0004368826
3.37597e-007,-0.001966254
3.37997e-007,-0.002789762
3.38397e-007,-0.001495678
3.38797e-007,0.0008572009
3.39197e-007,0.002386572
3.39597e-007,0.001092489
3.39997e-007,-0.002554474
3.40397e-007,-0.005024997
3.40797e-007,-0.004789709
3.41197e-007,-0.00184861
3.41597e-007,0.001327777
3.41997e-007,0.002857148
3.42397e-007,0.001680709
3.42797e-007,-0.0005545266
3.43197e-007,-0.002554474
3.43597e-007,-0.002907406
3.43997e-007,-0.001142746
3.44397e-007,0.0002689811
3.44797e-007,0.001210133
3.45197e-007,0.0003866251
3.45597e-007,-0.001142746
3.45997e-007,-0.00184861
3.46397e-007,-0.001142746
3.46797e-007,0.0003866251
3.47197e-007,0.001563065
3.47597e-007,-8.395073e-005
3.47997e-007,-0.003260338
3.48397e-007,-0.005024997
3.48797e-007,-0.003613269
3.49197e-007,0.0001513372
3.49597e-007,0.002386572
3.49997e-007,0.002504216
3.50397e-007,0.001210133
3.50797e-007,-0.0005545266
3.51197e-007,-0.001142746
3.51597e-007,-0.0004368826
3.51997e-007,0.0003866251
3.52397e-007,0.0009748449
3.52797e-007,0.001327777
3.53197e-007,0.001210133
3.53597e-007,0.0009748449
3.53997e-007,0.000621913
3.54397e-007,-0.001142746
3.54797e-007,-0.002907406
3.55197e-007,-0.002201542
3.55597e-007,0.0001513372
3.55997e-007,0.00262186
3.56397e-007,0.003092436
3.56797e-007,0.000739557
3.57197e-007,-0.002319186
3.57597e-007,-0.003142694
3.57997e-007,-0.00184861
3.58397e-007,3.369323e-005
3.58797e-007,0.000739557
3.59197e-007,0.0005042691
3.59597e-007,-0.0006721705
3.59997e-007,-0.001142746
3.60397e-007,-0.0009074584
3.60797e-007,-0.001142746
3.61197e-007,-0.00126039
3.61597e-007,-0.00126039
3.61997e-007,-0.0003192386
3.62397e-007,0.0009748449
3.62797e-007,0.001210133
3.63197e-007,3.369323e-005
3.63597e-007,-0.001730966
3.63997e-007,-0.00184861
3.64397e-007,-0.0002015947
3.64797e-007,0.002386572
3.65197e-007,0.003445368
3.65597e-007,0.001915997
3.65997e-007,-0.0003192386
3.66397e-007,-0.00184861
3.66797e-007,-0.002201542
3.67197e-007,-0.001730966
3.67597e-007,-0.001142746
3.67997e-007,-0.00126039
3.68397e-007,-0.001495678
3.68797e-007,-0.00126039
3.69197e-007,0.0001513372
3.69597e-007,0.002151284
3.69997e-007,0.002857148
3.70397e-007,0.0009748449
3.70797e-007,-0.001966254
3.71197e-007,-0.003730913
3.71597e-007,-0.003495626
3.71997e-007,-0.001378034
3.72397e-007,0.001210133
3.72797e-007,0.002268928
3.73197e-007,0.001327777
3.73597e-007,-0.0006721705
3.73997e-007,-0.002201542
3.74397e-007,-0.00302505
3.74797e-007,-0.003495626
3.75197e-007,-0.003495626
3.75597e-007,-0.002083898
3.75997e-007,0.0005042691
3.76397e-007,0.001915997
3.76797e-007,0.002504216
3.77197e-007,0.001915997
3.77597e-007,0.001563065
3.77997e-007,0.001092489
3.78397e-007,0.0002689811
3.78797e-007,-0.0009074584
3.79197e-007,-0.002083898
3.79597e-007,-0.001495678
3.79997e-007,0.0003866251
3.80397e-007,0.0009748449
3.80797e-007,0.000621913
3.81197e-007,3.369323e-005
3.81597e-007,-0.0004368826
3.81997e-007,0.0002689811
3.82397e-007,0.001092489
3.82797e-007,-8.395073e-005
3.83197e-007,-0.00243683
3.83597e-007,-0.003142694
3.83997e-007,-0.001613322
3.84397e-007,0.0009748449
3.84797e-007,0.001445421
3.85197e-007,-0.0004368826
3.85597e-007,-0.00184861
3.85997e-007,-0.002319186
3.86397e-007,-0.001966254
3.86797e-007,-0.001378034
3.87197e-007,-0.001025102
3.87597e-007,-0.0005545266
3.87997e-007,0.0008572009
3.88397e-007,0.002151284
3.88797e-007,0.001445421
3.89197e-007,-0.0005545266
3.89597e-007,-0.00243683
3.89997e-007,-0.002907406
3.90397e-007,-0.001025102
3.90797e-007,0.0003866251
3.91197e-007,0.0008572009
3.91597e-007,0.002033641
3.91997e-007,0.002857148
3.92397e-007,0.002033641
3.92797e-007,-0.0003192386
3.93197e-007,-0.002083898
3.93597e-007,-0.002554474
3.93997e-007,-0.001730966
3.94397e-007,-0.001025102
3.94797e-007,-0.001495678
3.95197e-007,-0.002083898
3.95597e-007,-0.00184861
3.95997e-007,-0.0003192386
3.96397e-007,0.0005042691
3.96797e-007,-0.0002015947
3.97197e-007,-0.001378034
3.97597e-007,-0.001378034
3.97997e-007,-0.0003192386
3.98397e-007,0.000621913
3.98797e-007,0.0002689811
3.99197e-007,-0.0003192386
3.99597e-007,-0.0009074584
3.99997e-007,-0.0007898145
4.00397e-007,-0.0004368826
4.00797e-007,-0.001378034
4.01197e-007,-0.002083898
4.01597e-007,-0.001025102
4.01997e-007,-8.395073e-005
4.02397e-007,0.001210133
4.02797e-007,0.000739557
4.03197e-007,-0.0007898145
4.03597e-007,-0.00184861
4.03997e-007,-0.0007898145
4.04397e-007,0.0008572009
4.04797e-007,0.0008572009
4.05197e-007,-0.0004368826
4.05597e-007,-0.001378034
4.05997e-007,-0.001142746
4.06397e-007,3.369323e-005
4.06797e-007,0.001092489
4.07197e-007,0.0008572009
4.07597e-007,3.369323e-005
4.07997e-007,0.0003866251
4.08397e-007,0.0005042691
4.08797e-007,0.000621913
4.09197e-007,-0.0004368826
4.09597e-007,-0.002554474
4.09997e-007,-0.00302505
4.10397e-007,-0.002201542
4.10797e-007,-0.001025102
4.11197e-007,-0.0002015947
4.11597e-007,-0.0005545266
4.11997e-007,-0.001730966
4.12397e-007,-0.001966254
4.12797e-007,-0.001966254
4.13197e-007,-0.001613322
4.13597e-007,-0.001378034
4.13997e-007,-0.0006721705
4.14397e-007,0.0008572009
4.14797e-007,0.001798353
4.15197e-007,0.001327777
4.15597e-007,-8.395073e-005
4.15997e-007,-0.0009074584
4.16397e-007,-0.0006721705
4.16797e-007,-0.0003192386
4.17197e-007,-0.0003192386
4.17597e-007,-0.001025102
4.17997e-007,-0.001142746
4.18397e-007,0.001092489
4.18797e-007,0.003915944
4.19197e-007,0.005445315
4.19597e-007,0.0037983
4.19997e-007,-0.0003192386
4.20397e-007,-0.003613269
4.20797e-007,-0.003848557
4.21197e-007,-0.002083898
4.21597e-007,-0.0007898145
4.21997e-007,-0.001025102
4.22397e-007,-0.001495678
4.22797e-007,-0.00184861
4.23197e-007,-0.00126039
4.23597e-007,-8.395073e-005
4.23997e-007,0.0003866251
4.24397e-007,-0.0003192386
4.24797e-007,-0.0006721705
4.25197e-007,-0.0005545266
4.25597e-007,-0.0005545266
4.25997e-007,-0.00126039
4.26397e-007,-0.00243683
4.26797e-007,-0.002319186
4.27197e-007,-0.0007898145
4.27597e-007,0.0005042691
4.27997e-007,0.001327777
4.28397e-007,0.0008572009
4.28797e-007,-0.0002015947
4.29197e-007,-0.001378034
4.29597e-007,-0.0009074584
4.29997e-007,-8.395073e-005
4.30397e-007,0.0001513372
4.30797e-007,0.0001513372
4.31197e-007,-8.395073e-005
4.31597e-007,-0.0005545266
4.31997e-007,-0.001495678
4.32397e-007,-0.00243683
4.32797e-007,-0.003495626
4.33197e-007,-0.003495626
4.33597e-007,-0.001025102
4.33997e-007,0.002739504
4.34397e-007,0.005798247
4.34797e-007,0.004857096
4.35197e-007,0.0002689811
4.35597e-007,-0.004083845
4.35997e-007,-0.006319081
4.36397e-007,-0.004789709
4.36797e-007,-0.001142746
4.37197e-007,0.001563065
4.37597e-007,0.001680709
4.37997e-007,3.369323e-005
4.38397e-007,-0.001966254
4.38797e-007,-0.003377982
4.39197e-007,-0.003730913
4.39597e-007,-0.002672118
4.39997e-007,-0.0006721705
4.40397e-007,0.0003866251
4.40797e-007,0.0003866251
4.41197e-007,-0.0004368826
4.41597e-007,-0.0003192386
4.41997e-007,0.0009748449
4.42397e-007,0.001915997
4.42797e-007,0.001445421
4.43197e-007,-0.001025102
4.43597e-007,-0.003966201
4.43997e-007,-0.004907353
4.44397e-007,-0.003848557
4.44797e-007,-0.0009074584
4.45197e-007,0.001680709
4.45597e-007,0.002504216
4.45997e-007,0.002268928
4.46397e-007,0.001915997
4.46797e-007,0.001092489
4.47197e-007,0.0005042691
4.47597e-007,-0.001142746
4.47997e-007,-0.002554474
4.48397e-007,-0.002201542
4.48797e-007,-0.0006721705
4.49197e-007,0.0008572009
4.49597e-007,0.001680709
4.49997e-007,0.000739557
4.50397e-007,-0.0006721705
4.50797e-007,-0.001613322
4.51197e-007,-0.002201542
4.51597e-007,-0.001495678
4.51997e-007,3.369323e-005
4.52397e-007,0.001563065
4.52797e-007,0.002857148
4.53197e-007,0.001445421
4.53597e-007,-0.001025102
4.53997e-007,-0.003613269
4.54397e-007,-0.004201489
4.54797e-007,-0.001966254
4.55197e-007,0.0001513372
4.55597e-007,0.0008572009
4.55997e-007,0.0001513372
4.56397e-007,-0.0002015947
4.56797e-007,0.0005042691
4.57197e-007,0.001915997
4.57597e-007,0.002504216
4.57997e-007,0.001680709
4.58397e-007,-0.0002015947
4.58797e-007,-0.001730966
4.59197e-007,-0.001378034
4.59597e-007,0.0002689811
4.59997e-007,0.001210133
4.60397e-007,0.0003866251
4.60797e-007,-0.001495678
4.61197e-007,-0.002083898
4.61597e-007,-0.001378034
4.61997e-007,0.0002689811
4.62397e-007,0.001210133
4.62797e-007,0.0005042691
4.63197e-007,-0.00126039
4.63597e-007,-0.002083898
4.63997e-007,-0.0006721705
4.64397e-007,0.0009748449
4.64797e-007,0.0008572009
4.65197e-007,-0.0009074584
4.65597e-007,-0.002083898
4.65997e-007,-0.001613322
4.66397e-007,0.0002689811
4.66797e-007,0.002151284
4.67197e-007,0.003327724
4.67597e-007,0.0009748449
4.67997e-007,-0.002672118
4.68397e-007,-0.003613269
4.68797e-007,-0.002789762
4.69197e-007,-0.0007898145
4.69597e-007,0.000621913
4.69997e-007,0.0009748449
4.70397e-007,0.0005042691
4.70797e-007,-0.0005545266
4.71197e-007,-0.0006721705
4.71597e-007,-0.0003192386
4.71997e-007,-0.0007898145
4.72397e-007,-0.001495678
4.72797e-007,-0.001495678
4.73197e-007,-0.001378034
4.73597e-007,-0.0003192386
4.73997e-007,0.0003866251
4.74397e-007,0.0002689811
4.74797e-007,0.0003866251
4.75197e-007,0.0008572009
4.75597e-007,0.000621913
4.75997e-007,0.0001513372
4.76397e-007,-0.00126039
4.76797e-007,-0.002789762
4.77197e-007,-0.002672118
4.77597e-007,-0.0006721705
4.77997e-007,0.0008572009
4.78397e-007,0.001210133
4.78797e-007,-8.395073e-005
4.79197e-007,-0.001378034
4.79597e-007,-0.002319186
4.79997e-007,-0.002907406
4.80397e-007,-0.001730966
4.80797e-007,-0.0002015947
4.81197e-007,0.001210133
4.81597e-007,0.001798353
4.81997e-007,0.001092489
4.82397e-007,-0.0002015947
4.82797e-007,-0.00126039
4.83197e-007,-0.001730966
4.83597e-007,-0.001730966
4.83997e-007,-0.001378034
4.84397e-007,-0.00126039
4.84797e-007,-0.0006721705
4.85197e-007,0.001445421
4.85597e-007,0.002504216
4.85997e-007,0.0009748449
4.86397e-007,-0.001730966
4.86797e-007,-0.002789762
4.87197e-007,-0.001495678
4.87597e-007,0.0003866251
4.87997e-007,0.001327777
4.88397e-007,3.369323e-005
4.88797e-007,-0.001730966
4.89197e-007,-0.001730966
4.89597e-007,-8.395073e-005
4.89997e-007,0.001915997
4.90397e-007,0.002386572
4.90797e-007,0.001680709
4.91197e-007,0.001210133
4.91597e-007,0.001210133
4.91997e-007,0.0005042691
4.92397e-007,-0.0006721705
4.92797e-007,-0.0007898145
4.93197e-007,0.0002689811
4.93597e-007,0.000739557
4.93997e-007,0.0003866251
4.94397e-007,-0.0009074584
4.94797e-007,-0.002672118
4.95197e-007,-0.004319133
4.95597e-007,-0.003966201
4.95997e-007,-0.00243683
4.96397e-007,-0.0006721705
4.96797e-007,0.0003866251
4.97197e-007,0.0003866251
4.97597e-007,-0.0005545266
4.97997e-007,-0.0005545266
4.98397e-007,3.369323e-005
4.98797e-007,0.0005042691
4.99197e-007,0.001210133
4.99597e-007,0.001092489
4.99997e-007,0.0005042691
5.00397e-007,0.0002689811
5.00797e-007,-0.0005545266
5.01197e-007,-0.001730966
5.01597e-007,-0.00243683
5.01997e-007,-0.002083898
5.02397e-007,-0.0005545266
5.02797e-007,0.0008572009
5.03197e-007,0.001798353
5.03597e-007,0.001445421
5.03997e-007,0.0005042691
5.04397e-007,-0.0004368826
5.04797e-007,-0.0004368826
5.05197e-007,-0.0009074584
5.05597e-007,-0.00184861
5.05997e-007,-0.002083898
5.06397e-007,-0.0005545266
5.06797e-007,0.001445421
5.07197e-007,0.002857148
5.07597e-007,0.002974792
5.07997e-007,0.0008572009
5.08397e-007,-0.00126039
5.08797e-007,-0.00243683
5.09197e-007,-0.00243683
5.09597e-007,-0.00243683
5.09997e-007,-0.00243683
5.10397e-007,-0.001613322
5.10797e-007,-8.395073e-005
5.11197e-007,0.001915997
5.11597e-007,0.002504216
5.11997e-007,0.001327777
5.12397e-007,3.369323e-005
5.12797e-007,-0.001142746
5.13197e-007,-0.00184861
5.13597e-007,-0.001142746
5.13997e-007,3.369323e-005
5.14397e-007,0.0003866251
5.14797e-007,-8.395073e-005
5.15197e-007,0.0001513372
5.15597e-007,0.0008572009
5.15997e-007,0.0003866251
5.16397e-007,-0.0009074584
5.16797e-007,-0.001495678
5.17197e-007,-0.001730966
5.17597e-007,-0.001378034
5.17997e-007,-0.0005545266
5.18397e-007,-0.0007898145
5.18797e-007,-0.001613322
5.19197e-007,-0.002907406
5.19597e-007,-0.002083898
5.19997e-007,3.369323e-005
5.20397e-007,0.000621913
5.20797e-007,3.369323e-005
5.21197e-007,-0.0009074584
5.21597e-007,-0.0009074584
5.21997e-007,-0.0009074584
5.22397e-007,-0.0007898145
5.22797e-007,-0.001142746
5.23197e-007,-0.002083898
5.23597e-007,-0.002554474
5.23997e-007,-0.001966254
5.24397e-007,-0.001378034
5.24797e-007,0.0001513372
5.25197e-007,0.001327777
5.25597e-007,0.000621913
5.25997e-007,-0.0007898145
5.26397e-007,-0.001613322
5.26797e-007,-0.002554474
5.27197e-007,-0.001495678
5.27597e-007,0.000621913
5.27997e-007,0.001563065
5.28397e-007,0.0005042691
5.28797e-007,-0.00184861
5.29197e-007,-0.003377982
5.29597e-007,-0.002789762
5.29997e-007,-0.001378034
5.30397e-007,0.0001513372
5.30797e-007,0.000739557
5.31197e-007,-0.0003192386
5.31597e-007,-0.00126039
5.31997e-007,-0.0003192386
5.32397e-007,0.002033641
5.32797e-007,0.003680656
5.33197e-007,0.002386572
5.33597e-007,-0.0006721705
5.33997e-007,-0.003142694
5.34397e-007,-0.003260338
5.34797e-007,-0.0009074584
5.35197e-007,0.001915997
5.35597e-007,0.002033641
5.35997e-007,0.0001513372
5.36397e-007,-0.001495678
5.36797e-007,-0.001142746
5.37197e-007,-0.0004368826
5.37597e-007,-0.001142746
5.37997e-007,-0.002672118
5.38397e-007,-0.003966201
5.38797e-007,-0.003495626
5.39197e-007,-0.001142746
5.39597e-007,0.001327777
5.39997e-007,0.001563065
5.40397e-007,-0.0004368826
5.40797e-007,-0.001966254
5.41197e-007,-0.0009074584
5.41597e-007,0.001445421
5.41997e-007,0.003327724
5.42397e-007,0.004033588
5.42797e-007,0.002974792
5.43197e-007,0.001327777
5.43597e-007,-0.0002015947
5.43997e-007,-0.001495678
5.44397e-007,-0.002789762
5.44797e-007,-0.003260338
5.45197e-007,-0.002907406
5.45597e-007,-0.001613322
5.45997e-007,-0.0002015947
5.46397e-007,0.0009748449
5.46797e-007,0.001092489
5.47197e-007,0.001210133
5.47597e-007,0.000621913
5.47997e-007,-0.0007898145
5.48397e-007,-0.00184861
5.48797e-007,-0.001966254
5.49197e-007,-0.00126039
5.49597e-007,-0.0007898145
5.49997e-007,-0.001613322
5.50397e-007,-0.003260338
5.50797e-007,-0.004083845
5.51197e-007,-0.003142694
5.51597e-007,-0.0006721705
5.51997e-007,0.0003866251
5.52397e-007,-0.0006721705
5.52797e-007,-0.002554474
5.53197e-007,-0.002201542
5.53597e-007,3.369323e-005
5.53997e-007,0.002504216
5.54397e-007,0.003445368
5.54797e-007,0.002033641
5.55197e-007,-0.001142746
5.55597e-007,-0.004201489
5.55997e-007,-0.005613217
5.56397e-007,-0.004319133
5.56797e-007,-0.001495678
5.57197e-007,0.0009748449
5.57597e-007,0.002033641
5.57997e-007,0.002386572
5.58397e-007,0.001680709
5.58797e-007,0.001092489
5.59197e-007,0.0005042691
5.59597e-007,-0.001730966
5.59997e-007,-0.003730913
5.60397e-007,-0.003730913
5.60797e-007,-0.0005545266
5.61197e-007,0.002739504
5.61597e-007,0.003915944
5.61997e-007,0.0005042691
5.62397e-007,-0.003613269
5.62797e-007,-0.005377929
5.63197e-007,-0.003613269
5.63597e-007,0.0008572009
5.63997e-007,0.003092436
5.64397e-007,0.002151284
5.64797e-007,0.0001513372
5.65197e-007,-0.0007898145
5.65597e-007,-0.0004368826
5.65997e-007,0.0009748449
5.66397e-007,0.001327777
5.66797e-007,-0.0005545266
5.67197e-007,-0.00302505
5.67597e-007,-0.004554421
5.67997e-007,-0.003966201
5.68397e-007,-0.001966254
5.68797e-007,0.000739557
5.69197e-007,0.002033641
5.69597e-007,0.002504216
5.69997e-007,0.002504216
5.70397e-007,0.001680709
5.70797e-007,0.001327777
5.71197e-007,0.0003866251
5.71597e-007,-0.001495678
5.71997e-007,-0.002789762
5.72397e-007,-0.003142694
5.72797e-007,-0.00302505
5.73197e-007,-0.00302505
5.73597e-007,-0.002319186
5.73997e-007,-0.002201542
5.74397e-007,-0.002201542
5.74797e-007,-0.001613322
5.75197e-007,-0.0002015947
5.75597e-007,0.001798353
5.75997e-007,0.002504216
5.76397e-007,0.002739504
5.76797e-007,0.00262186
5.77197e-007,0.001327777
5.77597e-007,-0.0007898145
5.77997e-007,-0.00302505
5.78397e-007,-0.004672065
5.78797e-007,-0.004436777
5.79197e-007,-0.002672118
5.79597e-007,-0.0006721705
5.79997e-007,0.0003866251
5.80397e-007,0.001092489
5.80797e-007,0.001680709
5.81197e-007,0.001327777
5.81597e-007,0.0005042691
5.81997e-007,-0.0006721705
5.82397e-007,-0.001966254
5.82797e-007,-0.002672118
5.83197e-007,-0.001966254
5.83597e-007,-0.0006721705
5.83997e-007,3.369323e-005
5.84397e-007,0.000739557
5.84797e-007,0.001798353
5.85197e-007,0.002974792
5.85597e-007,0.003327724
5.85997e-007,0.001092489
5.86397e-007,-0.002672118
5.86797e-007,-0.004907353
5.87197e-007,-0.004083845
5.87597e-007,-0.0006721705
5.87997e-007,0.002504216
5.88397e-007,0.002974792
5.88797e-007,0.001445421
5.89197e-007,-0.0009074584
5.89597e-007,-0.002789762
5.89997e-007,-0.003377982
5.90397e-007,-0.002789762
5.90797e-007,-0.001025102
5.91197e-007,0.0005042691
5.91597e-007,0.0008572009
5.91997e-007,-0.0002015947
5.92397e-007,-0.001730966
5.92797e-007,-0.00243683
5.93197e-007,-0.001142746
5.93597e-007,0.001327777
5.93997e-007,0.002151284
5.94397e-007,3.369323e-005
5.94797e-007,-0.003848557
5.95197e-007,-0.005142641
5.95597e-007,-0.00243683
5.95997e-007,0.002151284
5.96397e-007,0.005562959
5.96797e-007,0.004033588
5.97197e-007,-0.0003192386
5.97597e-007,-0.003966201
5.97997e-007,-0.004554421
5.98397e-007,-0.00302505
5.98797e-007,-0.00126039
5.99197e-007,-0.0007898145
5.99597e-007,-0.002319186
5.99997e-007,-0.003142694
6.00397e-007,-0.00243683
6.00797e-007,-0.0003192386
6.01197e-007,0.001092489
6.01597e-007,0.002739504
6.01997e-007,0.002974792
6.02397e-007,0.001092489
6.02797e-007,-0.001613322
6.03197e-007,-0.003848557
6.03597e-007,-0.004672065
6.03997e-007,-0.002672118
6.04397e-007,0.0003866251
6.04797e-007,0.001445421
6.05197e-007,0.000739557
6.05597e-007,-0.0005545266
6.05997e-007,-0.001142746
6.06397e-007,-0.00126039
6.06797e-007,-0.002083898
6.07197e-007,-0.002907406
6.07597e-007,-0.002201542
6.07997e-007,-0.0004368826
6.08397e-007,0.001327777
6.08797e-007,0.002857148
6.09197e-007,0.001798353
6.09597e-007,-0.0009074584
6.09997e-007,-0.002554474
6.10397e-007,-0.00243683
6.10797e-007,-0.001025102
6.11197e-007,-0.0003192386
6.11597e-007,-0.001495678
6.11997e-007,-0.002789762
6.12397e-007,-0.003142694
6.12797e-007,-0.001966254
6.13197e-007,0.0003866251
6.13597e-007,0.001798353
6.13997e-007,0.001798353
6.14397e-007,0.001798353
6.14797e-007,0.001915997
6.15197e-007,0.0009748449
6.15597e-007,-0.00126039
6.15997e-007,-0.003377982
6.16397e-007,-0.003260338
6.16797e-007,-0.0007898145
6.17197e-007,0.002857148
6.17597e-007,0.004151232
6.17997e-007,0.001798353
6.18397e-007,-0.001613322
6.18797e-007,-0.002672118
6.19197e-007,-0.00126039
6.19597e-007,-0.0002015947
6.19997e-007,-0.001142746
6.20397e-007,-0.002319186
6.20797e-007,-0.001613322
6.21197e-007,0.0003866251
6.21597e-007,0.001445421
6.21997e-007,0.000739557
6.22397e-007,-0.001495678
6.22797e-007,-0.002201542
6.23197e-007,-0.0009074584
6.23597e-007,0.0005042691
6.23997e-007,-0.0004368826
6.24397e-007,-0.003260338
6.24797e-007,-0.004789709
6.25197e-007,-0.003848557
6.25597e-007,-0.001142746
6.25997e-007,-0.0004368826
6.26397e-007,-0.001378034
6.26797e-007,-0.00243683
6.27197e-007,-0.0009074584
6.27597e-007,0.002504216
6.27997e-007,0.004268876
6.28397e-007,0.002268928
6.28797e-007,-0.001730966
6.29197e-007,-0.003848557
6.29597e-007,-0.003142694
6.29997e-007,-0.0009074584
6.30397e-007,0.0002689811
6.30797e-007,0.0009748449
6.31197e-007,0.000739557
6.31597e-007,-0.0004368826
6.31997e-007,-0.001966254
6.32397e-007,-0.003730913
6.32797e-007,-0.003613269
6.33197e-007,-0.001378034
6.33597e-007,0.001798353
6.33997e-007,0.003563012
6.34397e-007,0.002974792
6.34797e-007,0.001327777
6.35197e-007,0.0003866251
6.35597e-007,0.0002689811
6.35997e-007,-0.0002015947
6.36397e-007,-0.00126039
6.36797e-007,-0.001495678
6.37197e-007,-0.00126039
6.37597e-007,-0.001142746
6.37997e-007,0.0005042691
6.38397e-007,0.001915997
6.38797e-007,0.00262186
6.39197e-007,0.002386572
6.39597e-007,0.0005042691
6.39997e-007,-0.002201542
6.40397e-007,-0.003377982
6.40797e-007,-0.002789762
6.41197e-007,-0.001025102
6.41597e-007,0.000621913
6.41997e-007,0.002151284
6.42397e-007,0.00262186
6.42797e-007,0.002504216
6.43197e-007,0.001210133
6.43597e-007,-0.001495678
6.43997e-007,-0.004554421
6.44397e-007,-0.005730861
6.44797e-007,-0.003495626
6.45197e-007,-0.0005545266
6.45597e-007,0.001092489
6.45997e-007,0.0001513372
6.46397e-007,-0.001378034
6.46797e-007,-0.002319186
6.47197e-007,-0.001378034
6.47597e-007,0.001092489
6.47997e-007,0.001915997
6.48397e-007,0.001680709
6.48797e-007,0.0002689811
6.49197e-007,-0.001730966
6.49597e-007,-0.003142694
6.49997e-007,-0.003260338
6.50397e-007,-0.002201542
6.50797e-007,-0.0006721705
6.51197e-007,0.0002689811
6.51597e-007,0.000621913
6.51997e-007,0.0009748449
6.52397e-007,0.0003866251
6.52797e-007,-8.395073e-005
6.53197e-007,-0.0007898145
6.53597e-007,-0.001730966
6.53997e-007,-0.00126039
6.54397e-007,3.369323e-005
6.54797e-007,0.001092489
6.55197e-007,0.001210133
6.55597e-007,0.0003866251
6.55997e-007,-0.0009074584
6.56397e-007,-0.002554474
6.56797e-007,-0.003377982
6.57197e-007,-0.002201542
6.57597e-007,0.0001513372
6.57997e-007,0.002386572
6.58397e-007,0.00262186
6.58797e-007,0.000621913
6.59197e-007,-0.002554474
6.59597e-007,-0.004436777
6.59997e-007,-0.00302505
6.60397e-007,3.369323e-005
6.60797e-007,0.001915997
6.61197e-007,0.001445421
6.61597e-007,-0.0007898145
6.61997e-007,-0.001966254
6.62397e-007,-0.001966254
6.62797e-007,-0.001495678
6.63197e-007,-0.00126039
6.63597e-007,-0.00184861
6.63997e-007,-0.001142746
6.64397e-007,0.0008572009
6.64797e-007,0.002151284
6.65197e-007,0.001445421
6.65597e-007,-0.0009074584
6.65997e-007,-0.002789762
6.66397e-007,-0.002554474
6.66797e-007,0.0003866251
6.67197e-007,0.002974792
6.67597e-007,0.002974792
6.67997e-007,-0.001142746
6.68397e-007,-0.004789709
6.68797e-007,-0.004907353
6.69197e-007,-0.001966254
6.69597e-007,0.001445421
6.69997e-007,0.002268928
6.70397e-007,-0.0003192386
6.70797e-007,-0.002672118
6.71197e-007,-0.002319186
6.71597e-007,0.001210133
6.71997e-007,0.005562959
6.72397e-007,0.005680603
6.72797e-007,0.001445421
6.73197e-007,-0.002554474
6.73597e-007,-0.003495626
6.73997e-007,-0.001613322
6.74397e-007,0.0009748449
6.74797e-007,0.001092489
6.75197e-007,-0.001142746
6.75597e-007,-0.00302505
6.75997e-007,-0.003142694
6.76397e-007,-0.001613322
6.76797e-007,-0.0004368826
6.77197e-007,-0.0006721705
6.77597e-007,-0.001730966
6.77997e-007,-0.003613269
6.78397e-007,-0.003260338
6.78797e-007,-0.0005545266
6.79197e-007,0.002504216
6.79597e-007,0.004268876
6.79997e-007,0.003092436
6.80397e-007,-0.0006721705
6.80797e-007,-0.003613269
6.81197e-007,-0.002672118
6.81597e-007,-0.0003192386
6.81997e-007,0.001092489
6.82397e-007,0.0002689811
6.82797e-007,-0.002201542
6.83197e-007,-0.002907406
6.83597e-007,-0.001378034
6.83997e-007,0.001210133
6.84397e-007,0.002151284
6.84797e-007,0.0002689811
6.85197e-007,-0.002319186
6.85597e-007,-0.00302505
6.85997e-007,-0.0007898145
6.86397e-007,0.002268928
6.86797e-007,0.003327724
6.87197e-007,0.001445421
6.87597e-007,-0.002554474
6.87997e-007,-0.005848505
6.88397e-007,-0.006083793
6.88797e-007,-0.003848557
6.89197e-007,-0.0003192386
6.89597e-007,0.003092436
6.89997e-007,0.004033588
6.90397e-007,0.001680709
6.90797e-007,-0.001495678
6.91197e-007,-0.003377982
6.91597e-007,-0.00243683
6.91997e-007,3.369323e-005
6.92397e-007,0.0001513372
6.92797e-007,-0.002907406
6.93197e-007,-0.005495573
6.93597e-007,-0.005848505
6.93997e-007,-0.002201542
6.94397e-007,0.001445421
6.94797e-007,0.003092436
6.95197e-007,0.002268928
6.95597e-007,0.001563065
6.95997e-007,0.001210133
6.96397e-007,0.000621913
6.96797e-007,-0.00184861
6.97197e-007,-0.004436777
6.97597e-007,-0.004319133
6.97997e-007,-0.002789762
6.98397e-007,-0.001025102
6.98797e-007,-0.0003192386
6.99197e-007,-0.0009074584
6.99597e-007,-0.001730966
6.99997e-007,-0.00184861
7.00397e-007,-0.0006721705
7.00797e-007,0.0001513372
7.01197e-007,0.0008572009
7.01597e-007,0.001680709
7.01997e-007,0.002151284
7.02397e-007,0.0005042691
7.02797e-007,-0.002554474
7.03197e-007,-0.004554421
7.03597e-007,-0.003260338
7.03997e-007,0.001210133
7.04397e-007,0.004857096
7.04797e-007,0.005092383
7.05197e-007,0.002033641
7.05597e-007,-0.001495678
7.05997e-007,-0.004672065
7.06397e-007,-0.005260285
7.06797e-007,-0.003260338
7.07197e-007,-0.0003192386
7.07597e-007,0.002033641
7.07997e-007,0.002151284
7.08397e-007,0.0003866251
7.08797e-007,-0.001378034
7.09197e-007,-0.00126039
7.09597e-007,0.001092489
7.09997e-007,0.002739504
7.10397e-007,0.001445421
7.10797e-007,-0.00184861
7.11197e-007,-0.004554421
7.11597e-007,-0.005142641
7.11997e-007,-0.002789762
7.12397e-007,-0.0002015947
7.12797e-007,0.001563065
7.13197e-007,0.002974792
7.13597e-007,0.00321008
7.13997e-007,0.001915997
7.14397e-007,0.0001513372
7.14797e-007,-0.002201542
7.15197e-007,-0.003377982
7.15597e-007,-0.003377982
7.15997e-007,-0.003730913
7.16397e-007,-0.004672065
7.16797e-007,-0.004789709
7.17197e-007,-0.002554474
7.17597e-007,0.001445421
7.17997e-007,0.00438652
7.18397e-007,0.0037983
7.18797e-007,0.001327777
7.19197e-007,-0.001730966
7.19597e-007,-0.003260338
7.19997e-007,-0.003966201
7.20397e-007,-0.005260285
7.20797e-007,-0.005848505
7.21197e-007,-0.003848557
7.21597e-007,-0.0006721705
7.21997e-007,0.001798353
7.22397e-007,0.002268928
7.22797e-007,0.0008572009
7.23197e-007,-0.0009074584
7.23597e-007,-0.00184861
7.23997e-007,-0.00184861
7.24397e-007,-0.0006721705
7.24797e-007,0.0003866251
7.25197e-007,0.0008572009
7.25597e-007,0.001210133
7.25997e-007,0.0005042691
7.26397e-007,-0.0005545266
7.26797e-007,-0.001378034
7.27197e-007,-0.00126039
7.27597e-007,-0.0003192386
7.27997e-007,0.002504216
7.28397e-007,0.004151232
7.28797e-007,0.003092436
7.29197e-007,0.0005042691
7.29597e-007,-0.002083898
7.29997e-007,-0.002907406
7.30397e-007,-0.001966254
7.30797e-007,-0.0004368826
7.31197e-007,0.0002689811
7.31597e-007,-0.0004368826
7.31997e-007,-0.00184861
7.32397e-007,-0.002554474
7.32797e-007,-0.001025102
7.33197e-007,0.001210133
7.33597e-007,0.002386572
7.33997e-007,0.002268928
7.34397e-007,0.000739557
7.34797e-007,-0.001730966
7.35197e-007,-0.003377982
7.35597e-007,-0.003377982
7.35997e-007,-0.00126039
7.36397e-007,0.0008572009
7.36797e-007,0.001680709
7.37197e-007,0.001798353
7.37597e-007,0.001327777
7.37997e-007,0.0003866251
7.38397e-007,-8.395073e-005
7.38797e-007,-0.0002015947
7.39197e-007,-0.0004368826
7.39597e-007,-0.0006721705
7.39997e-007,-0.0004368826
7.40397e-007,-8.395073e-005
7.40797e-007,0.001680709
7.41197e-007,0.00262186
7.41597e-007,0.002033641
7.41997e-007,0.0003866251
7.42397e-007,-0.001730966
7.42797e-007,-0.002554474
7.43197e-007,-0.001730966
7.43597e-007,-0.0004368826
7.43997e-007,-0.0002015947
7.44397e-007,-0.001025102
7.44797e-007,-0.002554474
7.45197e-007,-0.002672118
7.45597e-007,-0.00184861
7.45997e-007,-0.0007898145
7.46397e-007,-0.0004368826
7.46797e-007,-0.0005545266
7.47197e-007,-0.0004368826
7.47597e-007,-0.0005545266
7.47997e-007,3.369323e-005
7.48397e-007,0.0009748449
7.48797e-007,0.001915997
7.49197e-007,0.001563065
7.49597e-007,-0.001378034
7.49997e-007,-0.003613269
7.50397e-007,-0.003848557
7.50797e-007,-0.001495678
7.51197e-007,0.001327777
7.51597e-007,0.001915997
7.51997e-007,-0.0004368826
7.52397e-007,-0.003495626
7.52797e-007,-0.004083845
7.53197e-007,-0.00126039
7.53597e-007,0.002033641
7.53997e-007,0.002504216
7.54397e-007,-8.395073e-005
7.54797e-007,-0.003848557
7.55197e-007,-0.004672065
7.55597e-007,-0.001613322
7.55997e-007,0.002268928
7.56397e-007,0.003680656
7.56797e-007,0.001327777
7.57197e-007,-0.00243683
7.57597e-007,-0.003966201
7.57997e-007,-0.001378034
7.58397e-007,0.00262186
7.58797e-007,0.004504164
7.59197e-007,0.002504216
7.59597e-007,-0.001378034
7.59997e-007,-0.003613269
7.60397e-007,-0.002907406
7.60797e-007,0.0003866251
7.61197e-007,0.00321008
7.61597e-007,0.003563012
7.61997e-007,0.001445421
7.62397e-007,-0.001025102
7.62797e-007,-0.002083898
7.63197e-007,-0.002083898
7.63597e-007,-0.0003192386
7.63997e-007,0.001445421
7.64397e-007,0.001915997
7.64797e-007,0.0003866251
7.65197e-007,-0.002319186
7.65597e-007,-0.003377982
7.65997e-007,-0.002083898
7.66397e-007,0.000739557
7.66797e-007,0.001563065
7.67197e-007,-0.0004368826
7.67597e-007,-0.002789762
7.67997e-007,-0.00243683
7.68397e-007,0.0002689811
7.68797e-007,0.002151284
7.69197e-007,0.001798353
7.69597e-007,-0.0009074584
7.69997e-007,-0.003142694
7.70397e-007,-0.00243683
7.70797e-007,0.0002689811
7.71197e-007,0.001092489
7.71597e-007,-0.0009074584
7.71997e-007,-0.004083845
7.72397e-007,-0.004083845
7.72797e-007,-0.0009074584
7.73197e-007,0.002504216
7.73597e-007,0.003915944
7.73997e-007,0.002151284
7.74397e-007,-0.0007898145
7.74797e-007,-0.002554474
7.75197e-007,-0.002907406
7.75597e-007,-0.001613322
7.75997e-007,-0.0005545266
7.76397e-007,0.0002689811
7.76797e-007,0.001092489
7.77197e-007,0.001563065
7.77597e-007,0.0009748449
7.77997e-007,-0.00126039
7.78397e-007,-0.002083898
7.78797e-007,-0.00126039
7.79197e-007,0.0008572009
7.79597e-007,0.002504216
7.79997e-007,0.00262186
7.80397e-007,0.0009748449
7.80797e-007,-0.001025102
7.81197e-007,-0.002672118
7.81597e-007,-0.004201489
7.81997e-007,-0.005260285
7.82397e-007,-0.004319133
7.82797e-007,-0.001613322
7.83197e-007,0.002151284
7.83597e-007,0.003680656
7.83997e-007,0.001563065
7.84397e-007,-0.00184861
7.84797e-007,-0.003260338
7.85197e-007,-0.001966254
7.85597e-007,0.001327777
7.85997e-007,0.00262186
7.86397e-007,0.0008572009
7.86797e-007,-0.002083898
7.87197e-007,-0.00302505
7.87597e-007,-0.002554474
7.87997e-007,-0.00126039
7.88397e-007,-0.0005545266
7.88797e-007,-0.0004368826
7.89197e-007,-8.395073e-005
7.89597e-007,0.0002689811
7.89997e-007,-8.395073e-005
7.90397e-007,-0.001730966
7.90797e-007,-0.002672118
7.91197e-007,-0.002083898
7.91597e-007,-0.0002015947
7.91997e-007,0.001798353
7.92397e-007,0.00262186
7.92797e-007,0.001680709
7.93197e-007,-0.0004368826
7.93597e-007,-0.001613322
7.93997e-007,-0.00126039
7.94397e-007,0.0001513372
7.94797e-007,0.001327777
7.95197e-007,0.001092489
7.95597e-007,-0.001142746
7.95997e-007,-0.004319133
7.96397e-007,-0.005966149
7.96797e-007,-0.004436777
7.97197e-007,-0.001378034
7.97597e-007,0.001915997
7.97997e-007,0.002974792
7.98397e-007,0.001327777
7.98797e-007,0.0001513372
7.99197e-007,0.001563065
7.99597e-007,0.003092436
7.99997e-007,0.003445368
8.00397e-007,0.001327777
8.00797e-007,-0.002672118
8.01197e-007,-0.004319133
8.01597e-007,-0.002201542
8.01997e-007,0.001210133
8.02397e-007,0.002857148
8.02797e-007,0.002974792
8.03197e-007,0.0005042691
8.03597e-007,-0.002672118
8.03997e-007,-0.004319133
8.04397e-007,-0.003966201
8.04797e-007,-0.002083898
8.05197e-007,0.0003866251
8.05597e-007,0.002151284
8.05997e-007,0.002268928
8.06397e-007,0.001445421
8.06797e-007,0.000621913
8.07197e-007,3.369323e-005
8.07597e-007,-0.0009074584
8.07997e-007,-0.001495678
8.08397e-007,-0.002083898
8.08797e-007,-0.002201542
8.09197e-007,-0.001613322
8.09597e-007,-8.395073e-005
8.09997e-007,0.001327777
8.10397e-007,0.001915997
8.10797e-007,-8.395073e-005
8.11197e-007,-0.004083845
8.11597e-007,-0.007730808
8.11997e-007,-0.007260232
8.12397e-007,-0.001966254
8.12797e-007,0.004857096
8.13197e-007,0.007445263
8.13597e-007,0.003327724
8.13997e-007,-0.002789762
8.14397e-007,-0.006554368
8.14797e-007,-0.006083793
8.15197e-007,-0.002672118
8.15597e-007,3.369323e-005
8.15997e-007,0.001445421
8.16397e-007,0.002504216
8.16797e-007,0.002739504
8.17197e-007,0.001210133
8.17597e-007,-0.00126039
8.17997e-007,-0.003260338
8.18397e-007,-0.00243683
8.18797e-007,0.001210133
8.19197e-007,0.004151232
8.19597e-007,0.002857148
8.19997e-007,-0.001730966
8.20397e-007,-0.005377929
8.20797e-007,-0.005142641
8.21197e-007,-0.0009074584
8.21597e-007,0.00262186
8.21997e-007,0.002739504
8.22397e-007,0.0001513372
8.22797e-007,-0.001142746
8.23197e-007,3.369323e-005
8.23597e-007,0.00262186
8.23997e-007,0.002386572
8.24397e-007,-0.001025102
8.24797e-007,-0.004672065
8.25197e-007,-0.005024997
8.25597e-007,-0.001495678
8.25997e-007,0.002033641
8.26397e-007,0.002268928
8.26797e-007,-0.0003192386
8.27197e-007,-0.002789762
8.27597e-007,-0.002907406
8.27997e-007,-0.001495678
8.28397e-007,-0.001025102
8.28797e-007,-0.001378034
8.29197e-007,-0.001613322
8.29597e-007,-0.0007898145
8.29997e-007,0.0003866251
8.30397e-007,3.369323e-005
8.30797e-007,-0.00184861
8.31197e-007,-0.003495626
8.31597e-007,-0.003613269
8.31997e-007,-0.001730966
8.32397e-007,3.369323e-005
8.32797e-007,0.0002689811
8.33197e-007,-0.0005545266
8.33597e-007,-0.0004368826
8.33997e-007,-0.0009074584
8.34397e-007,-0.0007898145
8.34797e-007,-0.0009074584
8.35197e-007,-0.00184861
8.35597e-007,-0.002554474
8.35997e-007,-0.001966254
8.36397e-007,-0.0002015947
8.36797e-007,0.0005042691
8.37197e-007,3.369323e-005
8.37597e-007,-0.0003192386
8.37997e-007,0.0001513372
8.38397e-007,0.0009748449
8.38797e-007,0.001092489
8.39197e-007,0.000739557
8.39597e-007,0.0003866251
8.39997e-007,0.0005042691
8.40397e-007,0.0008572009
8.40797e-007,0.0008572009
8.41197e-007,-0.00126039
8.41597e-007,-0.004436777
8.41997e-007,-0.005966149
8.42397e-007,-0.004672065
8.42797e-007,-0.0003192386
8.43197e-007,0.0037983
8.43597e-007,0.004621808
8.43997e-007,0.002739504
8.44397e-007,-0.0004368826
8.44797e-007,-0.002319186
8.45197e-007,-0.001730966
8.45597e-007,-0.0005545266
8.45997e-007,-0.0007898145
8.46397e-007,-0.002201542
8.46797e-007,-0.003142694
8.47197e-007,-0.00243683
8.47597e-007,0.0003866251
8.47997e-007,0.00262186
8.48397e-007,0.001915997
8.48797e-007,-0.0005545266
8.49197e-007,-0.002554474
8.49597e-007,-0.001142746
8.49997e-007,0.001445421
8.50397e-007,0.001798353
8.50797e-007,-0.0004368826
8.51197e-007,-0.003848557
8.51597e-007,-0.004672065
8.51997e-007,-0.002789762
8.52397e-007,0.0005042691
8.52797e-007,0.00262186
8.53197e-007,0.002151284
8.53597e-007,-8.395073e-005
8.53997e-007,-0.00184861
8.54397e-007,-0.001613322
8.54797e-007,-0.0007898145
8.55197e-007,-0.0003192386
8.55597e-007,-0.0006721705
8.55997e-007,-0.001142746
8.56397e-007,-0.0009074584
8.56797e-007,-0.0007898145
8.57197e-007,-0.0003192386
8.57597e-007,0.001092489
8.57997e-007,0.0008572009
8.58397e-007,-0.00126039
8.58797e-007,-0.003260338
8.59197e-007,-0.004554421
8.59597e-007,-0.003730913
8.59997e-007,-0.001378034
8.60397e-007,0.001445421
8.60797e-007,0.003092436
8.61197e-007,0.001445421
8.61597e-007,-0.002201542
8.61997e-007,-0.004436777
8.62397e-007,-0.003966201
8.62797e-007,-0.001378034
8.63197e-007,0.001445421
8.63597e-007,0.00262186
8.63997e-007,0.001327777
8.64397e-007,-0.0009074584
8.64797e-007,-0.00184861
8.65197e-007,-0.001613322
8.65597e-007,-0.0006721705
8.65997e-007,0.0001513372
8.66397e-007,-0.0003192386
8.66797e-007,-0.001378034
8.67197e-007,-0.0007898145
8.67597e-007,0.000739557
8.67997e-007,0.001915997
8.68397e-007,0.001210133
8.68797e-007,-0.0006721705
8.69197e-007,-0.002789762
8.69597e-007,-0.003730913
8.69997e-007,-0.002201542
8.70397e-007,0.0005042691
8.70797e-007,0.001563065
8.71197e-007,0.0008572009
8.71597e-007,-0.001495678
8.71997e-007,-0.002907406
8.72397e-007,-0.001378034
8.72797e-007,0.001327777
8.73197e-007,0.002268928
8.73597e-007,0.0001513372
8.73997e-007,-0.00302505
8.74397e-007,-0.004672065
8.74797e-007,-0.003495626
8.75197e-007,-0.0004368826
8.75597e-007,0.001327777
8.75997e-007,0.000739557
8.76397e-007,-0.0003192386
8.76797e-007,-0.001966254
8.77197e-007,-0.002907406
8.77597e-007,-0.002789762
8.77997e-007,-0.00126039
8.78397e-007,0.0008572009
8.78797e-007,0.001327777
8.79197e-007,-0.0004368826
8.79597e-007,-0.002319186
8.79997e-007,-0.003495626
8.80397e-007,-0.004672065
8.80797e-007,-0.003848557
8.81197e-007,-0.001613322
8.81597e-007,3.369323e-005
8.81997e-007,0.001092489
8.82397e-007,0.002268928
8.82797e-007,0.002857148
8.83197e-007,0.002268928
8.83597e-007,-0.0004368826
8.83997e-007,-0.004554421
8.84397e-007,-0.006554368
8.84797e-007,-0.005495573
8.85197e-007,-0.002789762
8.85597e-007,0.0008572009
8.85997e-007,0.002739504
8.86397e-007,0.002033641
8.86797e-007,-0.0004368826
8.87197e-007,-0.002789762
8.87597e-007,-0.003260338
8.87997e-007,-0.00184861
8.88397e-007,-0.0002015947
8.88797e-007,0.000621913
8.89197e-007,0.0009748449
8.89597e-007,0.0003866251
8.89997e-007,-0.0005545266
8.90397e-007,-0.001613322
8.90797e-007,-0.002201542
8.91197e-007,-0.001966254
8.91597e-007,-0.0004368826
8.91997e-007,0.001092489
8.92397e-007,0.001798353
8.92797e-007,-8.395073e-005
8.93197e-007,-0.003377982
8.93597e-007,-0.005142641
8.93997e-007,-0.004083845
8.94397e-007,-0.0006721705
8.94797e-007,0.002268928
8.95197e-007,0.00262186
8.95597e-007,0.001210133
8.95997e-007,3.369323e-005
8.96397e-007,0.0003866251
8.96797e-007,0.001563065
8.97197e-007,0.0003866251
8.97597e-007,-0.00243683
8.97997e-007,-0.003966201
8.98397e-007,-0.003495626
8.98797e-007,-0.0007898145
8.99197e-007,0.001445421
8.99597e-007,0.002268928
8.99997e-007,0.001680709
9.00397e-007,0.001092489
9.00797e-007,0.0009748449
9.01197e-007,0.0002689811
9.01597e-007,-0.0006721705
9.01997e-007,-0.0005545266
9.02397e-007,-0.0002015947
9.02797e-007,3.369323e-005
9.03197e-007,-0.0002015947
9.03597e-007,-0.0004368826
9.03997e-007,-0.0005545266
9.04397e-007,-0.0007898145
9.04797e-007,-0.0002015947
9.05197e-007,0.000621913
9.05597e-007,0.0009748449
9.05997e-007,-0.0003192386
9.06397e-007,-0.001495678
9.06797e-007,-0.00243683
9.07197e-007,-0.002083898
9.07597e-007,-0.0005545266
9.07997e-007,0.0001513372
9.08397e-007,-0.001378034
9.08797e-007,-0.002789762
9.09197e-007,-0.003260338
9.09597e-007,-0.002319186
9.09997e-007,-0.0003192386
9.10397e-007,0.0001513372
9.10797e-007,-0.001142746
9.11197e-007,-0.001495678
9.11597e-007,-0.001730966
9.11997e-007,-0.00184861
9.12397e-007,-0.002083898
9.12797e-007,-0.00243683
9.13197e-007,-0.001613322
9.13597e-007,0.000739557
9.13997e-007,0.002151284
9.14397e-007,0.0009748449
9.14797e-007,-0.002201542
9.15197e-007,-0.004083845
9.15597e-007,-0.00184861
9.15997e-007,0.001798353
9.16397e-007,0.004151232
9.16797e-007,0.002504216
9.17197e-007,-0.001613322
9.17597e-007,-0.004436777
9.17997e-007,-0.003613269
9.18397e-007,-0.001025102
9.18797e-007,0.0008572009
9.19197e-007,3.369323e-005
9.19597e-007,-0.00243683
9.19997e-007,-0.003495626
9.20397e-007,-0.002554474
9.20797e-007,0.0009748449
9.21197e-007,0.003327724
9.21597e-007,0.002033641
9.21997e-007,-8.395073e-005
9.22397e-007,-0.001613322
9.22797e-007,-0.00184861
9.23197e-007,-0.001142746
9.23597e-007,-0.001142746
9.23997e-007,-0.002789762
9.24397e-007,-0.004083845
9.24797e-007,-0.00302505
9.25197e-007,-0.0006721705
9.25597e-007,0.0008572009
9.25997e-007,-0.0005545266
9.26397e-007,-0.002672118
9.26797e-007,-0.003377982
9.27197e-007,-0.00184861
9.27597e-007,0.0003866251
9.27997e-007,0.0009748449
9.28397e-007,-8.395073e-005
9.28797e-007,-0.001730966
9.29197e-007,-0.00126039
9.29597e-007,0.000739557
9.29997e-007,0.0008572009
9.30397e-007,-0.0009074584
9.30797e-007,-0.003142694
9.31197e-007,-0.003966201
9.31597e-007,-0.002319186
9.31997e-007,0.0003866251
9.32397e-007,0.001445421
9.32797e-007,0.0009748449
9.33197e-007,-0.0002015947
9.33597e-007,-0.001378034
9.33997e-007,-0.001495678
9.34397e-007,-0.0005545266
9.34797e-007,0.0002689811
9.35197e-007,-8.395073e-005
9.35597e-007,-0.0006721705
9.35997e-007,-0.0009074584
9.36397e-007,0.0002689811
9.36797e-007,0.002974792
9.37197e-007,0.004504164
9.37597e-007,0.003092436
9.37997e-007,-0.0005545266
9.38397e-007,-0.004201489
9.38797e-007,-0.005142641
9.39197e-007,-0.003377982
9.39597e-007,-0.001730966
9.39997e-007,-0.0005545266
9.40397e-007,-0.0004368826
9.40797e-007,-0.0005545266
9.41197e-007,0.0005042691
9.41597e-007,0.001680709
9.41997e-007,0.001327777
9.42397e-007,-0.0002015947
9.42797e-007,-0.002083898
9.43197e-007,-0.00184861
9.43597e-007,0.0009748449
9.43997e-007,0.003327724
9.44397e-007,0.00321008
9.44797e-007,0.000739557
9.45197e-007,-0.002672118
9.45597e-007,-0.004319133
9.45997e-007,-0.003966201
9.46397e-007,-0.001730966
9.46797e-007,0.001563065
9.47197e-007,0.003445368
9.47597e-007,0.0037983
9.47997e-007,0.002386572
9.48397e-007,0.0001513372
9.48797e-007,-0.0007898145
9.49197e-007,0.0005042691
9.49597e-007,0.001445421
9.49997e-007,0.0008572009
9.50397e-007,-0.00126039
9.50797e-007,-0.003142694
9.51197e-007,-0.002554474
9.51597e-007,-0.0002015947
9.51997e-007,0.001563065
9.52397e-007,0.0009748449
9.52797e-007,-0.0009074584
9.53197e-007,-0.00184861
9.53597e-007,-0.0009074584
9.53997e-007,-0.0003192386
9.54397e-007,-0.0002015947
9.54797e-007,0.0001513372
9.55197e-007,0.001327777
9.55597e-007,0.002504216
9.55997e-007,0.002033641
9.56397e-007,-8.395073e-005
9.56797e-007,-0.00302505
9.57197e-007,-0.004319133
9.57597e-007,-0.002672118
9.57997e-007,-0.0006721705
9.58397e-007,-8.395073e-005
9.58797e-007,-0.001142746
9.59197e-007,-0.001378034
9.59597e-007,-0.0003192386
9.59997e-007,0.001327777
9.60397e-007,0.001327777
9.60797e-007,-0.0006721705
9.61197e-007,-0.002083898
9.61597e-007,-0.0003192386
9.61997e-007,0.001680709
9.62397e-007,0.002033641
9.62797e-007,0.000621913
9.63197e-007,-0.001495678
9.63597e-007,-0.002672118
9.63997e-007,-0.001378034
9.64397e-007,-0.0005545266
9.64797e-007,-0.00184861
9.65197e-007,-0.003848557
9.65597e-007,-0.003730913
9.65997e-007,-0.0004368826
9.66397e-007,0.003327724
9.66797e-007,0.004268876
9.67197e-007,0.002033641
9.67597e-007,-0.001142746
9.67997e-007,-0.002672118
9.68397e-007,-0.002201542
9.68797e-007,-0.001142746
9.69197e-007,-0.001025102
9.69597e-007,-0.002083898
9.69997e-007,-0.002201542
9.70397e-007,3.369323e-005
9.70797e-007,0.001680709
9.71197e-007,0.001798353
9.71597e-007,0.0003866251
9.71997e-007,-0.001730966
9.72397e-007,-0.00302505
9.72797e-007,-0.002319186
9.73197e-007,-0.0004368826
9.73597e-007,0.001563065
9.73997e-007,0.002739504
9.74397e-007,0.002504216
9.74797e-007,0.001327777
9.75197e-007,-0.0009074584
9.75597e-007,-0.00243683
9.75997e-007,-0.00184861
9.76397e-007,0.0001513372
9.76797e-007,0.000621913
9.77197e-007,-0.0004368826
9.77597e-007,-0.00243683
9.77997e-007,-0.002907406
9.78397e-007,-0.00126039
9.78797e-007,0.001092489
9.79197e-007,0.002268928
9.79597e-007,0.001210133
9.79997e-007,-0.001613322
9.80397e-007,-0.003377982
9.80797e-007,-0.003377982
9.81197e-007,-0.001730966
9.81597e-007,-8.395073e-005
9.81997e-007,0.000739557
9.82397e-007,0.001327777
9.82797e-007,0.0008572009
9.83197e-007,-0.0003192386
9.83597e-007,-0.001966254
9.83997e-007,-0.002554474
9.84397e-007,-0.001966254
9.84797e-007,3.369323e-005
9.85197e-007,0.001680709
9.85597e-007,0.001445421
9.85997e-007,-0.001378034
9.86397e-007,-0.003966201
9.86797e-007,-0.004436777
9.87197e-007,-0.002672118
9.87597e-007,-0.0002015947
9.87997e-007,0.001327777
9.88397e-007,0.001798353
9.88797e-007,0.001327777
9.89197e-007,0.001092489
9.89597e-007,0.0003866251
9.89997e-007,-0.001613322
9.90397e-007,-0.004319133
9.90797e-007,-0.005377929
9.91197e-007,-0.003613269
9.91597e-007,0.0005042691
9.91997e-007,0.00438652
9.92397e-007,0.004974739
9.92797e-007,0.00321008
9.93197e-007,0.0005042691
9.93597e-007,-0.002201542
9.93997e-007,-0.004201489
9.94397e-007,-0.005142641
9.94797e-007,-0.003730913
9.95197e-007,-0.0002015947
9.95597e-007,0.003445368
9.95997e-007,0.004621808
9.96397e-007,0.0009748449
9.96797e-007,-0.003848557
9.97197e-007,-0.005142641
9.97597e-007,-0.00243683
9.97997e-007,0.001327777
9.98397e-007,0.00262186
9.98797e-007,0.0009748449
9.99197e-007,-0.001613322
9.99597e-007,-0.001966254
9.99997e-007,-0.0003192386
1.000397e-006,0.0009748449
1.000797e-006,0.0005042691
1.001197e-006,-0.0006721705
1.001597e-006,-0.0003192386
1.001997e-006,0.0005042691
1.002397e-006,0.001210133
1.002797e-006,0.0009748449
1.003197e-006,3.369323e-005
1.003597e-006,-0.0003192386
1.003997e-006,-0.0007898145
1.004397e-006,-0.00184861
1.004797e-006,-0.002907406
1.005197e-006,-0.003730913
1.005597e-006,-0.00302505
1.005997e-006,-0.0005545266
1.006397e-006,0.002033641
1.006797e-006,0.00262186
1.007197e-006,0.0008572009
1.007597e-006,-0.00126039
1.007997e-006,-0.002789762
1.008397e-006,-0.002554474
1.008797e-006,-0.00126039
1.009197e-006,-8.395073e-005
1.009597e-006,-0.0003192386
1.009997e-006,-0.001613322
1.010397e-006,-0.002319186
1.010797e-006,-0.00184861
1.011197e-006,-0.0003192386
1.011597e-006,0.0008572009
1.011997e-006,0.0003866251
1.012397e-006,-0.0007898145
1.012797e-006,-0.001495678
1.013197e-006,-0.001613322
1.013597e-006,-0.0004368826
1.013997e-006,0.001327777
1.014397e-006,0.002857148
1.014797e-006,0.001915997
1.015197e-006,-0.001495678
1.015597e-006,-0.004789709
1.015997e-006,-0.005966149
1.016397e-006,-0.004436777
1.016797e-006,3.369323e-005
1.017197e-006,0.003327724
1.017597e-006,0.002739504
1.017997e-006,-0.001378034
1.018397e-006,-0.004436777
1.018797e-006,-0.003613269
1.019197e-006,0.0002689811
1.019597e-006,0.003445368
1.019997e-006,0.003445368
1.020397e-006,0.0005042691
1.020797e-006,-0.001730966
1.021197e-006,-0.00243683
1.021597e-006,-0.001378034
1.021997e-006,0.0002689811
1.022397e-006,0.001915997
1.022797e-006,0.001680709
1.023197e-006,0.0002689811
1.023597e-006,-0.002201542
1.023997e-006,-0.004554421
1.024397e-006,-0.004319133
1.024797e-006,-0.00184861
1.025197e-006,0.001327777
1.025597e-006,0.002268928
1.025997e-006,0.001092489
1.026397e-006,-0.0006721705
1.026797e-006,-0.001495678
1.027197e-006,-0.001142746
1.027597e-006,-0.0009074584
1.027997e-006,-0.001495678
1.028397e-006,-0.001730966
1.028797e-006,-0.0007898145
1.029197e-006,-0.0002015947
1.029597e-006,-0.0005545266
1.029997e-006,-0.00184861
1.030397e-006,-0.001966254
1.030797e-006,-0.001495678
1.031197e-006,-0.0004368826
1.031597e-006,3.369323e-005
1.031997e-006,0.0001513372
1.032397e-006,0.0002689811
1.032797e-006,3.369323e-005
1.033197e-006,-0.0009074584
1.033597e-006,-0.002554474
1.033997e-006,-0.003495626
1.034397e-006,-0.001495678
1.034797e-006,0.002386572
1.035197e-006,0.004268876
1.035597e-006,0.002268928
1.035997e-006,-0.002554474
1.036397e-006,-0.006201437
1.036797e-006,-0.005142641
1.037197e-006,-0.00126039
1.037597e-006,0.001915997
1.037997e-006,0.003445368
1.038397e-006,0.003092436
1.038797e-006,0.001798353
1.039197e-006,0.0001513372
1.039597e-006,-0.00243683
1.039997e-006,-0.004554421
1.040397e-006,-0.005377929
1.040797e-006,-0.003377982
1.041197e-006,-0.0009074584
1.041597e-006,0.000739557
1.041997e-006,0.0001513372
1.042397e-006,-0.0002015947
1.042797e-006,-0.0004368826
1.043197e-006,-8.395073e-005
1.043597e-006,0.0003866251
1.043997e-006,-0.0002015947
1.044397e-006,-0.001378034
1.044797e-006,-0.00302505
1.045197e-006,-0.002907406
1.045597e-006,-0.001025102
1.045997e-006,0.0009748449
1.046397e-006,0.002268928
1.046797e-006,0.001210133
1.047197e-006,-0.001025102
1.047597e-006,-0.002789762
1.047997e-006,-0.001378034
1.048397e-006,0.001210133
1.048797e-006,0.003092436
1.049197e-006,0.001798353
1.049597e-006,-0.001730966
1.049997e-006,-0.005377929
1.050397e-006,-0.006436724
1.050797e-006,-0.004083845
1.051197e-006,0.0002689811
1.051597e-006,0.003915944
1.051997e-006,0.003915944
1.052397e-006,0.001092489
1.052797e-006,-0.002789762
1.053197e-006,-0.004907353
1.053597e-006,-0.004554421
1.053997e-006,-0.00184861
1.054397e-006,0.0009748449
1.054797e-006,0.002033641
1.055197e-006,0.001327777
1.055597e-006,-0.0005545266
1.055997e-006,-0.001378034
1.056397e-006,-0.0006721705
1.056797e-006,0.0005042691
1.057197e-006,0.001445421
1.057597e-006,3.369323e-005
1.057997e-006,-0.00243683
1.058397e-006,-0.003730913
1.058797e-006,-0.003495626
1.059197e-006,-0.002672118
1.059597e-006,-0.001495678
1.059997e-006,-0.001025102
1.060397e-006,-0.0006721705
1.060797e-006,0.0002689811
1.061197e-006,0.0005042691
1.061597e-006,0.0005042691
1.061997e-006,0.0001513372
1.062397e-006,0.0005042691
1.062797e-006,0.001798353
1.063197e-006,0.002151284
1.063597e-006,0.0008572009
1.063997e-006,-0.00184861
1.064397e-006,-0.003142694
1.064797e-006,-0.001378034
1.065197e-006,0.001445421
1.065597e-006,0.002386572
1.065997e-006,0.0008572009
1.066397e-006,-0.00184861
1.066797e-006,-0.003260338
1.067197e-006,-0.003142694
1.067597e-006,-0.002907406
1.067997e-006,-0.002789762
1.068397e-006,-0.002907406
1.068797e-006,-0.0006721705
1.069197e-006,0.003327724
1.069597e-006,0.005445315
1.069997e-006,0.003915944
1.070397e-006,-8.395073e-005
1.070797e-006,-0.003848557
1.071197e-006,-0.004201489
1.071597e-006,-0.002083898
1.071997e-006,0.0002689811
1.072397e-006,0.0009748449
1.072797e-006,-0.0003192386
1.073197e-006,-0.002554474
1.073597e-006,-0.003142694
1.073997e-006,-0.001730966
1.074397e-006,0.001327777
1.074797e-006,0.003915944
1.075197e-006,0.003445368
1.075597e-006,3.369323e-005
1.075997e-006,-0.003730913
1.076397e-006,-0.005260285
1.076797e-006,-0.003260338
1.077197e-006,0.0003866251
1.077597e-006,0.002033641
1.077997e-006,0.0005042691
1.078397e-006,-0.00126039
1.078797e-006,-0.002083898
1.079197e-006,-0.0009074584
1.079597e-006,0.0001513372
1.079997e-006,3.369323e-005
1.080397e-006,-0.001378034
1.080797e-006,-0.002672118
1.081197e-006,-0.001730966
1.081597e-006,0.000621913
1.081997e-006,0.001680709
1.082397e-006,-8.395073e-005
1.082797e-006,-0.00243683
1.083197e-006,-0.002789762
1.083597e-006,-0.0002015947
1.083997e-006,0.001915997
1.084397e-006,0.001445421
1.084797e-006,-0.0009074584
1.085197e-006,-0.003613269
1.085597e-006,-0.004083845
1.085997e-006,-0.00126039
1.086397e-006,0.001915997
1.086797e-006,0.002386572
1.087197e-006,0.001563065
1.087597e-006,0.000621913
1.087997e-006,0.0003866251
1.088397e-006,0.0008572009
1.088797e-006,0.0001513372
1.089197e-006,-0.00184861
1.089597e-006,-0.003848557
1.089997e-006,-0.004554421
1.090397e-006,-0.002672118
1.090797e-006,3.369323e-005
1.091197e-006,0.001798353
1.091597e-006,0.002151284
1.091997e-006,0.0008572009
1.092397e-006,-0.0006721705
1.092797e-006,-0.001495678
1.093197e-006,-0.001966254
1.093597e-006,-0.001378034
1.093997e-006,0.0001513372
1.094397e-006,0.001680709
1.094797e-006,0.001092489
1.095197e-006,0.0002689811
1.095597e-006,-0.0009074584
1.095997e-006,-0.002083898
1.096397e-006,-0.00184861
1.096797e-006,-0.00126039
1.097197e-006,-0.0007898145
1.097597e-006,3.369323e-005
1.097997e-006,0.0009748449
1.098397e-006,0.001210133
1.098797e-006,0.0009748449
1.099197e-006,0.000621913
1.099597e-006,-0.0004368826
1.099997e-006,-0.001025102
1.100397e-006,-0.001730966
1.100797e-006,-0.002554474
1.101197e-006,-0.002789762
1.101597e-006,-0.002907406
1.101997e-006,-0.002201542
1.102397e-006,-0.0006721705
1.102797e-006,0.0005042691
1.103197e-006,0.0003866251
1.103597e-006,-8.395073e-005
1.103997e-006,-0.0003192386
1.104397e-006,-0.0005545266
1.104797e-006,-8.395073e-005
1.105197e-006,0.0002689811
1.105597e-006,-0.0005545266
1.105997e-006,-0.002554474
1.106397e-006,-0.003377982
1.106797e-006,-0.001730966
1.107197e-006,0.001563065
1.107597e-006,0.003445368
1.107997e-006,0.002857148
1.108397e-006,-0.0005545266
1.108797e-006,-0.004672065
1.109197e-006,-0.006319081
1.109597e-006,-0.004201489
1.109997e-006,0.000621913
1.110397e-006,0.0037983
1.110797e-006,0.003327724
1.111197e-006,-0.0003192386
1.111597e-006,-0.003495626
1.111997e-006,-0.003495626
1.112397e-006,-0.00126039
1.112797e-006,0.001563065
1.113197e-006,0.001563065
1.113597e-006,0.0001513372
1.113997e-006,-0.00126039
1.114397e-006,-0.00243683
1.114797e-006,-0.003142694
1.115197e-006,-0.002319186
1.115597e-006,-0.001142746
1.115997e-006,-0.0004368826
1.116397e-006,0.000621913
1.116797e-006,0.001092489
1.117197e-006,-8.395073e-005
1.117597e-006,-0.00126039
1.117997e-006,-0.001025102
1.118397e-006,0.0003866251
1.118797e-006,0.000739557
1.119197e-006,-0.0005545266
1.119597e-006,-0.002907406
1.119997e-006,-0.003142694
1.120397e-006,-0.001730966
1.120797e-006,3.369323e-005
1.121197e-006,0.0009748449
1.121597e-006,-0.0004368826
1.121997e-006,-0.001730966
1.122397e-006,-0.001966254
1.122797e-006,-0.0009074584
1.123197e-006,3.369323e-005
1.123597e-006,-0.0007898145
1.123997e-006,-0.002789762
1.124397e-006,-0.00302505
1.124797e-006,-0.00126039
1.125197e-006,0.0003866251
1.125597e-006,0.001445421
1.125997e-006,0.001327777
1.126397e-006,-0.0002015947
1.126797e-006,-0.0009074584
1.127197e-006,-0.001142746
1.127597e-006,-0.001613322
1.127997e-006,-0.002907406
1.128397e-006,-0.00302505
1.128797e-006,-0.001142746
1.129197e-006,0.001210133
1.129597e-006,0.002268928
1.129997e-006,0.0008572009
1.130397e-006,-0.00184861
1.130797e-006,-0.002201542
1.131197e-006,-0.0004368826
1.131597e-006,0.001092489
1.131997e-006,0.0003866251
1.132397e-006,-0.001378034
1.132797e-006,-0.001613322
1.133197e-006,-0.0003192386
1.133597e-006,0.001327777
1.133997e-006,0.001680709
1.134397e-006,0.0001513372
1.134797e-006,-0.001613322
1.135197e-006,-0.002319186
1.135597e-006,-0.001730966
1.135997e-006,-0.001025102
1.136397e-006,-0.0009074584
1.136797e-006,-0.001613322
1.137197e-006,-0.001495678
1.137597e-006,-0.0007898145
1.137997e-006,-0.0005545266
1.138397e-006,-0.0004368826
1.138797e-006,-0.0007898145
1.139197e-006,-0.0004368826
1.139597e-006,0.000739557
1.139997e-006,0.001445421
1.140397e-006,0.001680709
1.140797e-006,0.000621913
1.141197e-006,-0.0009074584
1.141597e-006,-0.002789762
1.141997e-006,-0.003730913
1.142397e-006,-0.002789762
1.142797e-006,-0.001495678
1.143197e-006,-0.0002015947
1.143597e-006,0.000621913
1.143997e-006,-8.395073e-005
1.144397e-006,-0.001730966
1.144797e-006,-0.00302505
1.145197e-006,-0.002672118
1.145597e-006,-0.0006721705
1.145997e-006,0.001327777
1.146397e-006,0.001563065
1.146797e-006,3.369323e-005
1.147197e-006,-0.002789762
1.147597e-006,-0.004436777
1.147997e-006,-0.002907406
1.148397e-006,-0.001025102
1.148797e-006,-8.395073e-005
1.149197e-006,3.369323e-005
1.149597e-006,-0.0002015947
1.149997e-006,-0.0002015947
1.150397e-006,0.0003866251
1.150797e-006,3.369323e-005
1.151197e-006,-0.001142746
1.151597e-006,-0.002083898
1.151997e-006,-0.002083898
1.152397e-006,-0.0007898145
1.152797e-006,0.0005042691
1.153197e-006,0.001798353
1.153597e-006,0.002386572
1.153997e-006,0.001915997
1.154397e-006,0.0002689811
1.154797e-006,-0.0006721705
1.155197e-006,-0.001730966
1.155597e-006,-0.002672118
1.155997e-006,-0.002672118
1.156397e-006,-0.001378034
1.156797e-006,-0.0006721705
1.157197e-006,-0.001025102
1.157597e-006,-0.001613322
1.157997e-006,-0.001730966
1.158397e-006,-0.002083898
1.158797e-006,-0.001730966
1.159197e-006,-0.001025102
1.159597e-006,0.0005042691
1.159997e-006,0.001915997
1.160397e-006,0.001798353
1.160797e-006,-8.395073e-005
1.161197e-006,-0.002907406
1.161597e-006,-0.003966201
1.161997e-006,-0.00243683
1.162397e-006,0.0003866251
1.162797e-006,0.002974792
1.163197e-006,0.002857148
1.163597e-006,-8.395073e-005
1.163997e-006,-0.003377982
1.164397e-006,-0.004436777
1.164797e-006,-0.002083898
1.165197e-006,0.0008572009
1.165597e-006,0.001798353
1.165997e-006,0.000621913
1.166397e-006,-0.002083898
1.166797e-006,-0.003848557
1.167197e-006,-0.002083898
1.167597e-006,0.001563065
1.167997e-006,0.003915944
1.168397e-006,0.002268928
1.168797e-006,-0.001495678
1.169197e-006,-0.004319133
1.169597e-006,-0.004319133
1.169997e-006,-0.001966254
1.170397e-006,0.0002689811
1.170797e-006,0.001210133
1.171197e-006,0.0005042691
1.171597e-006,3.369323e-005
1.171997e-006,0.0003866251
1.172397e-006,0.001445421
1.172797e-006,0.001915997
1.173197e-006,0.0002689811
1.173597e-006,-0.00243683
1.173997e-006,-0.004319133
1.174397e-006,-0.003848557
1.174797e-006,-0.001142746
1.175197e-006,0.001798353
1.175597e-006,0.003915944
1.175997e-006,0.00321008
1.176397e-006,0.0003866251
1.176797e-006,-0.002083898
1.177197e-006,-0.003495626
1.177597e-006,-0.003613269
1.177997e-006,-0.002319186
1.178397e-006,-0.0009074584
1.178797e-006,0.0001513372
1.179197e-006,0.001092489
1.179597e-006,0.0008572009
1.179997e-006,-0.0007898145
1.180397e-006,-0.002672118
1.180797e-006,-0.003966201
1.181197e-006,-0.003966201
1.181597e-006,-0.002672118
1.181997e-006,-0.001025102
1.182397e-006,3.369323e-005
1.182797e-006,0.0002689811
1.183197e-006,3.369323e-005
1.183597e-006,-8.395073e-005
1.183997e-006,0.000621913
1.184397e-006,0.001092489
1.184797e-006,-8.395073e-005
1.185197e-006,-0.0009074584
1.185597e-006,-0.001378034
1.185997e-006,-0.001495678
1.186397e-006,-0.0005545266
1.186797e-006,0.0003866251
1.187197e-006,0.0001513372
1.187597e-006,-0.0004368826
1.187997e-006,-0.0003192386
1.188397e-006,0.000621913
1.188797e-006,0.001798353
1.189197e-006,0.002386572
1.189597e-006,0.001563065
1.189997e-006,-0.0004368826
1.190397e-006,-0.001966254
1.190797e-006,-0.002201542
1.191197e-006,-0.001378034
1.191597e-006,0.0002689811
1.191997e-006,0.001445421
1.192397e-006,0.0002689811
1.192797e-006,-0.001966254
1.193197e-006,-0.003260338
1.193597e-006,-0.002789762
1.193997e-006,-8.395073e-005
1.194397e-006,0.001680709
1.194797e-006,0.001798353
1.195197e-006,-0.0002015947
1.195597e-006,-0.001495678
1.195997e-006,-0.001378034
1.196397e-006,0.0005042691
1.196797e-006,0.001915997
1.197197e-006,0.0009748449
1.197597e-006,-0.001613322
1.197997e-006,-0.003260338
1.198397e-006,-0.001966254
1.198797e-006,0.0003866251
1.199197e-006,0.001210133
1.199597e-006,-0.001025102
1.199997e-006,-0.003495626
1.200397e-006,-0.003495626
1.200797e-006,-0.001378034
1.201197e-006,0.001092489
1.201597e-006,0.002857148
1.201997e-006,0.001915997
1.202397e-006,-0.0007898145
1.202797e-006,-0.00302505
1.203197e-006,-0.003848557
1.203597e-006,-0.003142694
1.203997e-006,-0.00126039
1.204397e-006,0.0001513372
1.204797e-006,-0.0004368826
1.205197e-006,-0.001142746
1.205597e-006,-0.001730966
1.205997e-006,-0.001025102
1.206397e-006,0.0008572009
1.206797e-006,0.001092489
1.207197e-006,-0.0003192386
1.207597e-006,-0.002083898
1.207997e-006,-0.003730913
1.208397e-006,-0.004319133
1.208797e-006,-0.003142694
1.209197e-006,-0.0005545266
1.209597e-006,0.003092436
1.209997e-006,0.003680656
1.210397e-006,0.001563065
1.210797e-006,-0.002319186
1.211197e-006,-0.004672065
1.211597e-006,-0.004436777
1.211997e-006,-0.00243683
1.212397e-006,-0.0004368826
1.212797e-006,-0.0003192386
1.213197e-006,-0.0007898145
1.213597e-006,-0.0009074584
1.213997e-006,3.369323e-005
1.214397e-006,0.001327777
1.214797e-006,0.001915997
1.215197e-006,0.001327777
1.215597e-006,0.0001513372
1.215997e-006,-0.001966254
1.216397e-006,-0.003495626
1.216797e-006,-0.003966201
1.217197e-006,-0.002907406
1.217597e-006,-0.0004368826
1.217997e-006,0.002151284
1.218397e-006,0.00262186
1.218797e-006,0.001445421
1.219197e-006,-0.0002015947
1.219597e-006,-0.001378034
1.219997e-006,-0.001378034
1.220397e-006,-0.001025102
1.220797e-006,-0.0007898145
1.221197e-006,-0.001025102
1.221597e-006,-0.0003192386
1.221997e-006,0.000739557
1.222397e-006,0.000621913
1.222797e-006,-0.001142746
1.223197e-006,-0.002907406
1.223597e-006,-0.003142694
1.223997e-006,-0.002201542
1.224397e-006,-0.001613322
1.224797e-006,-0.001730966
1.225197e-006,-0.002083898
1.225597e-006,-0.001378034
1.225997e-006,0.0009748449
1.226397e-006,0.001680709
1.226797e-006,3.369323e-005
1.227197e-006,-0.002201542
1.227597e-006,-0.003613269
1.227997e-006,-0.002672118
1.228397e-006,-0.0007898145
1.228797e-006,-8.395073e-005
1.229197e-006,3.369323e-005
1.229597e-006,-0.0003192386
1.229997e-006,-0.0006721705
1.230397e-006,0.0005042691
1.230797e-006,0.001445421
1.231197e-006,0.000739557
1.231597e-006,-0.0004368826
1.231997e-006,-0.0009074584
1.232397e-006,-0.0002015947
1.232797e-006,0.0005042691
1.233197e-006,0.0008572009
1.233597e-006,3.369323e-005
1.233997e-006,-0.001378034
1.234397e-006,-0.00184861
1.234797e-006,-0.001613322
1.235197e-006,-0.0009074584
1.235597e-006,-0.0006721705
1.235997e-006,-0.0005545266
1.236397e-006,0.0009748449
1.236797e-006,0.001445421
1.237197e-006,0.001563065
1.237597e-006,0.001445421
1.237997e-006,3.369323e-005
1.238397e-006,-0.0007898145
1.238797e-006,-0.0006721705
1.239197e-006,0.0001513372
1.239597e-006,0.0008572009
1.239997e-006,0.0009748449
1.240397e-006,0.0002689811
1.240797e-006,-0.0003192386
1.241197e-006,-0.001142746
1.241597e-006,-0.001613322
1.241997e-006,-0.001142746
1.242397e-006,3.369323e-005
1.242797e-006,0.001445421
1.243197e-006,0.002033641
1.243597e-006,0.001445421
1.243997e-006,0.0003866251
1.244397e-006,3.369323e-005
1.244797e-006,0.000621913
1.245197e-006,0.000739557
1.245597e-006,3.369323e-005
1.245997e-006,-0.0007898145
1.246397e-006,-0.00126039
1.246797e-006,-0.001378034
1.247197e-006,-0.0009074584
1.247597e-006,-0.0003192386
1.247997e-006,0.0002689811
1.248397e-006,0.0001513372
1.248797e-006,-0.0003192386
1.249197e-006,-8.395073e-005
1.249597e-006,0.0008572009
1.249997e-006,0.001680709
1.250397e-006,0.001445421
1.250797e-006,-0.0004368826
1.251197e-006,-0.002907406
1.251597e-006,-0.002672118
1.251997e-006,-0.0004368826
1.252397e-006,0.001092489
1.252797e-006,0.001915997
1.253197e-006,0.001210133
1.253597e-006,-0.0005545266
1.253997e-006,-0.00184861
1.254397e-006,-0.00243683
1.254797e-006,-0.001966254
1.255197e-006,-0.0005545266
1.255597e-006,0.0009748449
1.255997e-006,0.001563065
1.256397e-006,0.0002689811
1.256797e-006,-0.003260338
1.257197e-006,-0.006083793
1.257597e-006,-0.006554368
1.257997e-006,-0.004083845
1.258397e-006,0.0001513372
1.258797e-006,0.002857148
1.259197e-006,0.002739504
1.259597e-006,0.0008572009
1.259997e-006,-0.0009074584
1.260397e-006,-0.0009074584
1.260797e-006,-0.0002015947
1.261197e-006,-0.0002015947
1.261597e-006,-0.00184861
1.261997e-006,-0.00243683
1.262397e-006,-0.001495678
1.262797e-006,0.0003866251
1.263197e-006,0.000739557
1.263597e-006,-0.0006721705
1.263997e-006,-0.002907406
1.264397e-006,-0.003966201
1.264797e-006,-0.002201542
1.265197e-006,0.001445421
1.265597e-006,0.0037983
1.265997e-006,0.003327724
1.266397e-006,0.000621913
1.266797e-006,-0.001613322
1.267197e-006,-0.001730966
1.267597e-006,-0.0002015947
1.267997e-006,0.0009748449
1.268397e-006,0.0001513372
1.268797e-006,-0.001495678
1.269197e-006,-0.003142694
1.269597e-006,-0.003848557
1.269997e-006,-0.002554474
1.270397e-006,-0.0005545266
1.270797e-006,0.000621913
1.271197e-006,0.0003866251
1.271597e-006,-0.0007898145
1.271997e-006,-0.002201542
1.272397e-006,-0.00302505
1.272797e-006,-0.002083898
1.273197e-006,0.000621913
1.273597e-006,0.003092436
1.273997e-006,0.003092436
1.274397e-006,0.0005042691
1.274797e-006,-0.00243683
1.275197e-006,-0.004083845
1.275597e-006,-0.003260338
1.275997e-006,-0.0005545266
1.276397e-006,0.001563065
1.276797e-006,0.001445421
1.277197e-006,0.0008572009
1.277597e-006,3.369323e-005
1.277997e-006,-0.001142746
1.278397e-006,-0.001730966
1.278797e-006,-0.001730966
1.279197e-006,-0.001025102
1.279597e-006,0.000621913
1.279997e-006,0.001680709
1.280397e-006,0.0005042691
1.280797e-006,-0.002554474
1.281197e-006,-0.004907353
1.281597e-006,-0.004319133
1.281997e-006,-0.0009074584
1.282397e-006,0.002151284
1.282797e-006,0.002268928
1.283197e-006,-0.0007898145
1.283597e-006,-0.003260338
1.283997e-006,-0.003730913
1.284397e-006,-0.002083898
1.284797e-006,-0.0005545266
1.285197e-006,-0.0009074584
1.285597e-006,-0.001142746
1.285997e-006,-0.00126039
1.286397e-006,3.369323e-005
1.286797e-006,0.0003866251
1.287197e-006,-0.0007898145
1.287597e-006,-0.001142746
1.287997e-006,0.001092489
1.288397e-006,0.0037983
1.288797e-006,0.003680656
1.289197e-006,-0.0002015947
1.289597e-006,-0.004554421
1.289997e-006,-0.005848505
1.290397e-006,-0.003848557
1.290797e-006,-0.0007898145
1.291197e-006,3.369323e-005
1.291597e-006,-0.0007898145
1.291997e-006,-0.001378034
1.292397e-006,-0.0004368826
1.292797e-006,0.000621913
1.293197e-006,0.0001513372
1.293597e-006,-0.002201542
1.293997e-006,-0.002907406
1.294397e-006,-0.001025102
1.294797e-006,0.001798353
1.295197e-006,0.002974792
1.295597e-006,0.001327777
1.295997e-006,-0.001730966
1.296397e-006,-0.003142694
1.296797e-006,-0.002672118
1.297197e-006,-0.0006721705
1.297597e-006,0.0008572009
1.297997e-006,0.000621913
1.298397e-006,-0.0004368826
1.298797e-006,-0.001730966
1.299197e-006,-0.002319186
1.299597e-006,-0.001613322
1.299997e-006,-0.0003192386
1.300397e-006,0.0009748449
1.300797e-006,0.001327777
1.301197e-006,0.001092489
1.301597e-006,0.001210133
1.301997e-006,0.001327777
1.302397e-006,0.001327777
1.302797e-006,0.0009748449
1.303197e-006,0.0001513372
1.303597e-006,-0.0004368826
1.303997e-006,0.0002689811
1.304397e-006,0.001563065
1.304797e-006,0.002151284
1.305197e-006,0.000621913
1.305597e-006,-0.002672118
1.305997e-006,-0.005142641
1.306397e-006,-0.004201489
1.306797e-006,-0.0009074584
1.307197e-006,0.001563065
1.307597e-006,0.002033641
1.307997e-006,0.0001513372
1.308397e-006,-0.00126039
1.308797e-006,-0.0007898145
1.309197e-006,-0.0003192386
1.309597e-006,-0.0004368826
1.309997e-006,-0.0006721705
1.310397e-006,-0.0005545266
1.310797e-006,0.0002689811
1.311197e-006,0.001563065
1.311597e-006,0.002151284
1.311997e-006,0.001798353
1.312397e-006,3.369323e-005
1.312797e-006,-0.00243683
1.313197e-006,-0.004436777
1.313597e-006,-0.005142641
1.313997e-006,-0.003848557
1.314397e-006,-0.001378034
1.314797e-006,0.000621913
1.315197e-006,0.0003866251
1.315597e-006,3.369323e-005
1.315997e-006,0.0005042691
1.316397e-006,0.001798353
1.316797e-006,0.001445421
1.317197e-006,-0.001142746
1.317597e-006,-0.004436777
1.317997e-006,-0.005495573
1.318397e-006,-0.003142694
1.318797e-006,0.000621913
1.319197e-006,0.001915997
1.319597e-006,0.0008572009
1.319997e-006,-0.0007898145
1.320397e-006,-0.00126039
1.320797e-006,-8.395073e-005
1.321197e-006,0.001210133
1.321597e-006,0.001563065
1.321997e-006,0.000739557
1.322397e-006,-0.0004368826
1.322797e-006,-0.001613322
1.323197e-006,-0.002201542
1.323597e-006,-0.002201542
1.323997e-006,-0.0006721705
1.324397e-006,0.001680709
1.324797e-006,0.003445368
1.325197e-006,0.002504216
1.325597e-006,3.369323e-005
1.325997e-006,-0.002319186
1.326397e-006,-0.002201542
1.326797e-006,3.369323e-005
1.327197e-006,0.001798353
1.327597e-006,0.001563065
1.327997e-006,-0.0006721705
1.328397e-006,-0.002319186
1.328797e-006,-0.002083898
1.329197e-006,-0.001142746
1.329597e-006,0.0003866251
1.329997e-006,0.0003866251
1.330397e-006,-0.00126039
1.330797e-006,-0.002907406
1.331197e-006,-0.003495626
1.331597e-006,-0.002083898
1.331997e-006,-0.0004368826
1.332397e-006,0.001092489
1.332797e-006,0.001327777
1.333197e-006,0.0009748449
1.333597e-006,0.0005042691
1.333997e-006,0.0009748449
1.334397e-006,0.0009748449
1.334797e-006,-0.0004368826
1.335197e-006,-0.002201542
1.335597e-006,-0.003848557
1.335997e-006,-0.004201489
1.336397e-006,-0.002789762
1.336797e-006,-0.0007898145
1.337197e-006,-0.0004368826
1.337597e-006,-0.0009074584
1.337997e-006,-0.002201542
1.338397e-006,-0.002201542
1.338797e-006,3.369323e-005
1.339197e-006,0.00262186
1.339597e-006,0.003327724
1.339997e-006,0.002151284
1.340397e-006,3.369323e-005
1.340797e-006,-0.001378034
1.341197e-006,-0.00243683
1.341597e-006,-0.002789762
1.341997e-006,-0.00243683
1.342397e-006,-0.001142746
1.342797e-006,0.0003866251
1.343197e-006,0.001798353
1.343597e-006,0.001092489
1.343997e-006,-0.001142746
1.344397e-006,-0.00302505
1.344797e-006,-0.003260338
1.345197e-006,-0.001613322
1.345597e-006,0.0002689811
1.345997e-006,-8.395073e-005
1.346397e-006,-0.001613322
1.346797e-006,-0.002672118
1.347197e-006,-0.002083898
1.347597e-006,0.0003866251
1.347997e-006,0.002268928
1.348397e-006,0.00262186
1.348797e-006,0.001445421
1.349197e-006,-0.0002015947
1.349597e-006,-0.001378034
1.349997e-006,-0.001730966
1.350397e-006,-0.001613322
1.350797e-006,-0.001378034
1.351197e-006,-0.0004368826
1.351597e-006,0.0002689811
1.351997e-006,0.001210133
1.352397e-006,0.002386572
1.352797e-006,0.002974792
1.353197e-006,0.001680709
1.353597e-006,3.369323e-005
1.353997e-006,-0.002319186
1.354397e-006,-0.003142694
1.354797e-006,-0.00184861
1.355197e-006,-0.0003192386
1.355597e-006,0.0002689811
1.355997e-006,-0.0007898145
1.356397e-006,-0.00184861
1.356797e-006,-0.0009074584
1.357197e-006,0.001327777
1.357597e-006,0.001915997
1.357997e-006,0.001210133
1.358397e-006,-0.0004368826
1.358797e-006,-0.0009074584
1.359197e-006,0.0001513372
1.359597e-006,0.002151284
1.359997e-006,0.002504216
1.360397e-006,0.001092489
1.360797e-006,-0.0004368826
1.361197e-006,-0.0007898145
1.361597e-006,-8.395073e-005
1.361997e-006,-8.395073e-005
1.362397e-006,-0.0007898145
1.362797e-006,-0.00126039
1.363197e-006,-0.002083898
1.363597e-006,-0.002907406
1.363997e-006,-0.002672118
1.364397e-006,-0.00126039
1.364797e-006,0.0008572009
1.365197e-006,0.002033641
1.365597e-006,0.001210133
1.365997e-006,-0.001025102
1.366397e-006,-0.003260338
1.366797e-006,-0.003377982
1.367197e-006,-0.001025102
1.367597e-006,0.0008572009
1.367997e-006,0.0009748449
1.368397e-006,-0.0004368826
1.368797e-006,-0.0009074584
1.369197e-006,-8.395073e-005
1.369597e-006,0.001210133
1.369997e-006,0.0009748449
1.370397e-006,-0.0002015947
1.370797e-006,-0.001495678
1.371197e-006,-0.001730966
1.371597e-006,-0.0006721705
1.371997e-006,0.0002689811
1.372397e-006,0.0003866251
1.372797e-006,-0.0005545266
1.373197e-006,-0.002083898
1.373597e-006,-0.002789762
1.373997e-006,-0.002201542
1.374397e-006,-0.0007898145
1.374797e-006,-0.0007898145
1.375197e-006,-0.001495678
1.375597e-006,-0.002319186
1.375997e-006,-0.00184861
1.376397e-006,-8.395073e-005
1.376797e-006,0.0003866251
1.377197e-006,0.0002689811
1.377597e-006,-0.0006721705
1.377997e-006,-0.00126039
1.378397e-006,-0.0005545266
1.378797e-006,0.0005042691
1.379197e-006,0.001327777
1.379597e-006,0.000739557
1.379997e-006,-0.0006721705
1.380397e-006,-0.001142746
1.380797e-006,-8.395073e-005
1.381197e-006,0.0008572009
1.381597e-006,0.000621913
1.381997e-006,-0.0003192386
1.382397e-006,-0.001613322
1.382797e-006,-0.003377982
1.383197e-006,-0.003848557
1.383597e-006,-0.001966254
1.383997e-006,-0.0002015947
1.384397e-006,0.0005042691
1.384797e-006,3.369323e-005
1.385197e-006,-0.0009074584
1.385597e-006,-0.00184861
1.385997e-006,-0.001730966
1.386397e-006,-0.0009074584
1.386797e-006,-0.0007898145
1.387197e-006,-0.001142746
1.387597e-006,-0.001025102
1.387997e-006,0.000739557
1.388397e-006,0.002033641
1.388797e-006,0.001915997
1.389197e-006,-0.001142746
1.389597e-006,-0.003495626
1.389997e-006,-0.003613269
1.390397e-006,-0.00243683
1.390797e-006,-0.001495678
1.391197e-006,-0.00184861
1.391597e-006,-0.001966254
1.391997e-006,-0.0002015947
1.392397e-006,0.001915997
1.392797e-006,0.002504216
1.393197e-006,0.0002689811
1.393597e-006,-0.003142694
1.393997e-006,-0.004554421
1.394397e-006,-0.002907406
1.394797e-006,-0.0003192386
1.395197e-006,0.002151284
1.395597e-006,0.002386572
1.395997e-006,0.001327777
1.396397e-006,0.000621913
1.396797e-006,0.0002689811
1.397197e-006,-0.0003192386
1.397597e-006,-0.0009074584
1.397997e-006,-0.001378034
1.398397e-006,-0.0007898145
1.398797e-006,0.0005042691
1.399197e-006,0.000739557
1.399597e-006,0.0005042691
1.399997e-006,-8.395073e-005
1.400397e-006,-0.002201542
1.400797e-006,-0.00302505
1.401197e-006,-0.00184861
1.401597e-006,-0.0002015947
1.401997e-006,3.369323e-005
1.402397e-006,-0.001142746
1.402797e-006,-0.00243683
1.403197e-006,-0.001966254
1.403597e-006,0.001327777
1.403997e-006,0.00438652
1.404397e-006,0.003915944
1.404797e-006,-8.395073e-005
1.405197e-006,-0.003848557
1.405597e-006,-0.004436777
1.405997e-006,-0.002319186
1.406397e-006,0.0008572009
1.406797e-006,0.002386572
1.407197e-006,0.001798353
1.407597e-006,-0.0003192386
1.407997e-006,-0.001613322
1.408397e-006,-0.002201542
1.408797e-006,-0.00302505
1.409197e-006,-0.003613269
1.409597e-006,-0.003142694
1.409997e-006,-0.001495678
1.410397e-006,0.0001513372
1.410797e-006,0.001092489
1.411197e-006,0.0005042691
1.411597e-006,-0.0009074584
1.411997e-006,-0.001613322
1.412397e-006,-0.001613322
1.412797e-006,-0.0005545266
1.413197e-006,0.001092489
1.413597e-006,0.001445421
1.413997e-006,0.0003866251
1.414397e-006,-0.0009074584
1.414797e-006,-0.002672118
1.415197e-006,-0.004201489
1.415597e-006,-0.003730913
1.415997e-006,-0.001966254
1.416397e-006,-0.0002015947
1.416797e-006,0.0003866251
1.417197e-006,-0.0002015947
1.417597e-006,-0.001025102
1.417997e-006,-0.00126039
1.418397e-006,-0.0005545266
1.418797e-006,0.000621913
1.419197e-006,0.001680709
1.419597e-006,0.001915997
1.419997e-006,0.001092489
1.420397e-006,-0.001025102
1.420797e-006,-0.00243683
1.421197e-006,-0.002789762
1.421597e-006,-0.002672118
1.421997e-006,-0.001966254
1.422397e-006,-0.0005545266
1.422797e-006,0.001798353
1.423197e-006,0.004033588
1.423597e-006,0.004033588
1.423997e-006,0.001210133
1.424397e-006,-0.003377982
1.424797e-006,-0.006436724
1.425197e-006,-0.004907353
1.425597e-006,-0.0007898145
1.425997e-006,0.001798353
1.426397e-006,0.001563065
1.426797e-006,-0.0006721705
1.427197e-006,-0.0009074584
1.427597e-006,0.002268928
1.427997e-006,0.005680603
1.428397e-006,0.004857096
1.428797e-006,3.369323e-005
1.429197e-006,-0.003966201
1.429597e-006,-0.004201489
1.429997e-006,-0.00184861
1.430397e-006,0.001327777
1.430797e-006,0.002151284
1.431197e-006,0.0005042691
1.431597e-006,-0.002201542
1.431997e-006,-0.004083845
1.432397e-006,-0.004436777
1.432797e-006,-0.002907406
1.433197e-006,-0.0002015947
1.433597e-006,0.00262186
1.433997e-006,0.00321008
1.434397e-006,0.001445421
1.434797e-006,-0.00126039
1.435197e-006,-0.003142694
1.435597e-006,-0.003730913
1.435997e-006,-0.002319186
1.436397e-006,-0.0004368826
1.436797e-006,0.0001513372
1.437197e-006,0.000621913
1.437597e-006,0.001210133
1.437997e-006,0.001915997
1.438397e-006,0.002268928
1.438797e-006,0.001092489
1.439197e-006,-0.001495678
1.439597e-006,-0.003495626
1.439997e-006,-0.00302505
1.440397e-006,-0.001142746
1.440797e-006,0.000739557
1.441197e-006,0.001798353
1.441597e-006,0.001092489
1.441997e-006,0.0002689811
1.442397e-006,0.0002689811
1.442797e-006,0.000739557
1.443197e-006,0.001445421
1.443597e-006,0.0005042691
1.443997e-006,-0.00184861
1.444397e-006,-0.002789762
1.444797e-006,-0.001730966
1.445197e-006,-0.0006721705
1.445597e-006,0.000621913
1.445997e-006,0.0005042691
1.446397e-006,-0.0003192386
1.446797e-006,-0.0003192386
1.447197e-006,-0.0004368826
1.447597e-006,-0.0002015947
1.447997e-006,-0.0005545266
1.448397e-006,-0.001142746
1.448797e-006,-0.001613322
1.449197e-006,-0.002201542
1.449597e-006,-0.002672118
1.449997e-006,-0.002554474
1.450397e-006,-0.00184861
1.450797e-006,-0.0005545266
1.451197e-006,0.000739557
1.451597e-006,0.001210133
1.451997e-006,0.001445421
1.452397e-006,0.001680709
1.452797e-006,0.001563065
1.453197e-006,0.0003866251
1.453597e-006,-0.002201542
1.453997e-006,-0.003848557
1.454397e-006,-0.00243683
1.454797e-006,0.000621913
1.455197e-006,0.00321008
1.455597e-006,0.00262186
1.455997e-006,0.0002689811
1.456397e-006,-0.001613322
1.456797e-006,-0.001495678
1.457197e-006,-0.0003192386
1.457597e-006,0.001092489
1.457997e-006,0.0008572009
1.458397e-006,3.369323e-005
1.458797e-006,-0.0007898145
1.459197e-006,-0.00184861
1.459597e-006,-0.002554474
1.459997e-006,-0.002201542
1.460397e-006,-0.0004368826
1.460797e-006,0.001798353
1.461197e-006,0.003327724
1.461597e-006,0.00321008
1.461997e-006,0.002033641
1.462397e-006,0.0001513372
1.462797e-006,-0.001142746
1.463197e-006,-0.002319186
1.463597e-006,-0.00243683
1.463997e-006,-0.001966254
1.464397e-006,-0.0006721705
1.464797e-006,0.0008572009
1.465197e-006,0.001680709
1.465597e-006,0.001327777
1.465997e-006,-0.0006721705
1.466397e-006,-0.002789762
1.466797e-006,-0.002672118
1.467197e-006,-0.0005545266
1.467597e-006,0.001445421
1.467997e-006,0.001798353
1.468397e-006,-0.0004368826
1.468797e-006,-0.003613269
1.469197e-006,-0.004201489
1.469597e-006,-0.001495678
1.469997e-006,0.002386572
1.470397e-006,0.003445368
1.470797e-006,0.0001513372
1.471197e-006,-0.003966201
1.471597e-006,-0.006201437
1.471997e-006,-0.004319133
1.472397e-006,0.000739557
1.472797e-006,0.004739452
1.473197e-006,0.004857096
1.473597e-006,0.001798353
1.473997e-006,-0.002083898
1.474397e-006,-0.004201489
1.474797e-006,-0.003613269
1.475197e-006,-0.001495678
1.475597e-006,0.0009748449
1.475997e-006,0.001563065
1.476397e-006,0.0009748449
1.476797e-006,-0.0004368826
1.477197e-006,-0.002672118
1.477597e-006,-0.003495626
1.477997e-006,-0.003142694
1.478397e-006,-0.001730966
1.478797e-006,-0.0004368826
1.479197e-006,0.0009748449
1.479597e-006,0.002268928
1.479997e-006,0.002033641
1.480397e-006,0.0002689811
1.480797e-006,-0.00184861
1.481197e-006,-0.002554474
1.481597e-006,-0.002083898
1.481997e-006,-0.0003192386
1.482397e-006,0.0002689811
1.482797e-006,-0.0006721705
1.483197e-006,-0.0009074584
1.483597e-006,3.369323e-005
1.483997e-006,0.002033641
1.484397e-006,0.003445368
1.484797e-006,0.00262186
1.485197e-006,3.369323e-005
1.485597e-006,-0.002672118
1.485997e-006,-0.00302505
1.486397e-006,-0.001613322
1.486797e-006,-0.0004368826
1.487197e-006,-0.00126039
1.487597e-006,-0.002554474
1.487997e-006,-0.002083898
1.488397e-006,0.0001513372
1.488797e-006,0.001798353
1.489197e-006,0.001327777
1.489597e-006,-0.00126039
1.489997e-006,-0.004554421
1.490397e-006,-0.005142641
1.490797e-006,-0.002554474
1.491197e-006,0.0009748449
1.491597e-006,0.002504216
1.491997e-006,0.001210133
1.492397e-006,-0.001025102
1.492797e-006,-0.002319186
1.493197e-006,-0.001966254
1.493597e-006,-0.001142746
1.493997e-006,-0.0003192386
1.494397e-006,-0.0003192386
1.494797e-006,-0.001378034
1.495197e-006,-0.002201542
1.495597e-006,-0.001730966
1.495997e-006,-0.0006721705
1.496397e-006,-8.395073e-005
1.496797e-006,-0.0003192386
1.497197e-006,-0.001966254
1.497597e-006,-0.00302505
1.497997e-006,-0.002083898
1.498397e-006,0.000739557
1.498797e-006,0.002504216
1.499197e-006,0.001798353
1.499597e-006,-0.0006721705
1.499997e-006,-0.003495626
1.500397e-006,-0.004672065
1.500797e-006,-0.003730913
1.501197e-006,-0.001378034
1.501597e-006,0.0002689811
1.501997e-006,0.0001513372
1.502397e-006,-0.001730966
1.502797e-006,-0.003377982
1.503197e-006,-0.003495626
1.503597e-006,-0.00184861
1.503997e-006,-8.395073e-005
1.504397e-006,0.001092489
1.504797e-006,0.002268928
1.505197e-006,0.003327724
1.505597e-006,0.00321008
1.505997e-006,0.0003866251
1.506397e-006,-0.003966201
1.506797e-006,-0.006789656
1.507197e-006,-0.005377929
1.507597e-006,-0.0006721705
1.507997e-006,0.003915944
1.508397e-006,0.003915944
1.508797e-006,0.000621913
1.509197e-006,-0.002672118
1.509597e-006,-0.002789762
1.509997e-006,-0.0004368826
1.510397e-006,0.001445421
1.510797e-006,0.001210133
1.511197e-006,0.0003866251
1.511597e-006,3.369323e-005
1.511997e-006,0.0003866251
1.512397e-006,-0.0009074584
1.512797e-006,-0.003730913
1.513197e-006,-0.004436777
1.513597e-006,-0.002789762
1.513997e-006,-8.395073e-005
1.514397e-006,0.0009748449
1.514797e-006,-0.0002015947
1.515197e-006,-0.001142746
1.515597e-006,-0.00184861
1.515997e-006,-0.001730966
1.516397e-006,-0.001142746
1.516797e-006,-0.0007898145
1.517197e-006,-8.395073e-005
1.517597e-006,0.0008572009
1.517997e-006,0.002151284
1.518397e-006,0.001915997
1.518797e-006,3.369323e-005
1.519197e-006,-0.002319186
1.519597e-006,-0.00302505
1.519997e-006,-0.002201542
1.520397e-006,-0.001613322
1.520797e-006,-0.001730966
1.521197e-006,-0.001730966
1.521597e-006,-0.001495678
1.521997e-006,-0.0005545266
1.522397e-006,0.0002689811
1.522797e-006,0.000739557
1.523197e-006,0.001798353
1.523597e-006,0.001445421
1.523997e-006,-0.0003192386
1.524397e-006,-0.002672118
1.524797e-006,-0.003730913
1.525197e-006,-0.002319186
1.525597e-006,0.0001513372
1.525997e-006,0.001445421
1.526397e-006,0.001092489
1.526797e-006,-0.0006721705
1.527197e-006,-0.00126039
1.527597e-006,0.0002689811
1.527997e-006,0.002151284
1.528397e-006,0.001915997
1.528797e-006,0.0001513372
1.529197e-006,-0.001730966
1.529597e-006,-0.00243683
1.529997e-006,-0.001495678
1.530397e-006,-0.0005545266
1.530797e-006,-0.0007898145
1.531197e-006,-0.001966254
1.531597e-006,-0.002201542
1.531997e-006,-0.00126039
1.532397e-006,0.0008572009
1.532797e-006,0.001445421
1.533197e-006,-8.395073e-005
1.533597e-006,-0.002201542
1.533997e-006,-0.003142694
1.534397e-006,-0.002083898
1.534797e-006,0.0005042691
1.535197e-006,0.002268928
1.535597e-006,0.000739557
1.535997e-006,-0.001613322
1.536397e-006,-0.002083898
1.536797e-006,-0.001142746
1.537197e-006,0.001092489
1.537597e-006,0.002268928
1.537997e-006,0.001327777
1.538397e-006,-0.00126039
1.538797e-006,-0.003142694
1.539197e-006,-0.00302505
1.539597e-006,-0.00243683
1.539997e-006,-0.002083898
1.540397e-006,-0.001142746
1.540797e-006,0.0009748449
1.541197e-006,0.00262186
1.541597e-006,0.002386572
1.541997e-006,0.0005042691
1.542397e-006,-0.00126039
1.542797e-006,-0.002319186
1.543197e-006,-0.002083898
1.543597e-006,-0.00126039
1.543997e-006,-0.001378034
1.544397e-006,-0.002083898
1.544797e-006,-0.00243683
1.545197e-006,-0.002319186
1.545597e-006,-0.00126039
1.545997e-006,3.369323e-005
1.546397e-006,0.001327777
1.546797e-006,0.001915997
1.547197e-006,0.001210133
1.547597e-006,-0.0004368826
1.547997e-006,-0.002083898
1.548397e-006,-0.00302505
1.548797e-006,-0.002083898
1.549197e-006,-0.0006721705
1.549597e-006,0.000621913
1.549997e-006,0.0009748449
1.550397e-006,0.001210133
1.550797e-006,0.001210133
1.551197e-006,0.000621913
1.551597e-006,-0.0002015947
1.551997e-006,-0.0007898145
1.552397e-006,-0.0003192386
1.552797e-006,0.000621913
1.553197e-006,0.0003866251
1.553597e-006,-0.001025102
1.553997e-006,-0.003613269
1.554397e-006,-0.004672065
1.554797e-006,-0.003377982
1.555197e-006,-0.0006721705
1.555597e-006,0.001210133
1.555997e-006,0.001445421
1.556397e-006,0.000739557
1.556797e-006,0.0003866251
1.557197e-006,0.0008572009
1.557597e-006,0.0003866251
1.557997e-006,-0.001142746
1.558397e-006,-0.001730966
1.558797e-006,-0.001730966
1.559197e-006,-0.001495678
1.559597e-006,-0.002083898
1.559997e-006,-0.00302505
1.560397e-006,-0.002789762
1.560797e-006,-8.395073e-005
1.561197e-006,0.003915944
1.561597e-006,0.006151179
1.561997e-006,0.002504216
1.562397e-006,-0.004554421
1.562797e-006,-0.009024892
1.563197e-006,-0.007260232
1.563597e-006,-0.0007898145
1.563997e-006,0.004033588
1.564397e-006,0.00438652
1.564797e-006,0.0002689811
1.565197e-006,-0.005024997
1.565597e-006,-0.00749552
1.565997e-006,-0.005495573
1.566397e-006,-0.0007898145
1.566797e-006,0.001798353
1.567197e-006,0.001327777
1.567597e-006,0.0001513372
1.567997e-006,-0.0002015947
1.568397e-006,0.0005042691
1.568797e-006,0.001210133
1.569197e-006,0.000621913
1.569597e-006,-0.00126039
1.569997e-006,-0.003377982
1.570397e-006,-0.004083845
1.570797e-006,-0.003495626
1.571197e-006,-0.001730966
1.571597e-006,-0.001025102
1.571997e-006,-0.00126039
1.572397e-006,-0.001613322
1.572797e-006,-0.0009074584
1.573197e-006,0.001210133
1.573597e-006,0.002739504
1.573997e-006,0.0009748449
1.574397e-006,-0.001730966
1.574797e-006,-0.001730966
1.575197e-006,0.0002689811
1.575597e-006,0.002974792
1.575997e-006,0.004268876
1.576397e-006,0.002386572
1.576797e-006,-0.0007898145
1.577197e-006,-0.00243683
1.577597e-006,-0.001495678
1.577997e-006,-0.0003192386
1.578397e-006,0.0002689811
1.578797e-006,-0.0003192386
1.579197e-006,-0.0004368826
1.579597e-006,-0.0007898145
1.579997e-006,-0.001025102
1.580397e-006,-0.001613322
1.580797e-006,-0.00184861
1.581197e-006,-0.00126039
1.581597e-006,0.0003866251
1.581997e-006,0.001327777
1.582397e-006,0.001210133
1.582797e-006,0.0001513372
1.583197e-006,-0.001025102
1.583597e-006,-0.001495678
1.583997e-006,-0.001495678
1.584397e-006,-0.002201542
1.584797e-006,-0.002319186
1.585197e-006,-0.001378034
1.585597e-006,0.0005042691
1.585997e-006,0.0009748449
1.586397e-006,0.0001513372
1.586797e-006,-0.00184861
1.587197e-006,-0.003142694
1.587597e-006,-0.001966254
1.587997e-006,0.001092489
1.588397e-006,0.003092436
1.588797e-006,0.002739504
1.589197e-006,0.0005042691
1.589597e-006,-0.00243683
1.589997e-006,-0.00302505
1.590397e-006,-0.001025102
1.590797e-006,0.000739557
1.591197e-006,0.000621913
1.591597e-006,-8.395073e-005
1.591997e-006,-0.0004368826
1.592397e-006,-0.001025102
1.592797e-006,-0.001025102
1.593197e-006,-0.0005545266
1.593597e-006,-0.0006721705
1.593997e-006,-0.0004368826
1.594397e-006,-0.0007898145
1.594797e-006,-0.001495678
1.595197e-006,-0.001966254
1.595597e-006,-0.001613322
1.595997e-006,-0.0004368826
1.596397e-006,0.0008572009
1.596797e-006,0.0009748449
1.597197e-006,-0.0005545266
1.597597e-006,-0.001730966
1.597997e-006,-0.001730966
1.598397e-006,-0.001025102
1.598797e-006,-0.0004368826
1.599197e-006,-0.0007898145
1.599597e-006,-0.001495678
1.599997e-006,-0.001613322
1.600397e-006,-0.001142746
