LECROYWS4054HD,18796,Waveform
Segments,1,SegmentSize,5002
Segment,TrigTime,TimeSinceSegment1
#1,12-Sep-2025 11:41:15,0                 
Time,Ampl
-4.00035e-007,-0.0022808698
-3.99635e-007,-0.00068091194
-3.99235e-007,0.0010131611
-3.98835e-007,0.0014837369
-3.98435e-007,0.00016612456
-3.98035e-007,-0.002139697
-3.97635e-007,-0.0032220214
-3.97235e-007,-0.0020926394
-3.96835e-007,0.00040141248
-3.96435e-007,0.0019543127
-3.96035e-007,0.0020484279
-3.95635e-007,7.2009396e-005
-3.95235e-007,-0.0023749849
-3.94835e-007,-0.003269079
-3.94435e-007,-0.0022338122
-3.94035e-007,-0.00016327852
-3.93635e-007,0.0016719672
-3.93235e-007,0.0020484279
-3.92835e-007,0.0013896217
-3.92435e-007,0.00054258523
-3.92035e-007,0.00058964281
-3.91635e-007,0.00054258523
-3.91235e-007,-0.00082208469
-3.90835e-007,-0.0030337911
-3.90435e-007,-0.0043043459
-3.90035e-007,-0.0030808487
-3.89635e-007,2.4951813e-005
-3.89235e-007,0.0030366372
-3.88835e-007,0.004071904
-3.88435e-007,0.0025190037
-3.88035e-007,-0.00025739369
-3.87635e-007,-0.0021867546
-3.87235e-007,-0.0028455608
-3.86835e-007,-0.0024220425
-3.86435e-007,-0.0018102939
-3.86035e-007,-0.00082208469
-3.85635e-007,0.0010131611
-3.85235e-007,0.0028484068
-3.84835e-007,0.0036954433
-3.84435e-007,0.0030836947
-3.84035e-007,0.0013896217
-3.83635e-007,-0.0002103361
-3.83235e-007,-0.00035150885
-3.82835e-007,0.00082493073
-3.82435e-007,0.0012013914
-3.82035e-007,0.00049552765
-3.81635e-007,-0.0016691212
-3.81235e-007,-0.0034573094
-3.80835e-007,-0.0034573094
-3.80435e-007,-0.0012456029
-3.80035e-007,0.0020013703
-3.79635e-007,0.0040248464
-3.79235e-007,0.0037895585
-3.78835e-007,0.0013896217
-3.78435e-007,-0.0014338333
-3.78035e-007,-0.0027985032
-3.77635e-007,-0.0025161577
-3.77235e-007,-0.0013867757
-3.76835e-007,-0.00016327852
-3.76435e-007,0.00044847006
-3.76035e-007,0.00049552765
-3.75635e-007,-6.9163354e-005
-3.75235e-007,-0.00096325744
-3.74835e-007,-0.0018102939
-3.74435e-007,-0.0024691001
-3.74035e-007,-0.0013397181
-3.73635e-007,0.0012955066
-3.73235e-007,0.0037895585
-3.72835e-007,0.0047307102
-3.72435e-007,0.0032719251
-3.72035e-007,-0.00025739369
-3.71635e-007,-0.0028926184
-3.71235e-007,-0.0031279063
-3.70835e-007,-0.0004926816
-3.70435e-007,0.0032248675
-3.70035e-007,0.0048718829
-3.69635e-007,0.0032719251
-3.69235e-007,2.4951813e-005
-3.68835e-007,-0.0025161577
-3.68435e-007,-0.0030337911
-3.68035e-007,-0.0019985243
-3.67635e-007,-0.00058679677
-3.67235e-007,-0.0002103361
-3.66835e-007,-0.0004926816
-3.66435e-007,2.4951813e-005
-3.66035e-007,0.00087198831
-3.65635e-007,0.0010602186
-3.65235e-007,-0.00025739369
-3.64835e-007,-0.0012926605
-3.64435e-007,-0.0016220636
-3.64035e-007,-0.0011985454
-3.63635e-007,-0.00096325744
-3.63235e-007,-0.0014808909
-3.62835e-007,-0.0023749849
-3.62435e-007,-0.0019044091
-3.62035e-007,-0.00035150885
-3.61635e-007,0.0010602186
-3.61235e-007,0.00087198831
-3.60835e-007,-0.00068091194
-3.60435e-007,-0.0013867757
-3.60035e-007,-0.0011044302
-3.59635e-007,0.00016612456
-3.59235e-007,0.001248449
-3.58835e-007,0.0012013914
-3.58435e-007,0.0006367004
-3.58035e-007,0.0003543549
-3.57635e-007,0.00016612456
-3.57235e-007,-0.00058679677
-3.56835e-007,-0.0018573515
-3.56435e-007,-0.0025632153
-3.56035e-007,-0.0026102729
-3.55635e-007,-0.001575006
-3.55235e-007,-0.00058679677
-3.54835e-007,-0.00011622094
-3.54435e-007,-6.9163354e-005
-3.54035e-007,-0.00016327852
-3.53635e-007,0.00021318215
-3.53235e-007,0.00087198831
-3.52835e-007,0.00073081556
-3.52435e-007,0.00077787315
-3.52035e-007,0.0014837369
-3.51635e-007,0.0019543127
-3.51235e-007,0.0013425641
-3.50835e-007,-0.00058679677
-3.50435e-007,-0.0023279274
-3.50035e-007,-0.0027985032
-3.49635e-007,-0.0016220636
-3.49235e-007,7.2009396e-005
-3.48835e-007,0.00087198831
-3.48435e-007,0.00040141248
-3.48035e-007,-0.00086914227
-3.47635e-007,-0.0013397181
-3.47235e-007,-0.0011985454
-3.46835e-007,-0.00044562402
-3.46435e-007,2.4951813e-005
-3.46035e-007,0.00040141248
-3.45635e-007,0.00040141248
-3.45235e-007,0.00073081556
-3.44835e-007,0.0013425641
-3.44435e-007,0.0017660824
-3.44035e-007,0.0010131611
-3.43635e-007,-0.00072796952
-3.43235e-007,-0.0024691001
-3.42835e-007,-0.0029396759
-3.42435e-007,-0.0023749849
-3.42035e-007,-0.0011514878
-3.41635e-007,-6.9163354e-005
-3.41235e-007,0.00068375798
-3.40835e-007,0.00096610348
-3.40435e-007,0.00073081556
-3.40035e-007,0.00011906698
-3.39635e-007,-0.00082208469
-3.39235e-007,-0.0011985454
-3.38835e-007,-0.00039856644
-3.38435e-007,0.001248449
-3.38035e-007,0.0024719462
-3.37635e-007,0.0025660613
-3.37235e-007,0.001248449
-3.36835e-007,-0.00053973919
-3.36435e-007,-0.0019044091
-3.36035e-007,-0.002139697
-3.35635e-007,-0.0016691212
-3.35235e-007,-0.00072796952
-3.34835e-007,0.00073081556
-3.34435e-007,0.0017190248
-3.34035e-007,0.0014366793
-3.33635e-007,2.4951813e-005
-3.33235e-007,-0.0019985243
-3.32835e-007,-0.0030808487
-3.32435e-007,-0.0017632364
-3.32035e-007,0.00068375798
-3.31635e-007,0.0019072551
-3.31235e-007,0.00054258523
-3.30835e-007,-0.0017632364
-3.30435e-007,-0.003269079
-3.30035e-007,-0.002704388
-3.29635e-007,-0.00072796952
-3.29235e-007,0.00044847006
-3.28835e-007,-6.9163354e-005
-3.28435e-007,-0.0019514667
-3.28035e-007,-0.0030337911
-3.27635e-007,-0.0020926394
-3.27235e-007,-0.00025739369
-3.26835e-007,0.00058964281
-3.26435e-007,0.00011906698
-3.26035e-007,-0.0011985454
-3.25635e-007,-0.0011514878
-3.25235e-007,0.0010602186
-3.24835e-007,0.0036013282
-3.24435e-007,0.0042601343
-3.24035e-007,0.0018601976
-3.23635e-007,-0.001010315
-3.23235e-007,-0.0026573304
-3.22835e-007,-0.0017161788
-3.22435e-007,-0.0002103361
-3.22035e-007,0.00040141248
-3.21635e-007,-0.00016327852
-3.21235e-007,-0.00091619986
-3.20835e-007,-0.00058679677
-3.20435e-007,-2.210577e-005
-3.20035e-007,0.00021318215
-3.19635e-007,-6.9163354e-005
-3.19235e-007,-0.00063385435
-3.18835e-007,-2.210577e-005
-3.18435e-007,0.0012013914
-3.18035e-007,0.00077787315
-3.17635e-007,-0.00082208469
-3.17235e-007,-0.0020926394
-3.16835e-007,-0.001010315
-3.16435e-007,0.0012955066
-3.16035e-007,0.0026131189
-3.15635e-007,0.0017660824
-3.15235e-007,7.2009396e-005
-3.14835e-007,-0.001010315
-3.14435e-007,-0.001010315
-3.14035e-007,-0.00068091194
-3.13635e-007,-0.00011622094
-3.13235e-007,-0.00058679677
-3.12835e-007,-0.0010573726
-3.12435e-007,-0.00068091194
-3.12035e-007,-2.210577e-005
-3.11635e-007,0.00011906698
-3.11235e-007,-0.00053973919
-3.10835e-007,-0.0012456029
-3.10435e-007,-0.00077502711
-3.10035e-007,0.00054258523
-3.09635e-007,0.0010131611
-3.09235e-007,0.00016612456
-3.08835e-007,-0.0012456029
-3.08435e-007,-0.0019514667
-3.08035e-007,-0.0014338333
-3.07635e-007,-0.00039856644
-3.07235e-007,0.0003543549
-3.06835e-007,0.00058964281
-3.06435e-007,7.2009396e-005
-3.06035e-007,-0.00058679677
-3.05635e-007,-0.00082208469
-3.05235e-007,-0.00068091194
-3.04835e-007,-0.0004926816
-3.04435e-007,-0.00030445127
-3.04035e-007,-0.00030445127
-3.03635e-007,-0.00072796952
-3.03235e-007,-0.0018573515
-3.02835e-007,-0.0022808698
-3.02435e-007,-0.0017632364
-3.02035e-007,-0.0004926816
-3.01635e-007,0.00030729731
-3.01235e-007,-0.0002103361
-3.00835e-007,-0.0014338333
-3.00435e-007,-0.0020926394
-3.00035e-007,-0.0013397181
-2.99635e-007,0.00026023973
-2.99235e-007,0.001248449
-2.98835e-007,0.00068375798
-2.98435e-007,-0.00082208469
-2.98035e-007,-0.0022808698
-2.97635e-007,-0.0023749849
-2.97235e-007,-0.0011514878
-2.96835e-007,0.00021318215
-2.96435e-007,0.00054258523
-2.96035e-007,-0.00077502711
-2.95635e-007,-0.0023749849
-2.95235e-007,-0.0026102729
-2.94835e-007,-0.0011985454
-2.94435e-007,0.0012955066
-2.94035e-007,0.0029895796
-2.93635e-007,0.0023307734
-2.93235e-007,-0.00035150885
-2.92835e-007,-0.0031279063
-2.92435e-007,-0.0035984821
-2.92035e-007,-0.0012926605
-2.91635e-007,0.0019543127
-2.91235e-007,0.0036483857
-2.90835e-007,0.0025190037
-2.90435e-007,-0.00035150885
-2.90035e-007,-0.0029867335
-2.89635e-007,-0.0039749428
-2.89235e-007,-0.0034573094
-2.88835e-007,-0.0025161577
-2.88435e-007,-0.0016691212
-2.88035e-007,-0.00068091194
-2.87635e-007,0.00077787315
-2.87235e-007,0.0021425431
-2.86835e-007,0.0026601765
-2.86435e-007,0.0012955066
-2.86035e-007,-0.0010573726
-2.85635e-007,-0.0023279274
-2.85235e-007,-0.0012926605
-2.84835e-007,0.00058964281
-2.84435e-007,0.0017190248
-2.84035e-007,0.0012955066
-2.83635e-007,-0.00072796952
-2.83235e-007,-0.0024220425
-2.82835e-007,-0.002139697
-2.82435e-007,-0.00035150885
-2.82035e-007,0.0015778521
-2.81635e-007,0.002377831
-2.81235e-007,0.00096610348
-2.80835e-007,-0.0014808909
-2.80435e-007,-0.0023749849
-2.80035e-007,-0.0014808909
-2.79635e-007,0.0011072762
-2.79235e-007,0.0025660613
-2.78835e-007,0.0014366793
-2.78435e-007,-0.0012926605
-2.78035e-007,-0.0035043669
-2.77635e-007,-0.003269079
-2.77235e-007,-0.00077502711
-2.76835e-007,0.0019543127
-2.76435e-007,0.0026131189
-2.76035e-007,0.00068375798
-2.75635e-007,-0.0016220636
-2.75235e-007,-0.0029396759
-2.74835e-007,-0.0027985032
-2.74435e-007,-0.0019514667
-2.74035e-007,-0.0017161788
-2.73635e-007,-0.0020926394
-2.73235e-007,-0.0016691212
-2.72835e-007,7.2009396e-005
-2.72435e-007,0.0024248886
-2.72035e-007,0.0037425009
-2.71635e-007,0.0028013492
-2.71235e-007,-0.00039856644
-2.70835e-007,-0.0025161577
-2.70435e-007,-0.002139697
-2.70035e-007,-0.00044562402
-2.69635e-007,0.00082493073
-2.69235e-007,0.00016612456
-2.68835e-007,-0.0014808909
-2.68435e-007,-0.0022808698
-2.68035e-007,-0.0012456029
-2.67635e-007,0.0006367004
-2.67235e-007,0.0018601976
-2.66835e-007,0.0015307945
-2.66435e-007,0.00016612456
-2.66035e-007,-0.00086914227
-2.65635e-007,-0.00077502711
-2.65235e-007,-0.00011622094
-2.64835e-007,-2.210577e-005
-2.64435e-007,-0.00068091194
-2.64035e-007,-0.0011044302
-2.63635e-007,-0.001010315
-2.63235e-007,-0.00035150885
-2.62835e-007,0.00040141248
-2.62435e-007,0.00068375798
-2.62035e-007,-2.210577e-005
-2.61635e-007,-0.00063385435
-2.61235e-007,-0.0004926816
-2.60835e-007,0.00058964281
-2.60435e-007,0.0011072762
-2.60035e-007,2.4951813e-005
-2.59635e-007,-0.0023279274
-2.59235e-007,-0.0037867124
-2.58835e-007,-0.0023279274
-2.58435e-007,0.00087198831
-2.58035e-007,0.0024719462
-2.57635e-007,0.00181314
-2.57235e-007,-0.00039856644
-2.56835e-007,-0.0019044091
-2.56435e-007,-0.0013867757
-2.56035e-007,0.00049552765
-2.55635e-007,0.0020954855
-2.55235e-007,0.0015778521
-2.54835e-007,0.00044847006
-2.54435e-007,-0.00016327852
-2.54035e-007,-0.00011622094
-2.53635e-007,7.2009396e-005
-2.53235e-007,-0.00039856644
-2.52835e-007,-0.0013397181
-2.52435e-007,-0.0020926394
-2.52035e-007,-0.0020455819
-2.51635e-007,-0.00096325744
-2.51235e-007,0.0012013914
-2.50835e-007,0.0031307523
-2.50435e-007,0.0029895796
-2.50035e-007,0.00073081556
-2.49635e-007,-0.0024691001
-2.49235e-007,-0.004963152
-2.48835e-007,-0.0048690369
-2.48435e-007,-0.0026573304
-2.48035e-007,0.00021318215
-2.47635e-007,0.0018601976
-2.47235e-007,0.0017190248
-2.46835e-007,0.0009190459
-2.46435e-007,-0.00016327852
-2.46035e-007,-0.0011044302
-2.45635e-007,-0.0016691212
-2.45235e-007,-0.0015279484
-2.44835e-007,-0.00091619986
-2.44435e-007,-0.00039856644
-2.44035e-007,-0.00011622094
-2.43635e-007,0.00016612456
-2.43235e-007,0.00073081556
-2.42835e-007,0.0013896217
-2.42435e-007,0.0016719672
-2.42035e-007,0.0009190459
-2.41635e-007,-0.0002103361
-2.41235e-007,-0.0014338333
-2.40835e-007,-0.0016220636
-2.40435e-007,-0.00068091194
-2.40035e-007,-6.9163354e-005
-2.39635e-007,-6.9163354e-005
-2.39235e-007,-0.00096325744
-2.38835e-007,-0.002139697
-2.38435e-007,-0.0030808487
-2.38035e-007,-0.0033161366
-2.37635e-007,-0.0021867546
-2.37235e-007,2.4951813e-005
-2.36835e-007,0.0015778521
-2.36435e-007,0.0010131611
-2.36035e-007,-0.00082208469
-2.35635e-007,-0.0026573304
-2.35235e-007,-0.0030337911
-2.34835e-007,-0.0018573515
-2.34435e-007,-0.00091619986
-2.34035e-007,-0.0011044302
-2.33635e-007,-0.0019514667
-2.33235e-007,-0.0019044091
-2.32835e-007,-0.00082208469
-2.32435e-007,0.00054258523
-2.32035e-007,0.0012013914
-2.31635e-007,0.00077787315
-2.31235e-007,-0.00016327852
-2.30835e-007,-0.001010315
-2.30435e-007,-0.0020455819
-2.30035e-007,-0.0032220214
-2.29635e-007,-0.0040690579
-2.29235e-007,-0.0027985032
-2.28835e-007,-0.00011622094
-2.28435e-007,0.0022837158
-2.28035e-007,0.0028484068
-2.27635e-007,0.00181314
-2.27235e-007,0.00016612456
-2.26835e-007,-0.00063385435
-2.26435e-007,-0.00058679677
-2.26035e-007,-0.00044562402
-2.25635e-007,-0.0002103361
-2.25235e-007,0.00096610348
-2.24835e-007,0.00181314
-2.24435e-007,0.0017660824
-2.24035e-007,0.00054258523
-2.23635e-007,-0.0016691212
-2.23235e-007,-0.0025632153
-2.22835e-007,-0.0012926605
-2.22435e-007,0.00049552765
-2.22035e-007,0.0013425641
-2.21635e-007,-0.00025739369
-2.21235e-007,-0.002704388
-2.20835e-007,-0.0035514245
-2.20435e-007,-0.0019044091
-2.20035e-007,0.0010602186
-2.19635e-007,0.0029895796
-2.19235e-007,0.0027072341
-2.18835e-007,0.00096610348
-2.18435e-007,-0.00077502711
-2.18035e-007,-0.00063385435
-2.17635e-007,0.00068375798
-2.17235e-007,0.0011543338
-2.16835e-007,0.00011906698
-2.16435e-007,-0.0021867546
-2.16035e-007,-0.0038808276
-2.15635e-007,-0.0030337911
-2.15235e-007,-0.0002103361
-2.14835e-007,0.0022366582
-2.14435e-007,0.0025190037
-2.14035e-007,0.0009190459
-2.13635e-007,-0.001010315
-2.13235e-007,-0.0016220636
-2.12835e-007,-0.00068091194
-2.12435e-007,0.00044847006
-2.12035e-007,0.00073081556
-2.11635e-007,-0.00039856644
-2.11235e-007,-0.0020926394
-2.10835e-007,-0.0039278852
-2.10435e-007,-0.004963152
-2.10035e-007,-0.0035984821
-2.09635e-007,-0.00039856644
-2.09235e-007,0.0030836947
-2.08835e-007,0.0043071919
-2.08435e-007,0.002942522
-2.08035e-007,0.00040141248
-2.07635e-007,-0.0012926605
-2.07235e-007,-0.001575006
-2.06835e-007,-0.0011514878
-2.06435e-007,-0.001010315
-2.06035e-007,-0.0012926605
-2.05635e-007,-0.0011044302
-2.05235e-007,-6.9163354e-005
-2.04835e-007,0.00096610348
-2.04435e-007,0.0014366793
-2.04035e-007,0.0003543549
-2.03635e-007,-0.00091619986
-2.03235e-007,-0.001010315
-2.02835e-007,-0.00011622094
-2.02435e-007,0.00011906698
-2.02035e-007,-0.00091619986
-2.01635e-007,-0.0026102729
-2.01235e-007,-0.0031749639
-2.00835e-007,-0.0020926394
-2.00435e-007,-0.00035150885
-2.00035e-007,0.00040141248
-1.99635e-007,-0.0004926816
-1.99235e-007,-0.0015279484
-1.98835e-007,-0.00053973919
-1.98435e-007,0.0015778521
-1.98035e-007,0.0033660402
-1.97635e-007,0.0031778099
-1.97235e-007,0.00087198831
-1.96835e-007,-0.0014808909
-1.96435e-007,-0.0022808698
-1.96035e-007,-0.0011514878
-1.95635e-007,0.00021318215
-1.95235e-007,0.0011543338
-1.94835e-007,0.0010131611
-1.94435e-007,0.00011906698
-1.94035e-007,-0.00025739369
-1.93635e-007,0.00073081556
-1.93235e-007,0.0014366793
-1.92835e-007,0.0013425641
-1.92435e-007,0.00016612456
-1.92035e-007,-0.001010315
-1.91635e-007,-0.00096325744
-1.91235e-007,0.00040141248
-1.90835e-007,0.0012955066
-1.90435e-007,0.0012955066
-1.90035e-007,0.00021318215
-1.89635e-007,-0.00039856644
-1.89235e-007,7.2009396e-005
-1.88835e-007,0.00073081556
-1.88435e-007,0.00096610348
-1.88035e-007,0.00026023973
-1.87635e-007,-0.00016327852
-1.87235e-007,0.00040141248
-1.86835e-007,0.0011543338
-1.86435e-007,0.00040141248
-1.86035e-007,-0.0016220636
-1.85635e-007,-0.0035043669
-1.85235e-007,-0.0034102518
-1.84835e-007,-0.0012456029
-1.84435e-007,0.00082493073
-1.84035e-007,0.0010602186
-1.83635e-007,-0.00016327852
-1.83235e-007,-0.0013397181
-1.82835e-007,-0.0012926605
-1.82435e-007,0.00016612456
-1.82035e-007,0.0011072762
-1.81635e-007,0.0010131611
-1.81235e-007,-0.00063385435
-1.80835e-007,-0.0022338122
-1.80435e-007,-0.0021867546
-1.80035e-007,-0.0011044302
-1.79635e-007,-6.9163354e-005
-1.79235e-007,0.0006367004
-1.78835e-007,0.00068375798
-1.78435e-007,-0.0002103361
-1.78035e-007,-0.00091619986
-1.77635e-007,-0.00077502711
-1.77235e-007,0.0003543549
-1.76835e-007,0.0016249096
-1.76435e-007,0.0021896007
-1.76035e-007,0.0017660824
-1.75635e-007,0.00077787315
-1.75235e-007,-0.0002103361
-1.74835e-007,-0.0013397181
-1.74435e-007,-0.0029396759
-1.74035e-007,-0.00383377
-1.73635e-007,-0.0034573094
-1.73235e-007,-0.0013867757
-1.72835e-007,0.0011072762
-1.72435e-007,0.0027072341
-1.72035e-007,0.0020013703
-1.71635e-007,-0.00058679677
-1.71235e-007,-0.0024220425
-1.70835e-007,-0.0025632153
-1.70435e-007,-0.0014338333
-1.70035e-007,-0.00016327852
-1.69635e-007,0.00011906698
-1.69235e-007,-0.00086914227
-1.68835e-007,-0.0015279484
-1.68435e-007,-0.00096325744
-1.68035e-007,-0.00058679677
-1.67635e-007,-0.00016327852
-1.67235e-007,-0.00035150885
-1.66835e-007,-0.00058679677
-1.66435e-007,-0.00068091194
-1.66035e-007,-0.0002103361
-1.65635e-007,0.00073081556
-1.65235e-007,0.00073081556
-1.64835e-007,0.00016612456
-1.64435e-007,-0.00086914227
-1.64035e-007,-0.0012456029
-1.63635e-007,-0.0012456029
-1.63235e-007,-0.00096325744
-1.62835e-007,-0.00053973919
-1.62435e-007,-0.0004926816
-1.62035e-007,-0.0004926816
-1.61635e-007,-0.00011622094
-1.61235e-007,0.0006367004
-1.60835e-007,0.0017190248
-1.60435e-007,0.0017190248
-1.60035e-007,0.0010602186
-1.59635e-007,7.2009396e-005
-1.59235e-007,-0.00030445127
-1.58835e-007,0.00030729731
-1.58435e-007,0.0010602186
-1.58035e-007,0.001248449
-1.57635e-007,0.00011906698
-1.57235e-007,-0.00096325744
-1.56835e-007,-0.0011044302
-1.56435e-007,-0.00011622094
-1.56035e-007,0.001248449
-1.55635e-007,0.0013425641
-1.55235e-007,0.00073081556
-1.54835e-007,-0.00011622094
-1.54435e-007,-0.00025739369
-1.54035e-007,2.4951813e-005
-1.53635e-007,-0.00077502711
-1.53235e-007,-0.0025161577
-1.52835e-007,-0.00383377
-1.52435e-007,-0.0037867124
-1.52035e-007,-0.0022338122
-1.51635e-007,-0.00025739369
-1.51235e-007,0.00054258523
-1.50835e-007,2.4951813e-005
-1.50435e-007,-0.00096325744
-1.50035e-007,-0.0020926394
-1.49635e-007,-0.0024220425
-1.49235e-007,-0.0013867757
-1.48835e-007,0.00049552765
-1.48435e-007,0.0028484068
-1.48035e-007,0.0030366372
-1.47635e-007,0.0011543338
-1.47235e-007,-0.002139697
-1.46835e-007,-0.0047278641
-1.46435e-007,-0.0044455186
-1.46035e-007,-0.0016220636
-1.45635e-007,0.0011543338
-1.45235e-007,0.0016249096
-1.44835e-007,0.00026023973
-1.44435e-007,-0.0016220636
-1.44035e-007,-0.0012926605
-1.43635e-007,0.0012013914
-1.43235e-007,0.0027542917
-1.42835e-007,0.0015778521
-1.42435e-007,-0.0011044302
-1.42035e-007,-0.002704388
-1.41635e-007,-0.0016220636
-1.41235e-007,0.0014366793
-1.40835e-007,0.0042130767
-1.40435e-007,0.0043071919
-1.40035e-007,0.0014366793
-1.39635e-007,-0.0017632364
-1.39235e-007,-0.0027514456
-1.38835e-007,-0.0017632364
-1.38435e-007,-0.0002103361
-1.38035e-007,0.0011072762
-1.37635e-007,0.0010602186
-1.37235e-007,0.0006367004
-1.36835e-007,0.00054258523
-1.36435e-007,0.00058964281
-1.36035e-007,0.0003543549
-1.35635e-007,-0.00086914227
-1.35235e-007,-0.002139697
-1.34835e-007,-0.002704388
-1.34435e-007,-0.0017161788
-1.34035e-007,0.00011906698
-1.33635e-007,0.0011072762
-1.33235e-007,0.0010602186
-1.32835e-007,0.00096610348
-1.32435e-007,0.0012013914
-1.32035e-007,0.0011072762
-1.31635e-007,0.00054258523
-1.31235e-007,-0.00039856644
-1.30835e-007,-0.00077502711
-1.30435e-007,0.00026023973
-1.30035e-007,0.00049552765
-1.29635e-007,-0.00053973919
-1.29235e-007,-0.0018102939
-1.28835e-007,-0.0022808698
-1.28435e-007,-0.00082208469
-1.28035e-007,0.0014837369
-1.27635e-007,0.0027542917
-1.27235e-007,0.0014837369
-1.26835e-007,-0.00068091194
-1.26435e-007,-0.0012926605
-1.26035e-007,-6.9163354e-005
-1.25635e-007,0.0013896217
-1.25235e-007,0.0015307945
-1.24835e-007,0.00077787315
-1.24435e-007,-0.00044562402
-1.24035e-007,-0.0002103361
-1.23635e-007,0.0014837369
-1.23235e-007,0.0020484279
-1.22835e-007,0.00068375798
-1.22435e-007,-0.0018102939
-1.22035e-007,-0.0030808487
-1.21635e-007,-0.0020455819
-1.21235e-007,0.0006367004
-1.20835e-007,0.0026601765
-1.20435e-007,0.0027072341
-1.20035e-007,0.00058964281
-1.19635e-007,-0.0019514667
-1.19235e-007,-0.0024691001
-1.18835e-007,-0.00096325744
-1.18435e-007,0.0013896217
-1.18035e-007,0.0025190037
-1.17635e-007,0.0011543338
-1.17235e-007,-0.0019985243
-1.16835e-007,-0.0044925762
-1.16435e-007,-0.004398461
-1.16035e-007,-0.0017161788
-1.15635e-007,0.0019072551
-1.15235e-007,0.0053424587
-1.14835e-007,0.0064247832
-1.14435e-007,0.0048248253
-1.14035e-007,0.0011072762
-1.13635e-007,-0.0024220425
-1.13235e-007,-0.0040220004
-1.12835e-007,-0.0033631942
-1.12435e-007,-0.00096325744
-1.12035e-007,0.0015307945
-1.11635e-007,0.0022837158
-1.11235e-007,0.0011072762
-1.10835e-007,-0.00011622094
-1.10435e-007,7.2009396e-005
-1.10035e-007,0.0010602186
-1.09635e-007,0.0016719672
-1.09235e-007,0.0013896217
-1.08835e-007,0.0012013914
-1.08435e-007,0.00049552765
-1.08035e-007,-0.00030445127
-1.07635e-007,-0.00077502711
-1.07235e-007,-0.0014338333
-1.06835e-007,-0.0013397181
-1.06435e-007,-0.00030445127
-1.06035e-007,0.0014837369
-1.05635e-007,0.0024719462
-1.05235e-007,0.0017660824
-1.04835e-007,0.00011906698
-1.04435e-007,-0.0011514878
-1.04035e-007,-0.0011044302
-1.03635e-007,-0.0004926816
-1.03235e-007,-0.00053973919
-1.02835e-007,-0.0019044091
-1.02435e-007,-0.0033631942
-1.02035e-007,-0.002704388
-1.01635e-007,-0.00058679677
-1.01235e-007,0.0014837369
-1.00835e-007,0.0017190248
-1.00435e-007,0.00073081556
-1.00035e-007,-6.9163354e-005
-9.9635e-008,0.00026023973
-9.9235e-008,0.0010602186
-9.8835e-008,0.00058964281
-9.8435e-008,-0.0012926605
-9.8035e-008,-0.0030337911
-9.7635e-008,-0.0029867335
-9.7235e-008,-0.0011985454
-9.6835e-008,0.0012955066
-9.6435e-008,0.0030366372
-9.6035e-008,0.0025660613
-9.5635e-008,0.0009190459
-9.5235e-008,-0.0013867757
-9.4835e-008,-0.0029396759
-9.4435e-008,-0.0030337911
-9.4035e-008,-0.0018573515
-9.3635e-008,-0.00035150885
-9.3235e-008,0.0013896217
-9.2835e-008,0.0021425431
-9.2435e-008,0.0016249096
-9.2035e-008,0.00030729731
-9.1635e-008,-0.00086914227
-9.1235e-008,-0.0018102939
-9.0835e-008,-0.002139697
-9.0435e-008,-0.0017161788
-9.0035e-008,-0.0011985454
-8.9635e-008,-0.00030445127
-8.9235e-008,0.00030729731
-8.8835e-008,0.00054258523
-8.8435e-008,0.00077787315
-8.8035e-008,0.00016612456
-8.7635e-008,-0.00063385435
-8.7235e-008,-0.0012456029
-8.6835e-008,-0.00072796952
-8.6435e-008,0.00096610348
-8.6035e-008,0.0024719462
-8.5635e-008,0.0024248886
-8.5235e-008,0.0011543338
-8.4835e-008,-0.00030445127
-8.4435e-008,-0.0013867757
-8.4035e-008,-0.0014338333
-8.3635e-008,-0.0015279484
-8.3235e-008,-0.0019514667
-8.2835e-008,-0.0024691001
-8.2435e-008,-0.0027514456
-8.2035e-008,-0.0019985243
-8.1635e-008,-0.0002103361
-8.1235e-008,0.0013425641
-8.0835e-008,0.0019543127
-8.0435e-008,0.0016719672
-8.0035e-008,0.0003543549
-7.9635e-008,-0.00063385435
-7.9235e-008,-0.00068091194
-7.8835e-008,0.00016612456
-7.8435e-008,0.0012955066
-7.8035e-008,0.0013425641
-7.7635e-008,0.00026023973
-7.7235e-008,-0.001010315
-7.6835e-008,-0.0013867757
-7.6435e-008,-0.0010573726
-7.6035e-008,-0.00072796952
-7.5635e-008,-0.0014338333
-7.5235e-008,-0.0023279274
-7.4835e-008,-0.0023749849
-7.4435e-008,-0.00053973919
-7.4035e-008,0.00181314
-7.3635e-008,0.0033189827
-7.3235e-008,0.0021896007
-7.2835e-008,-0.00077502711
-7.2435e-008,-0.0033631942
-7.2035e-008,-0.0033161366
-7.1635e-008,-0.00091619986
-7.1235e-008,0.0018601976
-7.0835e-008,0.003507213
-7.0435e-008,0.0024248886
-7.0035e-008,-0.00039856644
-6.9635e-008,-0.0028926184
-6.9235e-008,-0.0042102307
-6.8835e-008,-0.0036455397
-6.8435e-008,-0.0017161788
-6.8035e-008,-6.9163354e-005
-6.7635e-008,0.00021318215
-6.7235e-008,0.00026023973
-6.6835e-008,0.00077787315
-6.6435e-008,0.0012955066
-6.6035e-008,0.0011543338
-6.5635e-008,2.4951813e-005
-6.5235e-008,-0.0017632364
-6.4835e-008,-0.0027514456
-6.4435e-008,-0.0017632364
-6.4035e-008,2.4951813e-005
-6.3635e-008,0.00087198831
-6.3235e-008,-6.9163354e-005
-6.2835e-008,-0.0014338333
-6.2435e-008,-0.0016691212
-6.2035e-008,-0.00011622094
-6.1635e-008,0.0014837369
-6.1235e-008,0.0017190248
-6.0835e-008,-0.00039856644
-6.0435e-008,-0.0034573094
-6.0035e-008,-0.0051043248
-5.9635e-008,-0.0043043459
-5.9235e-008,-0.0013397181
-5.8835e-008,0.0018601976
-5.8435e-008,0.0030836947
-5.8035e-008,0.0019543127
-5.7635e-008,0.00030729731
-5.7235e-008,-0.00068091194
-5.6835e-008,-0.0011044302
-5.6435e-008,-0.00068091194
-5.6035e-008,-0.00035150885
-5.5635e-008,-0.00082208469
-5.5235e-008,-0.0012926605
-5.4835e-008,-0.0013397181
-5.4435e-008,-0.0012926605
-5.4035e-008,-0.00072796952
-5.3635e-008,0.00016612456
-5.3235e-008,0.0010602186
-5.2835e-008,0.0016719672
-5.2435e-008,0.0015778521
-5.2035e-008,0.00030729731
-5.1635e-008,-0.0013867757
-5.1235e-008,-0.0024220425
-5.0835e-008,-0.0025161577
-5.0435e-008,-0.0021867546
-5.0035e-008,-0.0017161788
-4.9635e-008,-0.0011044302
-4.9235e-008,0.0003543549
-4.8835e-008,0.0025190037
-4.8435e-008,0.003507213
-4.8035e-008,0.0026131189
-4.7635e-008,0.00021318215
-4.7235e-008,-0.0020926394
-4.6835e-008,-0.0030337911
-4.6435e-008,-0.001575006
-4.6035e-008,0.0009190459
-4.5635e-008,0.0022366582
-4.5235e-008,0.0021896007
-4.4835e-008,0.00040141248
-4.4435e-008,-0.0017632364
-4.4035e-008,-0.0029867335
-4.3635e-008,-0.0026102729
-4.3235e-008,-0.0010573726
-4.2835e-008,0.0006367004
-4.2435e-008,0.00054258523
-4.2035e-008,-0.001010315
-4.1635e-008,-0.0023279274
-4.1235e-008,-0.0023279274
-4.0835e-008,-0.0011985454
-4.0435e-008,2.4951813e-005
-4.0035e-008,0.00021318215
-3.9635e-008,-0.00039856644
-3.9235e-008,-0.0010573726
-3.8835e-008,-0.00082208469
-3.8435e-008,0.00030729731
-3.8035e-008,0.0010602186
-3.7635e-008,0.0011543338
-3.7235e-008,0.00082493073
-3.6835e-008,-6.9163354e-005
-3.6435e-008,-0.00086914227
-3.6035e-008,-0.0017632364
-3.5635e-008,-0.0017161788
-3.5235e-008,-0.00068091194
-3.4835e-008,0.00049552765
-3.4435e-008,0.0012955066
-3.4035e-008,0.00082493073
-3.3635e-008,-0.00039856644
-3.3235e-008,-0.00096325744
-3.2835e-008,-0.00044562402
-3.2435e-008,-0.00011622094
-3.2035e-008,-0.00035150885
-3.1635e-008,-0.0012456029
-3.1235e-008,-0.0022808698
-3.0835e-008,-0.0017161788
-3.0435e-008,-0.00011622094
-3.0035e-008,0.0014366793
-2.9635e-008,0.0016719672
-2.9235e-008,0.00087198831
-2.8835e-008,-0.00016327852
-2.8435e-008,-0.0002103361
-2.8035e-008,0.0006367004
-2.7635e-008,0.0010602186
-2.7235e-008,0.00044847006
-2.6835e-008,-0.00016327852
-2.6435e-008,-0.00016327852
-2.6035e-008,0.0011072762
-2.5635e-008,0.0023307734
-2.5235e-008,0.0022837158
-2.4835e-008,0.00040141248
-2.4435e-008,-0.0017632364
-2.4035e-008,-0.0031279063
-2.3635e-008,-0.0029867335
-2.3235e-008,-0.0016220636
-2.2835e-008,-0.00044562402
-2.2435e-008,0.00016612456
-2.2035e-008,0.00073081556
-2.1635e-008,0.00077787315
-2.1235e-008,0.00058964281
-2.0835e-008,-0.00011622094
-2.0435e-008,-0.0012456029
-2.0035e-008,-0.002139697
-1.9635e-008,-0.0016220636
-1.9235e-008,-2.210577e-005
-1.8835e-008,0.00181314
-1.8435e-008,0.0029895796
-1.8035e-008,0.0029895796
-1.7635e-008,0.0016249096
-1.7235e-008,-0.00068091194
-1.6835e-008,-0.0027514456
-1.6435e-008,-0.0037867124
-1.6035e-008,-0.0029396759
-1.5635e-008,-6.9163354e-005
-1.5235e-008,0.0022837158
-1.4835e-008,0.003507213
-1.4435e-008,0.0026131189
-1.4035e-008,0.00049552765
-1.3635e-008,-0.0013397181
-1.3235e-008,-0.0020455819
-1.2835e-008,-0.0023279274
-1.2435e-008,-0.0019044091
-1.2035e-008,-0.0011044302
-1.1635e-008,-2.210577e-005
-1.1235e-008,0.0010602186
-1.0835e-008,0.0016719672
-1.0435e-008,0.00049552765
-1.0035e-008,-0.0014808909
-9.635e-009,-0.0027985032
-9.235e-009,-0.0019985243
-8.835e-009,0.00054258523
-8.435e-009,0.0025190037
-8.035e-009,0.0021896007
-7.635e-009,-2.210577e-005
-7.235e-009,-0.0020926394
-6.835e-009,-0.0026573304
-6.435e-009,-0.00096325744
-6.035e-009,0.0013896217
-5.635e-009,0.0020013703
-5.235e-009,0.00077787315
-4.835e-009,-0.0015279484
-4.435e-009,-0.0029867335
-4.035e-009,-0.0030808487
-3.635e-009,-0.0026573304
-3.235e-009,-0.002139697
-2.835e-009,-0.00068091194
-2.435e-009,0.0011072762
-2.035e-009,0.002377831
-1.635e-009,0.0021896007
-1.235e-009,-0.0002103361
-8.35e-010,-0.0035514245
-4.35e-010,-0.0052454975
-3.5e-011,-0.0036925973
3.65e-010,0.00030729731
7.65e-010,0.0039777888
1.165e-009,0.0048718829
1.565e-009,0.0028954644
1.965e-009,2.4951813e-005
2.365e-009,-0.0014338333
2.765e-009,-0.0012456029
3.165e-009,-0.00016327852
3.565e-009,0.00068375798
3.965e-009,0.00030729731
4.365e-009,-0.00068091194
4.765e-009,-0.0016220636
5.165e-009,-0.0013867757
5.565e-009,0.0003543549
5.965e-009,0.0019072551
6.365e-009,0.0017190248
6.765e-009,-0.00016327852
7.165e-009,-0.0025632153
7.565e-009,-0.0037396549
7.965e-009,-0.0024220425
8.365e-009,2.4951813e-005
8.765e-009,0.0012013914
9.165e-009,0.00054258523
9.565e-009,-0.00086914227
9.965e-009,-0.0016691212
1.0365e-008,-0.0012926605
1.0765e-008,-0.00039856644
1.1165e-008,-2.210577e-005
1.1565e-008,0.00016612456
1.1965e-008,0.00021318215
1.2365e-008,0.00044847006
1.2765e-008,0.00049552765
1.3165e-008,0.00040141248
1.3565e-008,-0.00011622094
1.3965e-008,-0.0004926816
1.4365e-008,-0.00086914227
1.4765e-008,-0.00091619986
1.5165e-008,-0.0011985454
1.5565e-008,-0.0018102939
1.5965e-008,-0.0023279274
1.6365e-008,-0.0018573515
1.6765e-008,-0.0011514878
1.7165e-008,-0.00030445127
1.7565e-008,0.0006367004
1.7965e-008,0.00068375798
1.8365e-008,7.2009396e-005
1.8765e-008,-0.0004926816
1.9165e-008,-0.00096325744
1.9565e-008,-0.00091619986
1.9965e-008,-0.00063385435
2.0365e-008,-0.00035150885
2.0765e-008,-0.00016327852
2.1165e-008,-0.0004926816
2.1565e-008,-0.00058679677
2.1965e-008,-2.210577e-005
2.2365e-008,0.00021318215
2.2765e-008,0.00021318215
2.3165e-008,-0.00030445127
2.3565e-008,-0.00072796952
2.3965e-008,-0.0011985454
2.4365e-008,-0.0013397181
2.4765e-008,-0.00063385435
2.5165e-008,7.2009396e-005
2.5565e-008,7.2009396e-005
2.5965e-008,-0.00025739369
2.6365e-008,-0.00016327852
2.6765e-008,-0.0002103361
2.7165e-008,-0.00072796952
2.7565e-008,-0.0016220636
2.7965e-008,-0.002704388
2.8365e-008,-0.0027514456
2.8765e-008,-0.0018102939
2.9165e-008,0.00011906698
2.9565e-008,0.0020013703
2.9965e-008,0.0020954855
3.0365e-008,0.00058964281
3.0765e-008,-0.0012456029
3.1165e-008,-0.0020926394
3.1565e-008,-0.0017161788
3.1965e-008,-0.0011044302
3.2365e-008,-0.00096325744
3.2765e-008,-0.0017632364
3.3165e-008,-0.0018102939
3.3565e-008,-6.9163354e-005
3.3965e-008,0.0022366582
3.4365e-008,0.0029895796
3.4765e-008,0.00096610348
3.5165e-008,-0.002139697
3.5565e-008,-0.0034573094
3.5965e-008,-0.0016691212
3.6365e-008,0.0015778521
3.6765e-008,0.0033660402
3.7165e-008,0.0021896007
3.7565e-008,-0.00039856644
3.7965e-008,-0.0019514667
3.8365e-008,-0.0013397181
3.8765e-008,0.00087198831
3.9165e-008,0.0026131189
3.9565e-008,0.0021425431
3.9965e-008,-0.00016327852
4.0365e-008,-0.0019985243
4.0765e-008,-0.0020926394
4.1165e-008,-0.00044562402
4.1565e-008,0.0016249096
4.1965e-008,0.0021896007
4.2365e-008,0.00096610348
4.2765e-008,-0.00039856644
4.3165e-008,-0.00072796952
4.3565e-008,-0.00035150885
4.3965e-008,-0.00016327852
4.4365e-008,-0.0012456029
4.4765e-008,-0.0027985032
4.5165e-008,-0.0031749639
4.5565e-008,-0.0016691212
4.5965e-008,0.00054258523
4.6365e-008,0.0020013703
4.6765e-008,0.0016249096
4.7165e-008,-2.210577e-005
4.7565e-008,-0.00063385435
4.7965e-008,-0.00082208469
4.8365e-008,-0.00091619986
4.8765e-008,-0.0012926605
4.9165e-008,-0.0020455819
4.9565e-008,-0.0023279274
4.9965e-008,-0.0023279274
5.0365e-008,-0.0021867546
5.0765e-008,-0.0016691212
5.1165e-008,-0.0004926816
5.1565e-008,0.0009190459
5.1965e-008,0.0017190248
5.2365e-008,0.0017190248
5.2765e-008,0.00096610348
5.3165e-008,-0.00035150885
5.3565e-008,-0.0013867757
5.3965e-008,-0.0023279274
5.4365e-008,-0.0031279063
5.4765e-008,-0.0035514245
5.5165e-008,-0.003269079
5.5565e-008,-0.0015279484
5.5965e-008,0.0014837369
5.6365e-008,0.0045895374
5.6765e-008,0.0055777467
5.7165e-008,0.0034130978
5.7565e-008,-0.0015279484
5.7965e-008,-0.0058572461
5.8365e-008,-0.0070336857
5.8765e-008,-0.0052925551
5.9165e-008,-0.0018573515
5.9565e-008,0.0021425431
5.9965e-008,0.0044954222
6.0365e-008,0.0045424798
6.0765e-008,0.002377831
6.1165e-008,-0.0010573726
6.1565e-008,-0.0039278852
6.1965e-008,-0.0048690369
6.2365e-008,-0.0034102518
6.2765e-008,-0.0011985454
6.3165e-008,0.00016612456
6.3565e-008,0.00040141248
6.3965e-008,2.4951813e-005
6.4365e-008,-0.00053973919
6.4765e-008,-0.0004926816
6.5165e-008,-0.00063385435
6.5565e-008,-0.0016220636
6.5965e-008,-0.0031749639
6.6365e-008,-0.0037396549
6.6765e-008,-0.0032220214
6.7165e-008,-0.0019985243
6.7565e-008,-0.00086914227
6.7965e-008,7.2009396e-005
6.8365e-008,0.00077787315
6.8765e-008,0.0015307945
6.9165e-008,0.0018601976
6.9565e-008,0.0010602186
6.9965e-008,-0.001010315
7.0365e-008,-0.0028455608
7.0765e-008,-0.0034102518
7.1165e-008,-0.0027514456
7.1565e-008,-0.0011044302
7.1965e-008,-0.0002103361
7.2365e-008,-2.210577e-005
7.2765e-008,0.00011906698
7.3165e-008,0.0009190459
7.3565e-008,0.00181314
7.3965e-008,0.0014366793
7.4365e-008,-0.00025739369
7.4765e-008,-0.0020926394
7.5165e-008,-0.0023749849
7.5565e-008,-0.00091619986
7.5965e-008,0.00054258523
7.6365e-008,0.0006367004
7.6765e-008,-0.00086914227
7.7165e-008,-0.0024220425
7.7565e-008,-0.0028455608
7.7965e-008,-0.0019514667
7.8365e-008,-0.0012926605
7.8765e-008,-0.0018102939
7.9165e-008,-0.0022338122
7.9565e-008,-0.0017161788
7.9965e-008,0.00021318215
8.0365e-008,0.0021896007
8.0765e-008,0.0019543127
8.1165e-008,7.2009396e-005
8.1565e-008,-0.001575006
8.1965e-008,-0.0016691212
8.2365e-008,0.00016612456
8.2765e-008,0.0020954855
8.3165e-008,0.0022366582
8.3565e-008,0.0010131611
8.3965e-008,-0.00077502711
8.4365e-008,-0.0014808909
8.4765e-008,-0.00039856644
8.5165e-008,0.0009190459
8.5565e-008,0.0015778521
8.5965e-008,0.00026023973
8.6365e-008,-0.0026102729
8.6765e-008,-0.0047749217
8.7165e-008,-0.0049160944
8.7565e-008,-0.0016691212
8.7965e-008,0.0031307523
8.8365e-008,0.0065659559
8.8765e-008,0.0063777256
8.9165e-008,0.0026601765
8.9565e-008,-0.0011044302
8.9965e-008,-0.0025161577
9.0365e-008,-0.0011044302
9.0765e-008,0.0011072762
9.1165e-008,0.0018601976
9.1565e-008,0.0003543549
9.1965e-008,-0.0020926394
9.2365e-008,-0.0030337911
9.2765e-008,-0.0019985243
9.3165e-008,-0.00011622094
9.3565e-008,0.00087198831
9.3965e-008,0.0009190459
9.4365e-008,0.00011906698
9.4765e-008,-0.00011622094
9.5165e-008,-6.9163354e-005
9.5565e-008,-0.00039856644
9.5965e-008,-0.00053973919
9.6365e-008,-0.00063385435
9.6765e-008,-0.00068091194
9.7165e-008,-6.9163354e-005
9.7565e-008,0.0006367004
9.7965e-008,0.00044847006
9.8365e-008,-0.0013397181
9.8765e-008,-0.0025161577
9.9165e-008,-0.0022338122
9.9565e-008,-0.00063385435
9.9965e-008,0.0010131611
1.00365e-007,0.0012013914
1.00765e-007,-0.00044562402
1.01165e-007,-0.0020926394
1.01565e-007,-0.0025161577
1.01965e-007,-0.00086914227
1.02365e-007,0.001248449
1.02765e-007,0.0021425431
1.03165e-007,0.0020484279
1.03565e-007,0.00096610348
1.03965e-007,-0.00039856644
1.04365e-007,-0.001575006
1.04765e-007,-0.002704388
1.05165e-007,-0.0025632153
1.05565e-007,-0.0018102939
1.05965e-007,-0.00025739369
1.06365e-007,0.00030729731
1.06765e-007,-0.0004926816
1.07165e-007,-0.00091619986
1.07565e-007,-2.210577e-005
1.07965e-007,0.00082493073
1.08365e-007,0.0011543338
1.08765e-007,-0.00016327852
1.09165e-007,-0.0022338122
1.09565e-007,-0.0022808698
1.09965e-007,-0.00058679677
1.10365e-007,0.0013425641
1.10765e-007,0.0025190037
1.11165e-007,0.0023307734
1.11565e-007,0.0018601976
1.11965e-007,0.0019072551
1.12365e-007,0.0015307945
1.12765e-007,-0.00082208469
1.13165e-007,-0.003269079
1.13565e-007,-0.0041631731
1.13965e-007,-0.0019044091
1.14365e-007,0.0013425641
1.14765e-007,0.0032248675
1.15165e-007,0.00181314
1.15565e-007,-0.0013397181
1.15965e-007,-0.0031279063
1.16365e-007,-0.0029396759
1.16765e-007,-0.0014808909
1.17165e-007,-0.00011622094
1.17565e-007,0.00054258523
1.17965e-007,0.0010131611
1.18365e-007,0.0014366793
1.18765e-007,0.0021425431
1.19165e-007,0.0026601765
1.19565e-007,0.002942522
1.19965e-007,0.002377831
1.20365e-007,0.0009190459
1.20765e-007,-0.0014338333
1.21165e-007,-0.0033161366
1.21565e-007,-0.0028926184
1.21965e-007,-0.00058679677
1.22365e-007,0.0017660824
1.22765e-007,0.0022837158
1.23165e-007,0.00049552765
1.23565e-007,-0.0019985243
1.23965e-007,-0.0031749639
1.24365e-007,-0.0020455819
1.24765e-007,-6.9163354e-005
1.25165e-007,0.00040141248
1.25565e-007,-0.00030445127
1.25965e-007,-0.00063385435
1.26365e-007,0.00044847006
1.26765e-007,0.0017190248
1.27165e-007,0.0025190037
1.27565e-007,0.0020013703
1.27965e-007,0.0006367004
1.28365e-007,-6.9163354e-005
1.28765e-007,0.00016612456
1.29165e-007,0.0011543338
1.29565e-007,0.0018601976
1.29965e-007,0.0014837369
1.30365e-007,0.00016612456
1.30765e-007,-0.0012926605
1.31165e-007,-0.0021867546
1.31565e-007,-0.0018573515
1.31965e-007,-0.00063385435
1.32365e-007,0.00011906698
1.32765e-007,0.00054258523
1.33165e-007,0.00026023973
1.33565e-007,-0.00016327852
1.33965e-007,0.0003543549
1.34365e-007,0.0009190459
1.34765e-007,0.0016719672
1.35165e-007,0.0017660824
1.35565e-007,0.0013425641
1.35965e-007,0.0006367004
1.36365e-007,-0.00044562402
1.36765e-007,-0.0014808909
1.37165e-007,-0.0013397181
1.37565e-007,-0.00044562402
1.37965e-007,0.0003543549
1.38365e-007,-0.00035150885
1.38765e-007,-0.0014808909
1.39165e-007,-0.0020455819
1.39565e-007,-0.0017161788
1.39965e-007,-0.0004926816
1.40365e-007,0.00044847006
1.40765e-007,0.00082493073
1.41165e-007,0.00044847006
1.41565e-007,2.4951813e-005
1.41965e-007,-0.00082208469
1.42365e-007,-0.0022808698
1.42765e-007,-0.0035514245
1.43165e-007,-0.0035043669
1.43565e-007,-0.0016691212
1.43965e-007,0.00087198831
1.44365e-007,0.0024248886
1.44765e-007,0.0016249096
1.45165e-007,-0.00025739369
1.45565e-007,-0.00096325744
1.45965e-007,-2.210577e-005
1.46365e-007,0.00096610348
1.46765e-007,0.00058964281
1.47165e-007,-0.0004926816
1.47565e-007,-0.00096325744
1.47965e-007,-0.00077502711
1.48365e-007,-0.00030445127
1.48765e-007,-0.0004926816
1.49165e-007,-0.0015279484
1.49565e-007,-0.0022338122
1.49965e-007,-0.0023279274
1.50365e-007,-0.0012456029
1.50765e-007,-0.00016327852
1.51165e-007,0.00040141248
1.51565e-007,0.0006367004
1.51965e-007,0.0010131611
1.52365e-007,0.00082493073
1.52765e-007,0.00016612456
1.53165e-007,-0.00091619986
1.53565e-007,-0.0020926394
1.53965e-007,-0.0021867546
1.54365e-007,-0.00077502711
1.54765e-007,0.00087198831
1.55165e-007,0.0016249096
1.55565e-007,0.0011543338
1.55965e-007,-0.00035150885
1.56365e-007,-0.0012926605
1.56765e-007,-0.0016691212
1.57165e-007,-0.0014808909
1.57565e-007,-0.0019985243
1.57965e-007,-0.0023279274
1.58365e-007,-0.0016220636
1.58765e-007,7.2009396e-005
1.59165e-007,0.0017190248
1.59565e-007,0.0020954855
1.59965e-007,0.00040141248
1.60365e-007,-0.0022338122
1.60765e-007,-0.0039749428
1.61165e-007,-0.0034102518
1.61565e-007,-0.0018573515
1.61965e-007,-0.00039856644
1.62365e-007,-0.00039856644
1.62765e-007,-0.00053973919
1.63165e-007,7.2009396e-005
1.63565e-007,0.0012013914
1.63965e-007,0.0015778521
1.64365e-007,0.00073081556
1.64765e-007,-0.0010573726
1.65165e-007,-0.0020455819
1.65565e-007,-0.0019514667
1.65965e-007,-0.0012926605
1.66365e-007,-0.00058679677
1.66765e-007,-0.00044562402
1.67165e-007,-0.00025739369
1.67565e-007,0.00054258523
1.67965e-007,0.0015307945
1.68365e-007,0.0021896007
1.68765e-007,0.0021425431
1.69165e-007,0.0018601976
1.69565e-007,0.00087198831
1.69965e-007,-0.00091619986
1.70365e-007,-0.0023749849
1.70765e-007,-0.0027985032
1.71165e-007,-0.0014338333
1.71565e-007,0.0006367004
1.71965e-007,0.0020484279
1.72365e-007,0.0020954855
1.72765e-007,0.00058964281
1.73165e-007,-0.00091619986
1.73565e-007,-0.0012926605
1.73965e-007,-0.00082208469
1.74365e-007,-0.00044562402
1.74765e-007,-0.00091619986
1.75165e-007,-0.0018102939
1.75565e-007,-0.0023749849
1.75965e-007,-0.0024691001
1.76365e-007,-0.0018102939
1.76765e-007,-0.0014338333
1.77165e-007,-0.0011044302
1.77565e-007,-0.0004926816
1.77965e-007,0.00058964281
1.78365e-007,0.0016719672
1.78765e-007,0.0023307734
1.79165e-007,0.0019072551
1.79565e-007,0.00068375798
1.79965e-007,-0.00025739369
1.80365e-007,-0.00068091194
1.80765e-007,-0.0004926816
1.81165e-007,7.2009396e-005
1.81565e-007,0.00016612456
1.81965e-007,-6.9163354e-005
1.82365e-007,-0.00011622094
1.82765e-007,0.00026023973
1.83165e-007,0.0006367004
1.83565e-007,0.00026023973
1.83965e-007,-0.0011514878
1.84365e-007,-0.0023279274
1.84765e-007,-0.0022808698
1.85165e-007,-0.0014808909
1.85565e-007,-0.00035150885
1.85965e-007,0.00044847006
1.86365e-007,0.00011906698
1.86765e-007,2.4951813e-005
1.87165e-007,0.0003543549
1.87565e-007,0.00049552765
1.87965e-007,-0.00016327852
1.88365e-007,-0.0011044302
1.88765e-007,-0.0014808909
1.89165e-007,-0.00077502711
1.89565e-007,0.00030729731
1.89965e-007,0.0011543338
1.90365e-007,0.00073081556
1.90765e-007,-0.00053973919
1.91165e-007,-0.00086914227
1.91565e-007,2.4951813e-005
1.91965e-007,0.0013896217
1.92365e-007,0.0019072551
1.92765e-007,0.0006367004
1.93165e-007,-0.0018573515
1.93565e-007,-0.00383377
1.93965e-007,-0.00383377
1.94365e-007,-0.0022808698
1.94765e-007,-6.9163354e-005
1.95165e-007,0.00096610348
1.95565e-007,0.00082493073
1.95965e-007,0.00026023973
1.96365e-007,-0.00016327852
1.96765e-007,7.2009396e-005
1.97165e-007,2.4951813e-005
1.97565e-007,-0.00044562402
1.97965e-007,-0.0011514878
1.98365e-007,-0.0014808909
1.98765e-007,-0.0013867757
1.99165e-007,-0.0019985243
1.99565e-007,-0.0033161366
1.99965e-007,-0.0041161155
2.00365e-007,-0.0031279063
2.00765e-007,-0.00063385435
2.01165e-007,0.0020013703
2.01565e-007,0.0028484068
2.01965e-007,0.0014366793
2.02365e-007,-0.00011622094
2.02765e-007,-0.00011622094
2.03165e-007,0.0011543338
2.03565e-007,0.0025660613
2.03965e-007,0.002942522
2.04365e-007,0.0022837158
2.04765e-007,0.0009190459
2.05165e-007,-0.0004926816
2.05565e-007,-0.0020926394
2.05965e-007,-0.0026102729
2.06365e-007,-0.0018573515
2.06765e-007,-0.0002103361
2.07165e-007,0.0017660824
2.07565e-007,0.0022837158
2.07965e-007,0.00087198831
2.08365e-007,-0.0011985454
2.08765e-007,-0.0024691001
2.09165e-007,-0.0021867546
2.09565e-007,-0.00077502711
2.09965e-007,0.00073081556
2.10365e-007,0.00096610348
2.10765e-007,0.00026023973
2.11165e-007,-0.00091619986
2.11565e-007,-0.002139697
2.11965e-007,-0.0028926184
2.12365e-007,-0.0024220425
2.12765e-007,-0.0011985454
2.13165e-007,0.00021318215
2.13565e-007,0.0010602186
2.13965e-007,0.001248449
2.14365e-007,0.0012955066
2.14765e-007,0.00096610348
2.15165e-007,0.00049552765
2.15565e-007,-0.00016327852
2.15965e-007,-0.0014808909
2.16365e-007,-0.0024691001
2.16765e-007,-0.0025161577
2.17165e-007,-0.0017632364
2.17565e-007,-0.00016327852
2.17965e-007,0.00058964281
2.18365e-007,0.00058964281
2.18765e-007,0.0003543549
2.19165e-007,0.00030729731
2.19565e-007,0.00054258523
2.19965e-007,0.00016612456
2.20365e-007,-0.001010315
2.20765e-007,-0.0020455819
2.21165e-007,-0.0014808909
2.21565e-007,0.0006367004
2.21965e-007,0.0024719462
2.22365e-007,0.0027542917
2.22765e-007,0.00040141248
2.23165e-007,-0.0026102729
2.23565e-007,-0.0040220004
2.23965e-007,-0.0026102729
2.24365e-007,-0.00053973919
2.24765e-007,0.00054258523
2.25165e-007,-2.210577e-005
2.25565e-007,-0.0010573726
2.25965e-007,-0.0011514878
2.26365e-007,-0.00044562402
2.26765e-007,0.00030729731
2.27165e-007,0.00082493073
2.27565e-007,0.001248449
2.27965e-007,0.001248449
2.28365e-007,0.00082493073
2.28765e-007,0.00026023973
2.29165e-007,-0.00035150885
2.29565e-007,-0.00030445127
2.29965e-007,-6.9163354e-005
2.30365e-007,0.00021318215
2.30765e-007,7.2009396e-005
2.31165e-007,-0.0002103361
2.31565e-007,0.00030729731
2.31965e-007,0.0014366793
2.32365e-007,0.0019543127
2.32765e-007,0.00054258523
2.33165e-007,-0.0023279274
2.33565e-007,-0.0043043459
2.33965e-007,-0.0033631942
2.34365e-007,-2.210577e-005
2.34765e-007,0.0028484068
2.35165e-007,0.0030366372
2.35565e-007,0.00073081556
2.35965e-007,-0.0019985243
2.36365e-007,-0.0030337911
2.36765e-007,-0.002139697
2.37165e-007,-0.00058679677
2.37565e-007,0.0010602186
2.37965e-007,0.0018601976
2.38365e-007,0.0019072551
2.38765e-007,0.0014366793
2.39165e-007,0.0011543338
2.39565e-007,0.00073081556
2.39965e-007,-0.00025739369
2.40365e-007,-0.0011985454
2.40765e-007,-0.0024220425
2.41165e-007,-0.0030808487
2.41565e-007,-0.0025161577
2.41965e-007,-0.0010573726
2.42365e-007,0.00068375798
2.42765e-007,0.00181314
2.43165e-007,0.001248449
2.43565e-007,0.0003543549
2.43965e-007,7.2009396e-005
2.44365e-007,0.00030729731
2.44765e-007,0.00049552765
2.45165e-007,0.0006367004
2.45565e-007,0.00082493073
2.45965e-007,0.00054258523
2.46365e-007,2.4951813e-005
2.46765e-007,-0.00068091194
2.47165e-007,-0.0013867757
2.47565e-007,-0.0013397181
2.47965e-007,-0.00011622094
2.48365e-007,0.001248449
2.48765e-007,0.0010602186
2.49165e-007,-0.00030445127
2.49565e-007,-0.001575006
2.49965e-007,-0.0020455819
2.50365e-007,-0.0014808909
2.50765e-007,-0.00072796952
2.51165e-007,-0.00011622094
2.51565e-007,-0.00072796952
2.51965e-007,-0.0011044302
2.52365e-007,-0.001010315
2.52765e-007,-0.0011985454
2.53165e-007,-0.0011985454
2.53565e-007,-0.00053973919
2.53965e-007,0.00030729731
2.54365e-007,0.00082493073
2.54765e-007,0.0012013914
2.55165e-007,0.00082493073
2.55565e-007,0.00026023973
2.55965e-007,0.00016612456
2.56365e-007,0.00087198831
2.56765e-007,0.00096610348
2.57165e-007,0.00054258523
2.57565e-007,-0.00016327852
2.57965e-007,7.2009396e-005
2.58365e-007,0.00058964281
2.58765e-007,7.2009396e-005
2.59165e-007,-0.00096325744
2.59565e-007,-0.0019514667
2.59965e-007,-0.0024220425
2.60365e-007,-0.0020926394
2.60765e-007,-0.0014808909
2.61165e-007,-0.0012926605
2.61565e-007,-0.0013397181
2.61965e-007,-0.00068091194
2.62365e-007,0.00082493073
2.62765e-007,0.0016249096
2.63165e-007,0.0018601976
2.63565e-007,0.0015307945
2.63965e-007,0.00077787315
2.64365e-007,-0.00011622094
2.64765e-007,-0.00096325744
2.65165e-007,-0.0023749849
2.65565e-007,-0.0030337911
2.65965e-007,-0.0017632364
2.66365e-007,0.00073081556
2.66765e-007,0.0027542917
2.67165e-007,0.0028484068
2.67565e-007,0.0003543549
2.67965e-007,-0.0027985032
2.68365e-007,-0.0043043459
2.68765e-007,-0.0030337911
2.69165e-007,0.00044847006
2.69565e-007,0.0038366161
2.69965e-007,0.0044954222
2.70365e-007,0.0023307734
2.70765e-007,-0.0011985454
2.71165e-007,-0.0041161155
2.71565e-007,-0.0039278852
2.71965e-007,-0.0013867757
2.72365e-007,0.0016249096
2.72765e-007,0.0027072341
2.73165e-007,0.0017190248
2.73565e-007,0.00026023973
2.73965e-007,-0.00016327852
2.74365e-007,0.00016612456
2.74765e-007,0.00082493073
2.75165e-007,0.0010131611
2.75565e-007,-6.9163354e-005
2.75965e-007,-0.0013397181
2.76365e-007,-0.0018102939
2.76765e-007,-0.0011514878
2.77165e-007,0.00026023973
2.77565e-007,0.00087198831
2.77965e-007,0.00011906698
2.78365e-007,-0.0012926605
2.78765e-007,-0.0017161788
2.79165e-007,-0.00058679677
2.79565e-007,0.0016719672
2.79965e-007,0.0031778099
2.80365e-007,0.0028954644
2.80765e-007,0.0012013914
2.81165e-007,-0.00063385435
2.81565e-007,-0.0010573726
2.81965e-007,-0.00063385435
2.82365e-007,-0.00011622094
2.82765e-007,0.00026023973
2.83165e-007,-0.00016327852
2.83565e-007,-0.00063385435
2.83965e-007,-0.001010315
2.84365e-007,-0.0013867757
2.84765e-007,-0.0018102939
2.85165e-007,-0.0016220636
2.85565e-007,-0.00063385435
2.85965e-007,0.00058964281
2.86365e-007,0.0016249096
2.86765e-007,0.0018601976
2.87165e-007,0.0010602186
2.87565e-007,7.2009396e-005
2.87965e-007,-0.00096325744
2.88365e-007,-0.0019514667
2.88765e-007,-0.0020926394
2.89165e-007,-0.001010315
2.89565e-007,0.00021318215
2.89965e-007,0.00044847006
2.90365e-007,-0.0004926816
2.90765e-007,-0.0019044091
2.91165e-007,-0.0027514456
2.91565e-007,-0.0019514667
2.91965e-007,-0.00011622094
2.92365e-007,0.0020013703
2.92765e-007,0.003507213
2.93165e-007,0.0041660192
2.93565e-007,0.0033189827
2.93965e-007,0.0009190459
2.94365e-007,-0.001575006
2.94765e-007,-0.0027514456
2.95165e-007,-0.0024220425
2.95565e-007,-6.9163354e-005
2.95965e-007,0.00181314
2.96365e-007,0.0013896217
2.96765e-007,-0.00058679677
2.97165e-007,-0.0019985243
2.97565e-007,-0.0014338333
2.97965e-007,0.00073081556
2.98365e-007,0.0020013703
2.98765e-007,0.0013425641
2.99165e-007,-0.0002103361
2.99565e-007,-0.00072796952
2.99965e-007,0.00049552765
3.00365e-007,0.0019072551
3.00765e-007,0.0015307945
3.01165e-007,-0.00039856644
3.01565e-007,-0.0027514456
3.01965e-007,-0.0036925973
3.02365e-007,-0.0024220425
3.02765e-007,-6.9163354e-005
3.03165e-007,0.0018601976
3.03565e-007,0.0019072551
3.03965e-007,0.00077787315
3.04365e-007,-0.00068091194
3.04765e-007,-0.0012456029
3.05165e-007,-0.00030445127
3.05565e-007,0.00030729731
3.05965e-007,-0.00035150885
3.06365e-007,-0.0020455819
3.06765e-007,-0.0027514456
3.07165e-007,-0.00082208469
3.07565e-007,0.0024248886
3.07965e-007,0.0044013071
3.08365e-007,0.0032719251
3.08765e-007,0.00026023973
3.09165e-007,-0.0018573515
3.09565e-007,-0.0017161788
3.09965e-007,0.0003543549
3.10365e-007,0.0014837369
3.10765e-007,0.00044847006
3.11165e-007,-0.0019044091
3.11565e-007,-0.0031749639
3.11965e-007,-0.0025161577
3.12365e-007,-0.00053973919
3.12765e-007,0.00049552765
3.13165e-007,0.00044847006
3.13565e-007,0.00011906698
3.13965e-007,-0.00011622094
3.14365e-007,0.00016612456
3.14765e-007,-2.210577e-005
3.15165e-007,-0.001010315
3.15565e-007,-0.0016691212
3.15965e-007,-0.0014338333
3.16365e-007,-2.210577e-005
3.16765e-007,0.00181314
3.17165e-007,0.0029895796
3.17565e-007,0.0028484068
3.17965e-007,0.0013896217
3.18365e-007,-0.00086914227
3.18765e-007,-0.0028455608
3.19165e-007,-0.0029396759
3.19565e-007,-0.0014808909
3.19965e-007,0.00016612456
3.20365e-007,0.00016612456
3.20765e-007,-0.0015279484
3.21165e-007,-0.0030337911
3.21565e-007,-0.002704388
3.21965e-007,-0.0004926816
3.22365e-007,0.0013425641
3.22765e-007,0.0014837369
3.23165e-007,0.00021318215
3.23565e-007,-0.00091619986
3.23965e-007,-0.0011985454
3.24365e-007,-0.00063385435
3.24765e-007,-0.00044562402
3.25165e-007,-0.00096325744
3.25565e-007,-0.0012926605
3.25965e-007,-0.0012926605
3.26365e-007,-0.0004926816
3.26765e-007,0.0006367004
3.27165e-007,0.00044847006
3.27565e-007,-0.0011985454
3.27965e-007,-0.0029396759
3.28365e-007,-0.0036455397
3.28765e-007,-0.0025632153
3.29165e-007,-0.00039856644
3.29565e-007,0.0014366793
3.29965e-007,0.0014837369
3.30365e-007,0.00044847006
3.30765e-007,-0.00068091194
3.31165e-007,-0.00053973919
3.31565e-007,0.00087198831
3.31965e-007,0.0015778521
3.32365e-007,0.00021318215
3.32765e-007,-0.0025632153
3.33165e-007,-0.0048690369
3.33565e-007,-0.0046808065
3.33965e-007,-0.0018102939
3.34365e-007,0.0019543127
3.34765e-007,0.0047307102
3.35165e-007,0.0044954222
3.35565e-007,0.0017660824
3.35965e-007,-0.001575006
3.36365e-007,-0.0034102518
3.36765e-007,-0.0035514245
3.37165e-007,-0.0022808698
3.37565e-007,-0.00063385435
3.37965e-007,0.00077787315
3.38365e-007,0.0015307945
3.38765e-007,0.0019543127
3.39165e-007,0.0014366793
3.39565e-007,0.00068375798
3.39965e-007,-2.210577e-005
3.40365e-007,-0.00011622094
3.40765e-007,0.00040141248
3.41165e-007,0.00087198831
3.41565e-007,0.00058964281
3.41965e-007,-0.0004926816
3.42365e-007,-0.0016220636
3.42765e-007,-0.0016220636
3.43165e-007,-0.00086914227
3.43565e-007,2.4951813e-005
3.43965e-007,-0.00016327852
3.44365e-007,-0.0011044302
3.44765e-007,-0.0019514667
3.45165e-007,-0.001575006
3.45565e-007,-0.00030445127
3.45965e-007,0.00054258523
3.46365e-007,0.00077787315
3.46765e-007,0.0003543549
3.47165e-007,0.00068375798
3.47565e-007,0.0013896217
3.47965e-007,0.0015778521
3.48365e-007,0.0003543549
3.48765e-007,-0.0017632364
3.49165e-007,-0.0033631942
3.49565e-007,-0.0027985032
3.49965e-007,-0.00082208469
3.50365e-007,0.0011543338
3.50765e-007,0.0017190248
3.51165e-007,0.00068375798
3.51565e-007,-0.00053973919
3.51965e-007,-0.00058679677
3.52365e-007,0.00077787315
3.52765e-007,0.0016719672
3.53165e-007,0.0015778521
3.53565e-007,0.00026023973
3.53965e-007,-0.001575006
3.54365e-007,-0.0027985032
3.54765e-007,-0.0022808698
3.55165e-007,-0.0004926816
3.55565e-007,0.0021425431
3.55965e-007,0.0028954644
3.56365e-007,0.0020954855
3.56765e-007,0.00026023973
3.57165e-007,-0.00096325744
3.57565e-007,-0.00063385435
3.57965e-007,0.00049552765
3.58365e-007,0.00082493073
3.58765e-007,-0.00025739369
3.59165e-007,-0.0014808909
3.59565e-007,-0.0024691001
3.59965e-007,-0.002704388
3.60365e-007,-0.0016220636
3.60765e-007,-0.0004926816
3.61165e-007,0.00087198831
3.61565e-007,0.0017660824
3.61965e-007,0.0016719672
3.62365e-007,0.00030729731
3.62765e-007,-0.0011044302
3.63165e-007,-0.0018573515
3.63565e-007,-0.0013867757
3.63965e-007,-0.00025739369
3.64365e-007,0.00044847006
3.64765e-007,0.00040141248
3.65165e-007,0.00044847006
3.65565e-007,0.0011543338
3.65965e-007,0.0023307734
3.66365e-007,0.0024248886
3.66765e-007,0.00077787315
3.67165e-007,-0.0011514878
3.67565e-007,-0.0019514667
3.67965e-007,-0.0010573726
3.68365e-007,0.00054258523
3.68765e-007,0.0011072762
3.69165e-007,0.00026023973
3.69565e-007,-0.00058679677
3.69965e-007,-0.0004926816
3.70365e-007,0.0003543549
3.70765e-007,0.00096610348
3.71165e-007,0.00073081556
3.71565e-007,7.2009396e-005
3.71965e-007,-0.00053973919
3.72365e-007,-0.001010315
3.72765e-007,-0.0019044091
3.73165e-007,-0.0024691001
3.73565e-007,-0.002139697
3.73965e-007,-0.001010315
3.74365e-007,0.00040141248
3.74765e-007,0.00181314
3.75165e-007,0.0011072762
3.75565e-007,-0.0004926816
3.75965e-007,-0.00096325744
3.76365e-007,-6.9163354e-005
3.76765e-007,0.00096610348
3.77165e-007,0.0006367004
3.77565e-007,-0.0010573726
3.77965e-007,-0.0029396759
3.78365e-007,-0.0027985032
3.78765e-007,-0.0011044302
3.79165e-007,0.00030729731
3.79565e-007,7.2009396e-005
3.79965e-007,-0.0016220636
3.80365e-007,-0.0028926184
3.80765e-007,-0.0021867546
3.81165e-007,0.00049552765
3.81565e-007,0.0030836947
3.81965e-007,0.003507213
3.82365e-007,0.0016719672
3.82765e-007,-0.00068091194
3.83165e-007,-0.0021867546
3.83565e-007,-0.0020455819
3.83965e-007,-0.0011985454
3.84365e-007,-0.00025739369
3.84765e-007,0.00021318215
3.85165e-007,0.00054258523
3.85565e-007,0.00049552765
3.85965e-007,-6.9163354e-005
3.86365e-007,-0.0011985454
3.86765e-007,-0.0017161788
3.87165e-007,-0.001010315
3.87565e-007,0.00011906698
3.87965e-007,0.0009190459
3.88365e-007,0.0003543549
3.88765e-007,-0.00082208469
3.89165e-007,-0.0019044091
3.89565e-007,-0.0021867546
3.89965e-007,-0.001575006
3.90365e-007,-0.00053973919
3.90765e-007,2.4951813e-005
3.91165e-007,7.2009396e-005
3.91565e-007,0.00011906698
3.91965e-007,-0.00030445127
3.92365e-007,-0.00063385435
3.92765e-007,-0.0012456029
3.93165e-007,-0.0013397181
3.93565e-007,-0.0010573726
3.93965e-007,-0.00016327852
3.94365e-007,0.00058964281
3.94765e-007,0.0014837369
3.95165e-007,0.0023307734
3.95565e-007,0.002377831
3.95965e-007,0.0015778521
3.96365e-007,2.4951813e-005
3.96765e-007,-0.0016691212
3.97165e-007,-0.002139697
3.97565e-007,-0.00086914227
3.97965e-007,0.00096610348
3.98365e-007,0.0017660824
3.98765e-007,0.00068375798
3.99165e-007,-0.0013867757
3.99565e-007,-0.0030337911
3.99965e-007,-0.0032220214
4.00365e-007,-0.0018573515
4.00765e-007,0.00030729731
4.01165e-007,0.0017660824
4.01565e-007,0.0016719672
4.01965e-007,0.00096610348
4.02365e-007,-0.00063385435
4.02765e-007,-0.0022808698
4.03165e-007,-0.0029396759
4.03565e-007,-0.0030808487
4.03965e-007,-0.0025632153
4.04365e-007,-0.0011514878
4.04765e-007,0.00044847006
4.05165e-007,0.0011072762
4.05565e-007,0.0009190459
4.05965e-007,0.00054258523
4.06365e-007,-2.210577e-005
4.06765e-007,-0.00039856644
4.07165e-007,-0.00039856644
4.07565e-007,-0.0002103361
4.07965e-007,0.00068375798
4.08365e-007,0.0014366793
4.08765e-007,0.0014837369
4.09165e-007,0.0003543549
4.09565e-007,-0.0013397181
4.09965e-007,-0.0018102939
4.10365e-007,-0.00068091194
4.10765e-007,0.0011072762
4.11165e-007,0.0014837369
4.11565e-007,0.00040141248
4.11965e-007,-0.00063385435
4.12365e-007,0.00049552765
4.12765e-007,0.0027072341
4.13165e-007,0.0038836737
4.13565e-007,0.0020954855
4.13965e-007,-0.0026573304
4.14365e-007,-0.0067983978
4.14765e-007,-0.0071278009
4.15165e-007,-0.0033161366
4.15565e-007,0.0017190248
4.15965e-007,0.0044483647
4.16365e-007,0.0032719251
4.16765e-007,0.00021318215
4.17165e-007,-0.0018573515
4.17565e-007,-0.0019985243
4.17965e-007,-0.00053973919
4.18365e-007,0.0011072762
4.18765e-007,0.0013896217
4.19165e-007,0.00054258523
4.19565e-007,2.4951813e-005
4.19965e-007,0.00044847006
4.20365e-007,0.0013896217
4.20765e-007,0.0014837369
4.21165e-007,-0.00030445127
4.21565e-007,-0.0023279274
4.21965e-007,-0.0028926184
4.22365e-007,-0.0013867757
4.22765e-007,0.0015307945
4.23165e-007,0.0042130767
4.23565e-007,0.004636595
4.23965e-007,0.0026131189
4.24365e-007,-0.00044562402
4.24765e-007,-0.0032220214
4.25165e-007,-0.004398461
4.25565e-007,-0.0034102518
4.25965e-007,-0.0011514878
4.26365e-007,0.001248449
4.26765e-007,0.0028013492
4.27165e-007,0.0028013492
4.27565e-007,0.001248449
4.27965e-007,-0.0011044302
4.28365e-007,-0.0025632153
4.28765e-007,-0.0017632364
4.29165e-007,0.0003543549
4.29565e-007,0.0014366793
4.29965e-007,0.00044847006
4.30365e-007,-0.0014808909
4.30765e-007,-0.0024691001
4.31165e-007,-0.0011985454
4.31565e-007,0.0013425641
4.31965e-007,0.0028954644
4.32365e-007,0.0021425431
4.32765e-007,-6.9163354e-005
4.33165e-007,-0.0017161788
4.33565e-007,-0.0019985243
4.33965e-007,-0.0014338333
4.34365e-007,-0.0011044302
4.34765e-007,-0.00096325744
4.35165e-007,-0.00086914227
4.35565e-007,-0.00011622094
4.35965e-007,2.4951813e-005
4.36365e-007,-0.00082208469
4.36765e-007,-0.0019985243
4.37165e-007,-0.0019044091
4.37565e-007,-0.00039856644
4.37965e-007,0.00087198831
4.38365e-007,0.00073081556
4.38765e-007,-0.00082208469
4.39165e-007,-0.0020455819
4.39565e-007,-0.0011985454
4.39965e-007,0.0012955066
4.40365e-007,0.0028484068
4.40765e-007,0.0014837369
4.41165e-007,-0.0018573515
4.41565e-007,-0.0043043459
4.41965e-007,-0.0042102307
4.42365e-007,-0.0017161788
4.42765e-007,0.00068375798
4.43165e-007,0.0015307945
4.43565e-007,0.00068375798
4.43965e-007,-0.0002103361
4.44365e-007,-0.00044562402
4.44765e-007,-0.00025739369
4.45165e-007,-0.0002103361
4.45565e-007,-0.00096325744
4.45965e-007,-0.0011985454
4.46365e-007,-0.00039856644
4.46765e-007,0.00082493073
4.47165e-007,0.0015778521
4.47565e-007,0.0012955066
4.47965e-007,7.2009396e-005
4.48365e-007,-0.0011044302
4.48765e-007,-0.0011514878
4.49165e-007,-0.00016327852
4.49565e-007,0.0010131611
4.49965e-007,0.0010602186
4.50365e-007,-0.00016327852
4.50765e-007,-0.0014808909
4.51165e-007,-0.0024691001
4.51565e-007,-0.0020926394
4.51965e-007,-0.00077502711
4.52365e-007,0.00054258523
4.52765e-007,0.0014837369
4.53165e-007,0.00096610348
4.53565e-007,-0.00016327852
4.53965e-007,-0.0011514878
4.54365e-007,-0.00096325744
4.54765e-007,-0.00035150885
4.55165e-007,-6.9163354e-005
4.55565e-007,-0.00025739369
4.55965e-007,-0.00030445127
4.56365e-007,0.00011906698
4.56765e-007,0.00082493073
4.57165e-007,0.0010131611
4.57565e-007,0.00049552765
4.57965e-007,-0.0004926816
4.58365e-007,-0.0011514878
4.58765e-007,-0.00068091194
4.59165e-007,0.0003543549
4.59565e-007,0.00087198831
4.59965e-007,0.00030729731
4.60365e-007,-0.00044562402
4.60765e-007,-0.00011622094
4.61165e-007,0.00082493073
4.61565e-007,0.0012955066
4.61965e-007,0.00044847006
4.62365e-007,-0.001010315
4.62765e-007,-0.0021867546
4.63165e-007,-0.002139697
4.63565e-007,-0.00086914227
4.63965e-007,0.0010602186
4.64365e-007,0.002377831
4.64765e-007,0.0025190037
4.65165e-007,0.0017190248
4.65565e-007,0.00054258523
4.65965e-007,-0.00072796952
4.66365e-007,-0.0014338333
4.66765e-007,-0.00091619986
4.67165e-007,-0.0002103361
4.67565e-007,-0.00011622094
4.67965e-007,-0.0004926816
4.68365e-007,-0.00035150885
4.68765e-007,0.00011906698
4.69165e-007,0.00068375798
4.69565e-007,0.001248449
4.69965e-007,0.0012013914
4.70365e-007,0.00030729731
4.70765e-007,-0.00082208469
4.71165e-007,-0.0014338333
4.71565e-007,-0.0011514878
4.71965e-007,0.00030729731
4.72365e-007,0.0019072551
4.72765e-007,0.0017660824
4.73165e-007,0.00021318215
4.73565e-007,-0.0019985243
4.73965e-007,-0.0032220214
4.74365e-007,-0.0022808698
4.74765e-007,-0.00053973919
4.75165e-007,-0.00025739369
4.75565e-007,-0.0013867757
4.75965e-007,-0.0020455819
4.76365e-007,-0.0013867757
4.76765e-007,0.00044847006
4.77165e-007,0.00181314
4.77565e-007,0.0012955066
4.77965e-007,-0.00068091194
4.78365e-007,-0.002139697
4.78765e-007,-0.0020926394
4.79165e-007,-0.0010573726
4.79565e-007,-0.00030445127
4.79965e-007,-0.00016327852
4.80365e-007,0.00011906698
4.80765e-007,0.00040141248
4.81165e-007,0.00096610348
4.81565e-007,0.0012013914
4.81965e-007,0.0009190459
4.82365e-007,-0.00044562402
4.82765e-007,-0.0017161788
4.83165e-007,-0.0017632364
4.83565e-007,-0.0004926816
4.83965e-007,0.0017190248
4.84365e-007,0.0032719251
4.84765e-007,0.002942522
4.85165e-007,0.00068375798
4.85565e-007,-0.0013397181
4.85965e-007,-0.0018102939
4.86365e-007,-0.00072796952
4.86765e-007,-0.00016327852
4.87165e-007,-0.00044562402
4.87565e-007,-0.0012456029
4.87965e-007,-0.0014338333
4.88365e-007,-0.00063385435
4.88765e-007,0.00030729731
4.89165e-007,-0.00025739369
4.89565e-007,-0.0018573515
4.89965e-007,-0.0029396759
4.90365e-007,-0.0024220425
4.90765e-007,-0.00039856644
4.91165e-007,0.0020013703
4.91565e-007,0.0036013282
4.91965e-007,0.0028013492
4.92365e-007,0.0010602186
4.92765e-007,-0.00068091194
4.93165e-007,-0.0012456029
4.93565e-007,-0.00086914227
4.93965e-007,0.00030729731
4.94365e-007,0.00096610348
4.94765e-007,-0.00025739369
4.95165e-007,-0.0023279274
4.95565e-007,-0.0035984821
4.95965e-007,-0.0027514456
4.96365e-007,0.00026023973
4.96765e-007,0.0027542917
4.97165e-007,0.0028954644
4.97565e-007,0.00082493073
4.97965e-007,-0.0019985243
4.98365e-007,-0.0035043669
4.98765e-007,-0.0031749639
4.99165e-007,-0.0020455819
4.99565e-007,-0.0012926605
4.99965e-007,-0.00068091194
5.00365e-007,2.4951813e-005
5.00765e-007,0.0016719672
5.01165e-007,0.0030836947
5.01565e-007,0.0032719251
5.01965e-007,0.0015307945
5.02365e-007,-0.0011514878
5.02765e-007,-0.0034573094
5.03165e-007,-0.0041631731
5.03565e-007,-0.0029396759
5.03965e-007,-0.00063385435
5.04365e-007,0.0011543338
5.04765e-007,0.0010602186
5.05165e-007,-0.00035150885
5.05565e-007,-0.0011985454
5.05965e-007,-0.00058679677
5.06365e-007,0.00049552765
5.06765e-007,0.0017660824
5.07165e-007,0.0018601976
5.07565e-007,0.00040141248
5.07965e-007,-0.0018102939
5.08365e-007,-0.0039278852
5.08765e-007,-0.0048690369
5.09165e-007,-0.0039278852
5.09565e-007,-0.00096325744
5.09965e-007,0.0021896007
5.10365e-007,0.004636595
5.10765e-007,0.0046836526
5.11165e-007,0.0024248886
5.11565e-007,-0.00011622094
5.11965e-007,-0.0018102939
5.12365e-007,-0.0012456029
5.12765e-007,-0.00025739369
5.13165e-007,7.2009396e-005
5.13565e-007,-0.00053973919
5.13965e-007,-0.0013397181
5.14365e-007,-0.00082208469
5.14765e-007,0.00087198831
5.15165e-007,0.0022366582
5.15565e-007,0.0017660824
5.15965e-007,-0.00039856644
5.16365e-007,-0.0021867546
5.16765e-007,-0.0024691001
5.17165e-007,-0.0012456029
5.17565e-007,-0.0004926816
5.17965e-007,-0.00025739369
5.18365e-007,-6.9163354e-005
5.18765e-007,0.00054258523
5.19165e-007,0.00087198831
5.19565e-007,0.00040141248
5.19965e-007,-0.00096325744
5.20365e-007,-0.0019514667
5.20765e-007,-0.0019514667
5.21165e-007,-0.0010573726
5.21565e-007,-0.00044562402
5.21965e-007,-0.0004926816
5.22365e-007,-0.00053973919
5.22765e-007,2.4951813e-005
5.23165e-007,0.00073081556
5.23565e-007,0.00096610348
5.23965e-007,-0.00025739369
5.24365e-007,-0.0017161788
5.24765e-007,-0.0020455819
5.25165e-007,-0.0012926605
5.25565e-007,0.00073081556
5.25965e-007,0.00181314
5.26365e-007,0.001248449
5.26765e-007,0.00026023973
5.27165e-007,-0.00082208469
5.27565e-007,-0.00077502711
5.27965e-007,-0.00035150885
5.28365e-007,-0.00044562402
5.28765e-007,-0.0014338333
5.29165e-007,-0.0029867335
5.29565e-007,-0.0035043669
5.29965e-007,-0.0019514667
5.30365e-007,0.00082493073
5.30765e-007,0.0029895796
5.31165e-007,0.0032719251
5.31565e-007,0.0019072551
5.31965e-007,0.00030729731
5.32365e-007,-0.00058679677
5.32765e-007,-0.00096325744
5.33165e-007,-0.0013397181
5.33565e-007,-0.0023749849
5.33965e-007,-0.0029396759
5.34365e-007,-0.0026573304
5.34765e-007,-0.00068091194
5.35165e-007,0.0016249096
5.35565e-007,0.0026131189
5.35965e-007,0.0016719672
5.36365e-007,-0.00016327852
5.36765e-007,-0.0019044091
5.37165e-007,-0.0031279063
5.37565e-007,-0.0030337911
5.37965e-007,-0.0019985243
5.38365e-007,-2.210577e-005
5.38765e-007,0.0016249096
5.39165e-007,0.0015778521
5.39565e-007,0.0003543549
5.39965e-007,-0.0012456029
5.40365e-007,-0.0024220425
5.40765e-007,-0.0018102939
5.41165e-007,0.00011906698
5.41565e-007,0.001248449
5.41965e-007,0.001248449
5.42365e-007,0.00049552765
5.42765e-007,-0.00039856644
5.43165e-007,-0.00072796952
5.43565e-007,-0.00039856644
5.43965e-007,0.0006367004
5.44365e-007,0.0015307945
5.44765e-007,0.0011543338
5.45165e-007,-0.00025739369
5.45565e-007,-0.0019985243
5.45965e-007,-0.0028926184
5.46365e-007,-0.0019514667
5.46765e-007,-0.0002103361
5.47165e-007,0.0014837369
5.47565e-007,0.0014837369
5.47965e-007,0.00068375798
5.48365e-007,-0.00039856644
5.48765e-007,-0.00077502711
5.49165e-007,-6.9163354e-005
5.49565e-007,0.00096610348
5.49965e-007,0.0015307945
5.50365e-007,0.00082493073
5.50765e-007,-0.00096325744
5.51165e-007,-0.0029396759
5.51565e-007,-0.0044925762
5.51965e-007,-0.0044925762
5.52365e-007,-0.0026573304
5.52765e-007,-0.00011622094
5.53165e-007,0.0018601976
5.53565e-007,0.0020013703
5.53965e-007,0.0011543338
5.54365e-007,0.00044847006
5.54765e-007,-0.00011622094
5.55165e-007,-2.210577e-005
5.55565e-007,0.00030729731
5.55965e-007,-0.0002103361
5.56365e-007,-0.0014338333
5.56765e-007,-0.0022808698
5.57165e-007,-0.0018102939
5.57565e-007,-0.00030445127
5.57965e-007,0.001248449
5.58365e-007,0.0012013914
5.58765e-007,-0.00030445127
5.59165e-007,-0.0019985243
5.59565e-007,-0.0018102939
5.59965e-007,7.2009396e-005
5.60365e-007,0.0021896007
5.60765e-007,0.0028013492
5.61165e-007,0.0014837369
5.61565e-007,-0.0002103361
5.61965e-007,-0.001010315
5.62365e-007,-0.00063385435
5.62765e-007,-0.00044562402
5.63165e-007,-0.0010573726
5.63565e-007,-0.0013867757
5.63965e-007,-0.0011044302
5.64365e-007,-0.00044562402
5.64765e-007,-0.00063385435
5.65165e-007,-0.0022808698
5.65565e-007,-0.0036455397
5.65965e-007,-0.0027514456
5.66365e-007,0.00040141248
5.66765e-007,0.0032719251
5.67165e-007,0.0023307734
5.67565e-007,-0.0019514667
5.67965e-007,-0.0055749006
5.68365e-007,-0.004963152
5.68765e-007,-0.00068091194
5.69165e-007,0.0046836526
5.69565e-007,0.0066130135
5.69965e-007,0.0038836737
5.70365e-007,-0.00053973919
5.70765e-007,-0.0035514245
5.71165e-007,-0.0040220004
5.71565e-007,-0.0026102729
5.71965e-007,-0.0011985454
5.72365e-007,-0.00044562402
5.72765e-007,-0.00011622094
5.73165e-007,-6.9163354e-005
5.73565e-007,-0.00025739369
5.73965e-007,-0.00077502711
5.74365e-007,-0.00096325744
5.74765e-007,-0.00025739369
5.75165e-007,0.00082493073
5.75565e-007,0.0012955066
5.75965e-007,0.0009190459
5.76365e-007,-0.00011622094
5.76765e-007,-0.00072796952
5.77165e-007,-0.00053973919
5.77565e-007,-0.00068091194
5.77965e-007,-0.001575006
5.78365e-007,-0.0020455819
5.78765e-007,-0.0014338333
5.79165e-007,0.00040141248
5.79565e-007,0.0019543127
5.79965e-007,0.0014366793
5.80365e-007,-0.00077502711
5.80765e-007,-0.0025632153
5.81165e-007,-0.0019044091
5.81565e-007,0.00058964281
5.81965e-007,0.0025660613
5.82365e-007,0.0022837158
5.82765e-007,0.00011906698
5.83165e-007,-0.0016691212
5.83565e-007,-0.001575006
5.83965e-007,-0.00016327852
5.84365e-007,0.00096610348
5.84765e-007,7.2009396e-005
5.85165e-007,-0.0019044091
5.85565e-007,-0.0029867335
5.85965e-007,-0.0023749849
5.86365e-007,-0.0010573726
5.86765e-007,-2.210577e-005
5.87165e-007,0.00082493073
5.87565e-007,0.0012955066
5.87965e-007,0.0015307945
5.88365e-007,0.0015778521
5.88765e-007,0.0011072762
5.89165e-007,-6.9163354e-005
5.89565e-007,-0.001575006
5.89965e-007,-0.0023749849
5.90365e-007,-0.002139697
5.90765e-007,-0.0014808909
5.91165e-007,-0.00039856644
5.91565e-007,0.00011906698
5.91965e-007,0.00077787315
5.92365e-007,0.0017660824
5.92765e-007,0.0025190037
5.93165e-007,0.0030836947
5.93565e-007,0.0022837158
5.93965e-007,0.00087198831
5.94365e-007,-0.00016327852
5.94765e-007,-0.00044562402
5.95165e-007,-0.00035150885
5.95565e-007,-0.00086914227
5.95965e-007,-0.0020926394
5.96365e-007,-0.0026102729
5.96765e-007,-0.0013397181
5.97165e-007,0.00054258523
5.97565e-007,0.0018601976
5.97965e-007,0.00077787315
5.98365e-007,-0.0017632364
5.98765e-007,-0.0033631942
5.99165e-007,-0.0027985032
5.99565e-007,-0.00086914227
5.99965e-007,0.00054258523
6.00365e-007,0.00058964281
6.00765e-007,7.2009396e-005
6.01165e-007,0.00082493073
6.01565e-007,0.0019543127
6.01965e-007,0.0014366793
6.02365e-007,-0.0012456029
6.02765e-007,-0.0040220004
6.03165e-007,-0.0047278641
6.03565e-007,-0.0023749849
6.03965e-007,0.00082493073
6.04365e-007,0.0021425431
6.04765e-007,0.00058964281
6.05165e-007,-0.0018102939
6.05565e-007,-0.0027514456
6.05965e-007,-0.0019514667
6.06365e-007,-0.00039856644
6.06765e-007,0.00016612456
6.07165e-007,-0.00077502711
6.07565e-007,-0.0018102939
6.07965e-007,-0.0014338333
6.08365e-007,-0.00011622094
6.08765e-007,0.00058964281
6.09165e-007,0.0006367004
6.09565e-007,0.00068375798
6.09965e-007,0.001248449
6.10365e-007,0.0015778521
6.10765e-007,0.00044847006
6.11165e-007,-0.0018102939
6.11565e-007,-0.0030808487
6.11965e-007,-0.0011514878
6.12365e-007,0.002377831
6.12765e-007,0.0048718829
6.13165e-007,0.0042601343
6.13565e-007,0.00054258523
6.13965e-007,-0.0023749849
6.14365e-007,-0.0026573304
6.14765e-007,-0.00091619986
6.15165e-007,0.0009190459
6.15565e-007,0.0014366793
6.15965e-007,0.00030729731
6.16365e-007,-0.00091619986
6.16765e-007,-0.0012456029
6.17165e-007,-0.0016220636
6.17565e-007,-0.0021867546
6.17965e-007,-0.0029867335
6.18365e-007,-0.0027985032
6.18765e-007,-0.0016220636
6.19165e-007,-6.9163354e-005
6.19565e-007,0.00073081556
6.19965e-007,0.0003543549
6.20365e-007,-0.00053973919
6.20765e-007,-0.00039856644
6.21165e-007,0.0012013914
6.21565e-007,0.0024719462
6.21965e-007,0.0013425641
6.22365e-007,-0.0012456029
6.22765e-007,-0.0029396759
6.23165e-007,-0.0023749849
6.23565e-007,-0.00016327852
6.23965e-007,0.0017660824
6.24365e-007,0.0016249096
6.24765e-007,-0.00035150885
6.25165e-007,-0.0018102939
6.25565e-007,-0.0018573515
6.25965e-007,-0.0012456029
6.26365e-007,-0.0011044302
6.26765e-007,-0.0017161788
6.27165e-007,-0.0024220425
6.27565e-007,-0.0022808698
6.27965e-007,-0.00091619986
6.28365e-007,0.00049552765
6.28765e-007,0.0010602186
6.29165e-007,0.0012013914
6.29565e-007,0.00181314
6.29965e-007,0.0024719462
6.30365e-007,0.0022366582
6.30765e-007,0.0010131611
6.31165e-007,-0.00058679677
6.31565e-007,-0.00082208469
6.31965e-007,2.4951813e-005
6.32365e-007,0.0006367004
6.32765e-007,-0.00044562402
6.33165e-007,-0.0026102729
6.33565e-007,-0.0027985032
6.33965e-007,-0.00082208469
6.34365e-007,0.0020484279
6.34765e-007,0.0033660402
6.35165e-007,0.0026131189
6.35565e-007,0.00077787315
6.35965e-007,-0.0011044302
6.36365e-007,-0.0016220636
6.36765e-007,-0.0011514878
6.37165e-007,-0.00086914227
6.37565e-007,-0.0012926605
6.37965e-007,-0.0019514667
6.38365e-007,-0.0017161788
6.38765e-007,-0.0011514878
6.39165e-007,-0.00011622094
6.39565e-007,0.0009190459
6.39965e-007,0.0014837369
6.40365e-007,0.0013896217
6.40765e-007,2.4951813e-005
6.41165e-007,-0.0013867757
6.41565e-007,-0.0022338122
6.41965e-007,-0.0026102729
6.42365e-007,-0.0021867546
6.42765e-007,-0.0015279484
6.43165e-007,-0.00063385435
6.43565e-007,0.00044847006
6.43965e-007,0.001248449
6.44365e-007,0.0016719672
6.44765e-007,0.0013896217
6.45165e-007,0.00016612456
6.45565e-007,-0.0010573726
6.45965e-007,-0.0013397181
6.46365e-007,-0.00091619986
6.46765e-007,-0.0004926816
6.47165e-007,-0.00072796952
6.47565e-007,-0.0016691212
6.47965e-007,-0.0024691001
6.48365e-007,-0.0021867546
6.48765e-007,-0.00082208469
6.49165e-007,0.00044847006
6.49565e-007,0.00073081556
6.49965e-007,-0.00011622094
6.50365e-007,-0.00077502711
6.50765e-007,-0.00035150885
6.51165e-007,0.00054258523
6.51565e-007,0.0014837369
6.51965e-007,0.00068375798
6.52365e-007,-0.00086914227
6.52765e-007,-0.0016691212
6.53165e-007,-0.00091619986
6.53565e-007,0.00082493073
6.53965e-007,0.0014366793
6.54365e-007,-2.210577e-005
6.54765e-007,-0.0022808698
6.55165e-007,-0.0037396549
6.55565e-007,-0.0035514245
6.55965e-007,-0.0019985243
6.56365e-007,-0.00011622094
6.56765e-007,0.00087198831
6.57165e-007,0.0013896217
6.57565e-007,0.0013425641
6.57965e-007,0.00073081556
6.58365e-007,-0.00016327852
6.58765e-007,-0.0015279484
6.59165e-007,-0.0023279274
6.59565e-007,-0.0017632364
6.59965e-007,-0.00091619986
6.60365e-007,-0.00011622094
6.60765e-007,0.00040141248
6.61165e-007,0.00011906698
6.61565e-007,-0.00063385435
6.61965e-007,-0.0013867757
6.62365e-007,-0.0026573304
6.62765e-007,-0.0034573094
6.63165e-007,-0.0026573304
6.63565e-007,-0.00091619986
6.63965e-007,0.00087198831
6.64365e-007,0.0016249096
6.64765e-007,0.0011072762
6.65165e-007,0.0003543549
6.65565e-007,2.4951813e-005
6.65965e-007,0.00026023973
6.66365e-007,-0.00035150885
6.66765e-007,-0.0017632364
6.67165e-007,-0.0029867335
6.67565e-007,-0.0022808698
6.67965e-007,0.00077787315
6.68365e-007,0.0040248464
6.68765e-007,0.0046836526
6.69165e-007,0.0022366582
6.69565e-007,-0.0018102939
6.69965e-007,-0.0044925762
6.70365e-007,-0.0041631731
6.70765e-007,-0.0014808909
6.71165e-007,0.0010602186
6.71565e-007,0.0021896007
6.71965e-007,0.0019543127
6.72365e-007,0.0019543127
6.72765e-007,0.0012013914
6.73165e-007,-0.0004926816
6.73565e-007,-0.0027985032
6.73965e-007,-0.0048219793
6.74365e-007,-0.004398461
6.74765e-007,-0.0012926605
6.75165e-007,0.0021896007
6.75565e-007,0.0033660402
6.75965e-007,0.0013896217
6.76365e-007,-0.0018573515
6.76765e-007,-0.0037867124
6.77165e-007,-0.0030808487
6.77565e-007,-0.00058679677
6.77965e-007,0.0015307945
6.78365e-007,0.0020954855
6.78765e-007,0.001248449
6.79165e-007,7.2009396e-005
6.79565e-007,-0.0004926816
6.79965e-007,0.00011906698
6.80365e-007,0.0012013914
6.80765e-007,0.0024248886
6.81165e-007,0.002942522
6.81565e-007,0.0016249096
6.81965e-007,-0.00058679677
6.82365e-007,-0.0024691001
6.82765e-007,-0.0021867546
6.83165e-007,0.00016612456
6.83565e-007,0.0021896007
6.83965e-007,0.0021425431
6.84365e-007,-0.00030445127
6.84765e-007,-0.0022338122
6.85165e-007,-0.0020926394
6.85565e-007,-0.0004926816
6.85965e-007,0.00068375798
6.86365e-007,0.00049552765
6.86765e-007,-0.0013397181
6.87165e-007,-0.0026573304
6.87565e-007,-0.0022808698
6.87965e-007,-0.0011514878
6.88365e-007,-0.0004926816
6.88765e-007,-0.00016327852
6.89165e-007,0.00011906698
6.89565e-007,0.00082493073
6.89965e-007,0.0019072551
6.90365e-007,0.0020954855
6.90765e-007,0.0015307945
6.91165e-007,0.0003543549
6.91565e-007,-0.00025739369
6.91965e-007,-0.00039856644
6.92365e-007,-0.00039856644
6.92765e-007,-0.00025739369
6.93165e-007,-0.0004926816
6.93565e-007,-0.00058679677
6.93965e-007,-0.00096325744
6.94365e-007,-0.0019514667
6.94765e-007,-0.0027985032
6.95165e-007,-0.0031279063
6.95565e-007,-0.0016691212
6.95965e-007,0.0010602186
6.96365e-007,0.0030366372
6.96765e-007,0.0026601765
6.97165e-007,0.00044847006
6.97565e-007,-0.0020455819
6.97965e-007,-0.0027985032
6.98365e-007,-0.0013867757
6.98765e-007,0.0011543338
6.99165e-007,0.0020484279
6.99565e-007,0.00073081556
6.99965e-007,-0.0014338333
7.00365e-007,-0.0030337911
7.00765e-007,-0.0023749849
7.01165e-007,-0.00063385435
7.01565e-007,0.00044847006
7.01965e-007,-2.210577e-005
7.02365e-007,-0.00082208469
7.02765e-007,-0.00091619986
7.03165e-007,0.00011906698
7.03565e-007,0.0019072551
7.03965e-007,0.0022837158
7.04365e-007,0.00181314
7.04765e-007,0.00068375798
7.05165e-007,-0.00030445127
7.05565e-007,-0.00096325744
7.05965e-007,-0.0015279484
7.06365e-007,-0.0022338122
7.06765e-007,-0.0027514456
7.07165e-007,-0.0023749849
7.07565e-007,-0.00063385435
7.07965e-007,0.0017190248
7.08365e-007,0.0031307523
7.08765e-007,0.0029895796
7.09165e-007,0.0019072551
7.09565e-007,0.00040141248
7.09965e-007,-0.00030445127
7.10365e-007,0.00026023973
7.10765e-007,0.0011543338
7.11165e-007,0.00068375798
7.11565e-007,-0.00039856644
7.11965e-007,-0.0014338333
7.12365e-007,-0.00096325744
7.12765e-007,0.00073081556
7.13165e-007,0.0012013914
7.13565e-007,0.00030729731
7.13965e-007,-0.001010315
7.14365e-007,-0.0011985454
7.14765e-007,-0.0002103361
7.15165e-007,0.00077787315
7.15565e-007,0.00054258523
7.15965e-007,-0.00086914227
7.16365e-007,-0.0018573515
7.16765e-007,-0.0016220636
7.17165e-007,-0.00063385435
7.17565e-007,0.00021318215
7.17965e-007,0.00021318215
7.18365e-007,-0.00044562402
7.18765e-007,-0.00039856644
7.19165e-007,-0.0002103361
7.19565e-007,7.2009396e-005
7.19965e-007,0.00049552765
7.20365e-007,0.0017190248
7.20765e-007,0.0026601765
7.21165e-007,0.0030366372
7.21565e-007,0.0017660824
7.21965e-007,-0.00035150885
7.22365e-007,-0.0017161788
7.22765e-007,-0.0011044302
7.23165e-007,0.001248449
7.23565e-007,0.0033189827
7.23965e-007,0.0026601765
7.24365e-007,7.2009396e-005
7.24765e-007,-0.0026102729
7.25165e-007,-0.003269079
7.25565e-007,-0.0020455819
7.25965e-007,0.00016612456
7.26365e-007,0.00181314
7.26765e-007,0.0020484279
7.27165e-007,0.00073081556
7.27565e-007,-0.0013397181
7.27965e-007,-0.0027985032
7.28365e-007,-0.0031749639
7.28765e-007,-0.0019985243
7.29165e-007,0.00016612456
7.29565e-007,0.0017660824
7.29965e-007,0.0011072762
7.30365e-007,-0.001010315
7.30765e-007,-0.0025161577
7.31165e-007,-0.0020455819
7.31565e-007,-0.00016327852
7.31965e-007,0.00049552765
7.32365e-007,-0.00035150885
7.32765e-007,-0.0022808698
7.33165e-007,-0.0035043669
7.33565e-007,-0.0030337911
7.33965e-007,-0.0013867757
7.34365e-007,0.00077787315
7.34765e-007,0.0024719462
7.35165e-007,0.0034130978
7.35565e-007,0.0034130978
7.35965e-007,0.0022837158
7.36365e-007,-0.00025739369
7.36765e-007,-0.0035984821
7.37165e-007,-0.0046337489
7.37565e-007,-0.0021867546
7.37965e-007,0.0020013703
7.38365e-007,0.0047307102
7.38765e-007,0.004071904
7.39165e-007,0.00082493073
7.39565e-007,-0.0024220425
7.39965e-007,-0.0029867335
7.40365e-007,-0.0016220636
7.40765e-007,-0.00058679677
7.41165e-007,-0.00053973919
7.41565e-007,-0.00091619986
7.41965e-007,-0.00044562402
7.42365e-007,0.0006367004
7.42765e-007,0.0013425641
7.43165e-007,0.00016612456
7.43565e-007,-0.00096325744
7.43965e-007,-0.00077502711
7.44365e-007,0.00087198831
7.44765e-007,0.0017660824
7.45165e-007,0.00058964281
7.45565e-007,-0.0017161788
7.45965e-007,-0.0031279063
7.46365e-007,-0.0015279484
7.46765e-007,0.0014366793
7.47165e-007,0.0028013492
7.47565e-007,0.00082493073
7.47965e-007,-0.0024691001
7.48365e-007,-0.0038808276
7.48765e-007,-0.0026102729
7.49165e-007,-6.9163354e-005
7.49565e-007,0.0009190459
7.49965e-007,0.0003543549
7.50365e-007,-0.00068091194
7.50765e-007,-0.00039856644
7.51165e-007,0.001248449
7.51565e-007,0.0024248886
7.51965e-007,0.0020013703
7.52365e-007,0.00021318215
7.52765e-007,-0.0022338122
7.53165e-007,-0.0035043669
7.53565e-007,-0.0029867335
7.53965e-007,-0.0011044302
7.54365e-007,0.0012955066
7.54765e-007,0.0030836947
7.55165e-007,0.0022837158
7.55565e-007,0.00016612456
7.55965e-007,-0.0012926605
7.56365e-007,-0.0015279484
7.56765e-007,-0.00086914227
7.57165e-007,-0.00068091194
7.57565e-007,-0.00077502711
7.57965e-007,-0.00068091194
7.58365e-007,0.00021318215
7.58765e-007,0.0017190248
7.59165e-007,0.0020954855
7.59565e-007,0.00073081556
7.59965e-007,-0.0011044302
7.60365e-007,-0.0022808698
7.60765e-007,-0.0019514667
7.61165e-007,-0.00082208469
7.61565e-007,0.00011906698
7.61965e-007,0.00011906698
7.62365e-007,0.00026023973
7.62765e-007,0.0011072762
7.63165e-007,0.0021425431
7.63565e-007,0.0026131189
7.63965e-007,0.0017660824
7.64365e-007,0.00026023973
7.64765e-007,-0.0013397181
7.65165e-007,-0.0018573515
7.65565e-007,-0.0010573726
7.65965e-007,7.2009396e-005
7.66365e-007,0.00054258523
7.66765e-007,-6.9163354e-005
7.67165e-007,-0.0011514878
7.67565e-007,-0.0018573515
7.67965e-007,-0.0014338333
7.68365e-007,7.2009396e-005
7.68765e-007,0.0009190459
7.69165e-007,0.00096610348
7.69565e-007,7.2009396e-005
7.69965e-007,-0.00044562402
7.70365e-007,0.0003543549
7.70765e-007,0.0012955066
7.71165e-007,0.00054258523
7.71565e-007,-0.0015279484
7.71965e-007,-0.003269079
7.72365e-007,-0.0032220214
7.72765e-007,-0.00058679677
7.73165e-007,0.0019072551
7.73565e-007,0.0025660613
7.73965e-007,0.00096610348
7.74365e-007,-0.0013397181
7.74765e-007,-0.0025632153
7.75165e-007,-0.0025632153
7.75565e-007,-0.0020455819
7.75965e-007,-0.0011044302
7.76365e-007,0.00049552765
7.76765e-007,0.0020013703
7.77165e-007,0.0031778099
7.77565e-007,0.0030836947
7.77965e-007,0.0012955066
7.78365e-007,-0.0011985454
7.78765e-007,-0.0025161577
7.79165e-007,-0.0018573515
7.79565e-007,-0.00068091194
7.79965e-007,-2.210577e-005
7.80365e-007,0.00030729731
7.80765e-007,0.00016612456
7.81165e-007,-6.9163354e-005
7.81565e-007,-0.00072796952
7.81965e-007,-0.0013397181
7.82365e-007,-0.0019514667
7.82765e-007,-0.0019044091
7.83165e-007,-0.00072796952
7.83565e-007,0.0014837369
7.83965e-007,0.003507213
7.84365e-007,0.0047307102
7.84765e-007,0.0033189827
7.85165e-007,-0.0002103361
7.85565e-007,-0.00383377
7.85965e-007,-0.0052454975
7.86365e-007,-0.0037867124
7.86765e-007,-0.0014338333
7.87165e-007,0.00030729731
7.87565e-007,0.00068375798
7.87965e-007,-0.00025739369
7.88365e-007,-0.00072796952
7.88765e-007,-0.00068091194
7.89165e-007,0.00026023973
7.89565e-007,0.00077787315
7.89965e-007,0.00044847006
7.90365e-007,-0.00058679677
7.90765e-007,-0.0017632364
7.91165e-007,-0.0025632153
7.91565e-007,-0.002139697
7.91965e-007,-0.00063385435
7.92365e-007,0.0017190248
7.92765e-007,0.0033189827
7.93165e-007,0.0028013492
7.93565e-007,0.0006367004
7.93965e-007,-0.0011985454
7.94365e-007,-0.0016691212
7.94765e-007,-0.00082208469
7.95165e-007,0.00077787315
7.95565e-007,0.0015307945
7.95965e-007,0.0009190459
7.96365e-007,0.00030729731
7.96765e-007,0.0003543549
7.97165e-007,0.00077787315
7.97565e-007,0.00058964281
7.97965e-007,0.00058964281
7.98365e-007,0.0006367004
7.98765e-007,0.00068375798
7.99165e-007,0.00058964281
7.99565e-007,0.00021318215
7.99965e-007,-0.0012926605
8.00365e-007,-0.0026573304
8.00765e-007,-0.0029396759
8.01165e-007,-0.0016691212
8.01565e-007,-0.00030445127
8.01965e-007,-0.0002103361
8.02365e-007,-0.0013867757
8.02765e-007,-0.0027514456
8.03165e-007,-0.0026573304
8.03565e-007,-0.00039856644
8.03965e-007,0.002377831
8.04365e-007,0.0034130978
8.04765e-007,0.0020484279
8.05165e-007,-0.00086914227
8.05565e-007,-0.0033161366
8.05965e-007,-0.0035984821
8.06365e-007,-0.0018573515
8.06765e-007,-6.9163354e-005
8.07165e-007,0.0011072762
8.07565e-007,0.001248449
8.07965e-007,-6.9163354e-005
8.08365e-007,-0.0016220636
8.08765e-007,-0.0027514456
8.09165e-007,-0.0029867335
8.09565e-007,-0.0020926394
8.09965e-007,-6.9163354e-005
8.10365e-007,0.0014837369
8.10765e-007,0.0014837369
8.11165e-007,-2.210577e-005
8.11565e-007,-0.0020455819
8.11965e-007,-0.0032220214
8.12365e-007,-0.0022808698
8.12765e-007,0.00044847006
8.13165e-007,0.0024719462
8.13565e-007,0.0021896007
8.13965e-007,2.4951813e-005
8.14365e-007,-0.0021867546
8.14765e-007,-0.0029396759
8.15165e-007,-0.0019985243
8.15565e-007,-0.0004926816
8.15965e-007,0.00068375798
8.16365e-007,0.0012013914
8.16765e-007,0.00077787315
8.17165e-007,-2.210577e-005
8.17565e-007,-0.00058679677
8.17965e-007,-0.00096325744
8.18365e-007,-0.0012456029
8.18765e-007,-0.0013397181
8.19165e-007,-0.00086914227
8.19565e-007,-0.00030445127
8.19965e-007,-0.00035150885
8.20365e-007,-0.00058679677
8.20765e-007,-0.00086914227
8.21165e-007,-0.00068091194
8.21565e-007,0.00044847006
8.21965e-007,0.0017190248
8.22365e-007,0.0020484279
8.22765e-007,0.00077787315
8.23165e-007,-0.0016691212
8.23565e-007,-0.0035984821
8.23965e-007,-0.0034102518
8.24365e-007,-0.0017161788
8.24765e-007,2.4951813e-005
8.25165e-007,0.001248449
8.25565e-007,0.0014366793
8.25965e-007,0.0006367004
8.26365e-007,-0.0002103361
8.26765e-007,-0.00096325744
8.27165e-007,-0.0020455819
8.27565e-007,-0.0024691001
8.27965e-007,-0.0019514667
8.28365e-007,-0.00068091194
8.28765e-007,0.00040141248
8.29165e-007,0.0012955066
8.29565e-007,0.0012013914
8.29965e-007,0.00021318215
8.30365e-007,-0.00096325744
8.30765e-007,-0.0020926394
8.31165e-007,-0.002704388
8.31565e-007,-0.0019044091
8.31965e-007,-6.9163354e-005
8.32365e-007,0.0017190248
8.32765e-007,0.0021896007
8.33165e-007,0.00077787315
8.33565e-007,-0.0011514878
8.33965e-007,-0.0019985243
8.34365e-007,-0.0011985454
8.34765e-007,0.00068375798
8.35165e-007,0.0021425431
8.35565e-007,0.0021896007
8.35965e-007,0.0010131611
8.36365e-007,-0.00068091194
8.36765e-007,-0.0018102939
8.37165e-007,-0.0014338333
8.37565e-007,0.00058964281
8.37965e-007,0.0023307734
8.38365e-007,0.0032719251
8.38765e-007,0.0019072551
8.39165e-007,-0.0014808909
8.39565e-007,-0.0037396549
8.39965e-007,-0.0030337911
8.40365e-007,-0.00016327852
8.40765e-007,0.0028013492
8.41165e-007,0.0034130978
8.41565e-007,0.00096610348
8.41965e-007,-0.0017632364
8.42365e-007,-0.0025632153
8.42765e-007,-0.0014808909
8.43165e-007,0.0003543549
8.43565e-007,0.00026023973
8.43965e-007,-0.0010573726
8.44365e-007,-0.0025632153
8.44765e-007,-0.0021867546
8.45165e-007,0.00026023973
8.45565e-007,0.0026601765
8.45965e-007,0.0032248675
8.46365e-007,0.0016719672
8.46765e-007,-0.00072796952
8.47165e-007,-0.0023749849
8.47565e-007,-0.0025161577
8.47965e-007,-0.0017632364
8.48365e-007,-0.00086914227
8.48765e-007,-0.00086914227
8.49165e-007,-0.0011985454
8.49565e-007,-0.0014338333
8.49965e-007,-0.0015279484
8.50365e-007,-0.0013867757
8.50765e-007,-0.0004926816
8.51165e-007,0.0009190459
8.51565e-007,0.0020484279
8.51965e-007,0.0018601976
8.52365e-007,0.00054258523
8.52765e-007,-0.0004926816
8.53165e-007,-0.0002103361
8.53565e-007,0.0010131611
8.53965e-007,0.0014366793
8.54365e-007,0.00021318215
8.54765e-007,-0.0014808909
8.55165e-007,-0.0021867546
8.55565e-007,-0.0013397181
8.55965e-007,0.00058964281
8.56365e-007,0.0017660824
8.56765e-007,0.0009190459
8.57165e-007,-0.00091619986
8.57565e-007,-0.0017161788
8.57965e-007,-0.00091619986
8.58365e-007,0.00068375798
8.58765e-007,0.0016249096
8.59165e-007,0.0016719672
8.59565e-007,0.0010131611
8.59965e-007,-2.210577e-005
8.60365e-007,-0.0011044302
8.60765e-007,-0.0019985243
8.61165e-007,-0.0018573515
8.61565e-007,-0.00058679677
8.61965e-007,0.0011543338
8.62365e-007,0.0020954855
8.62765e-007,0.0013425641
8.63165e-007,-0.00011622094
8.63565e-007,-0.0015279484
8.63965e-007,-0.0018573515
8.64365e-007,-0.00053973919
8.64765e-007,0.0009190459
8.65165e-007,0.001248449
8.65565e-007,-6.9163354e-005
8.65965e-007,-0.0016691212
8.66365e-007,-0.0026102729
8.66765e-007,-0.0016220636
8.67165e-007,0.0006367004
8.67565e-007,0.0022366582
8.67965e-007,0.0022366582
8.68365e-007,0.00011906698
8.68765e-007,-0.0026573304
8.69165e-007,-0.0038808276
8.69565e-007,-0.0034102518
8.69965e-007,-0.0018573515
8.70365e-007,-6.9163354e-005
8.70765e-007,0.0010131611
8.71165e-007,0.0014366793
8.71565e-007,0.00073081556
8.71965e-007,-0.00030445127
8.72365e-007,-0.0010573726
8.72765e-007,-0.0011514878
8.73165e-007,-0.00096325744
8.73565e-007,-0.00025739369
8.73965e-007,0.00026023973
8.74365e-007,-0.00016327852
8.74765e-007,-0.00091619986
8.75165e-007,-0.0011985454
8.75565e-007,-0.00082208469
8.75965e-007,2.4951813e-005
8.76365e-007,0.0003543549
8.76765e-007,-2.210577e-005
8.77165e-007,-0.00058679677
8.77565e-007,-0.00058679677
8.77965e-007,-6.9163354e-005
8.78365e-007,0.00058964281
8.78765e-007,0.00082493073
8.79165e-007,0.00087198831
8.79565e-007,0.0009190459
8.79965e-007,0.00040141248
8.80365e-007,-0.00072796952
8.80765e-007,-0.0024220425
8.81165e-007,-0.0030808487
8.81565e-007,-0.0024220425
8.81965e-007,-0.001010315
8.82365e-007,0.00026023973
8.82765e-007,7.2009396e-005
8.83165e-007,-0.001010315
8.83565e-007,-0.0013397181
8.83965e-007,-0.00058679677
8.84365e-007,2.4951813e-005
8.84765e-007,-0.00011622094
8.85165e-007,-0.0016220636
8.85565e-007,-0.0028455608
8.85965e-007,-0.0025161577
8.86365e-007,-0.00072796952
8.86765e-007,0.00096610348
8.87165e-007,0.0015307945
8.87565e-007,0.0009190459
8.87965e-007,0.00030729731
8.88365e-007,-6.9163354e-005
8.88765e-007,-0.00096325744
8.89165e-007,-0.0022808698
8.89565e-007,-0.0028455608
8.89965e-007,-0.0025632153
8.90365e-007,-0.0015279484
8.90765e-007,-0.0004926816
8.91165e-007,0.00021318215
8.91565e-007,7.2009396e-005
8.91965e-007,-0.00068091194
8.92365e-007,-0.00086914227
8.92765e-007,-0.00058679677
8.93165e-007,0.00030729731
8.93565e-007,0.0013425641
8.93965e-007,0.0013896217
8.94365e-007,0.00073081556
8.94765e-007,-0.00030445127
8.95165e-007,-0.00058679677
8.95565e-007,0.00049552765
8.95965e-007,0.0015778521
8.96365e-007,0.0010131611
8.96765e-007,-0.0012456029
8.97165e-007,-0.0033161366
8.97565e-007,-0.0034102518
8.97965e-007,-0.0012926605
8.98365e-007,0.0011072762
8.98765e-007,0.0013896217
8.99165e-007,-0.00086914227
8.99565e-007,-0.0035043669
8.99965e-007,-0.0039278852
9.00365e-007,-0.0016691212
9.00765e-007,0.0017190248
9.01165e-007,0.0039307312
9.01565e-007,0.0039777888
9.01965e-007,0.0022366582
9.02365e-007,-0.00035150885
9.02765e-007,-0.002704388
9.03165e-007,-0.0034573094
9.03565e-007,-0.0025161577
9.03965e-007,2.4951813e-005
9.04365e-007,0.0021425431
9.04765e-007,0.0027072341
9.05165e-007,0.0017190248
9.05565e-007,-0.0002103361
9.05965e-007,-0.0014338333
9.06365e-007,-0.0016220636
9.06765e-007,-0.0010573726
9.07165e-007,-0.00082208469
9.07565e-007,-0.0011044302
9.07965e-007,-0.0013867757
9.08365e-007,-0.00072796952
9.08765e-007,2.4951813e-005
9.09165e-007,-2.210577e-005
9.09565e-007,-0.00086914227
9.09965e-007,-0.0018573515
9.10365e-007,-0.0020455819
9.10765e-007,-0.00082208469
9.11165e-007,0.00077787315
9.11565e-007,0.0014366793
9.11965e-007,0.0003543549
9.12365e-007,-0.0016691212
9.12765e-007,-0.003269079
9.13165e-007,-0.0028926184
9.13565e-007,-0.0010573726
9.13965e-007,0.00077787315
9.14365e-007,0.0011543338
9.14765e-007,0.00011906698
9.15165e-007,-0.001575006
9.15565e-007,-0.0020455819
9.15965e-007,-0.0011044302
9.16365e-007,0.0009190459
9.16765e-007,0.0020954855
9.17165e-007,0.0017190248
9.17565e-007,0.00040141248
9.17965e-007,-0.0011514878
9.18365e-007,-0.001575006
9.18765e-007,-0.0011514878
9.19165e-007,2.4951813e-005
9.19565e-007,0.0009190459
9.19965e-007,0.00068375798
9.20365e-007,-0.00053973919
9.20765e-007,-0.0013867757
9.21165e-007,-0.00096325744
9.21565e-007,0.00030729731
9.21965e-007,0.0011543338
9.22365e-007,0.00068375798
9.22765e-007,-0.00086914227
9.23165e-007,-0.0018573515
9.23565e-007,-0.0012926605
9.23965e-007,0.00054258523
9.24365e-007,0.0013896217
9.24765e-007,0.00040141248
9.25165e-007,-0.0019985243
9.25565e-007,-0.0035514245
9.25965e-007,-0.0027514456
9.26365e-007,-0.00039856644
9.26765e-007,0.0017660824
9.27165e-007,0.0017660824
9.27565e-007,-0.00030445127
9.27965e-007,-0.0022338122
9.28365e-007,-0.0025632153
9.28765e-007,-0.0019044091
9.29165e-007,-0.00044562402
9.29565e-007,0.00068375798
9.29965e-007,0.00068375798
9.30365e-007,0.0003543549
9.30765e-007,-0.00039856644
9.31165e-007,-0.00035150885
9.31565e-007,-0.00035150885
9.31965e-007,-0.00044562402
9.32365e-007,-0.00058679677
9.32765e-007,-0.001010315
9.33165e-007,-0.0016691212
9.33565e-007,-0.0020926394
9.33965e-007,-0.0019044091
9.34365e-007,-0.0013867757
9.34765e-007,-0.00063385435
9.35165e-007,-0.00016327852
9.35565e-007,2.4951813e-005
9.35965e-007,0.00040141248
9.36365e-007,0.0011072762
9.36765e-007,0.0015307945
9.37165e-007,0.0013425641
9.37565e-007,7.2009396e-005
9.37965e-007,-0.00096325744
9.38365e-007,-0.00096325744
9.38765e-007,-0.00011622094
9.39165e-007,0.00016612456
9.39565e-007,-0.0011985454
9.39965e-007,-0.0031749639
9.40365e-007,-0.0038808276
9.40765e-007,-0.0028926184
9.41165e-007,-0.00044562402
9.41565e-007,0.0013425641
9.41965e-007,0.0013425641
9.42365e-007,0.00058964281
9.42765e-007,0.00016612456
9.43165e-007,0.00054258523
9.43565e-007,0.00073081556
9.43965e-007,-0.00035150885
9.44365e-007,-0.0016220636
9.44765e-007,-0.0018573515
9.45165e-007,-0.0004926816
9.45565e-007,0.0016249096
9.45965e-007,0.0028954644
9.46365e-007,0.0022366582
9.46765e-007,0.00016612456
9.47165e-007,-0.00096325744
9.47565e-007,-0.00072796952
9.47965e-007,2.4951813e-005
9.48365e-007,0.00044847006
9.48765e-007,-0.0004926816
9.49165e-007,-0.0017161788
9.49565e-007,-0.002139697
9.49965e-007,-0.0014808909
9.50365e-007,-0.0002103361
9.50765e-007,0.0012013914
9.51165e-007,0.0020484279
9.51565e-007,0.0019072551
9.51965e-007,0.00087198831
9.52365e-007,-0.00035150885
9.52765e-007,-0.0016691212
9.53165e-007,-0.0018573515
9.53565e-007,-0.00053973919
9.53965e-007,0.00087198831
9.54365e-007,0.0014366793
9.54765e-007,0.001248449
9.55165e-007,0.0010131611
9.55565e-007,0.00073081556
9.55965e-007,2.4951813e-005
9.56365e-007,-0.00063385435
9.56765e-007,-0.0018573515
9.57165e-007,-0.0024691001
9.57565e-007,-0.0012926605
9.57965e-007,0.00068375798
9.58365e-007,0.0017660824
9.58765e-007,0.0015307945
9.59165e-007,0.00021318215
9.59565e-007,-0.00058679677
9.59965e-007,-0.00030445127
9.60365e-007,2.4951813e-005
9.60765e-007,0.00030729731
9.61165e-007,-6.9163354e-005
9.61565e-007,-0.00035150885
9.61965e-007,-0.00058679677
9.62365e-007,-0.00068091194
9.62765e-007,-0.00096325744
9.63165e-007,-0.0016220636
9.63565e-007,-0.001010315
9.63965e-007,0.00054258523
9.64365e-007,0.0013425641
9.64765e-007,0.00054258523
9.65165e-007,-0.001575006
9.65565e-007,-0.0031749639
9.65965e-007,-0.0035984821
9.66365e-007,-0.0016691212
9.66765e-007,0.00077787315
9.67165e-007,0.0015307945
9.67565e-007,0.00077787315
9.67965e-007,-0.00096325744
9.68365e-007,-0.0027514456
9.68765e-007,-0.0029396759
9.69165e-007,-0.0017632364
9.69565e-007,0.00011906698
9.69965e-007,0.0020484279
9.70365e-007,0.0027542917
9.70765e-007,0.0014837369
9.71165e-007,-0.00058679677
9.71565e-007,-0.0018573515
9.71965e-007,-0.0013867757
9.72365e-007,0.00044847006
9.72765e-007,0.0020013703
9.73165e-007,0.0020484279
9.73565e-007,0.00049552765
9.73965e-007,-0.00091619986
9.74365e-007,-0.0015279484
9.74765e-007,-0.0011514878
9.75165e-007,-0.00068091194
9.75565e-007,-0.00072796952
9.75965e-007,-0.00091619986
9.76365e-007,-0.00053973919
9.76765e-007,0.00077787315
9.77165e-007,0.0025190037
9.77565e-007,0.0028484068
9.77965e-007,0.0011072762
9.78365e-007,-0.0012456029
9.78765e-007,-0.0024220425
9.79165e-007,-0.0016691212
9.79565e-007,0.00026023973
9.79965e-007,0.0017660824
9.80365e-007,0.0022837158
9.80765e-007,0.0020484279
9.81165e-007,0.0020484279
9.81565e-007,0.0016249096
9.81965e-007,0.00021318215
9.82365e-007,-0.0012456029
9.82765e-007,-0.0016691212
9.83165e-007,-0.00072796952
9.83565e-007,0.0011543338
9.83965e-007,0.0020954855
9.84365e-007,0.0011072762
9.84765e-007,-0.00091619986
9.85165e-007,-0.002139697
9.85565e-007,-0.0017632364
9.85965e-007,-0.00091619986
9.86365e-007,0.00044847006
9.86765e-007,0.0014837369
9.87165e-007,0.0017190248
9.87565e-007,0.00073081556
9.87965e-007,-0.0011985454
9.88365e-007,-0.0028926184
9.88765e-007,-0.0035043669
9.89165e-007,-0.0027985032
9.89565e-007,-0.0011514878
9.89965e-007,2.4951813e-005
9.90365e-007,0.001248449
9.90765e-007,0.0019072551
9.91165e-007,0.0022837158
9.91565e-007,0.0017190248
9.91965e-007,-6.9163354e-005
9.92365e-007,-0.0018102939
9.92765e-007,-0.0026102729
9.93165e-007,-0.0019514667
9.93565e-007,-0.00035150885
9.93965e-007,0.0011072762
9.94365e-007,0.0012955066
9.94765e-007,0.00087198831
9.95165e-007,0.00011906698
9.95565e-007,-0.00053973919
9.95965e-007,-0.00082208469
9.96365e-007,-0.00096325744
9.96765e-007,-0.0013867757
9.97165e-007,-0.0018573515
9.97565e-007,-0.0022338122
9.97965e-007,-0.0028455608
9.98365e-007,-0.0027985032
9.98765e-007,-0.0013867757
9.99165e-007,0.0010131611
9.99565e-007,0.002942522
9.99965e-007,0.0033660402
1.000365e-006,0.0022837158
1.000765e-006,0.00030729731
1.001165e-006,-0.001010315
1.001565e-006,-0.00082208469
1.001965e-006,0.00044847006
1.002365e-006,0.0014837369
1.002765e-006,0.0013896217
1.003165e-006,-0.00035150885
1.003565e-006,-0.0023749849
1.003965e-006,-0.0038808276
1.004365e-006,-0.0036455397
1.004765e-006,-0.0019985243
1.005165e-006,0.00087198831
1.005565e-006,0.0033189827
1.005965e-006,0.0042601343
1.006365e-006,0.0036483857
1.006765e-006,0.0017660824
1.007165e-006,-0.00011622094
1.007565e-006,-0.0011514878
1.007965e-006,-0.00096325744
1.008365e-006,-0.0002103361
1.008765e-006,0.00068375798
1.009165e-006,0.00082493073
1.009565e-006,2.4951813e-005
1.009965e-006,-0.0016691212
1.010365e-006,-0.0022808698
1.010765e-006,-0.0012456029
1.011165e-006,0.00030729731
1.011565e-006,0.00082493073
1.011965e-006,0.00021318215
1.012365e-006,-0.0011514878
1.012765e-006,-0.0017632364
1.013165e-006,-0.00072796952
1.013565e-006,0.00068375798
1.013965e-006,0.00096610348
1.014365e-006,-0.00035150885
1.014765e-006,-0.002139697
1.015165e-006,-0.0020455819
1.015565e-006,-0.00035150885
1.015965e-006,0.0016719672
1.016365e-006,0.0021425431
1.016765e-006,0.00054258523
1.017165e-006,-0.001575006
1.017565e-006,-0.0022338122
1.017965e-006,-0.00091619986
1.018365e-006,0.00030729731
1.018765e-006,0.0010131611
1.019165e-006,0.00073081556
1.019565e-006,0.00016612456
1.019965e-006,-6.9163354e-005
1.020365e-006,-0.00016327852
1.020765e-006,-0.00063385435
1.021165e-006,-0.00072796952
1.021565e-006,-2.210577e-005
1.021965e-006,0.0003543549
1.022365e-006,0.00016612456
1.022765e-006,-0.00086914227
1.023165e-006,-0.0019044091
1.023565e-006,-0.0018573515
1.023965e-006,-0.00072796952
1.024365e-006,0.00026023973
1.024765e-006,-2.210577e-005
1.025165e-006,-0.00086914227
1.025565e-006,-0.0014808909
1.025965e-006,-0.00096325744
1.026365e-006,-0.0002103361
1.026765e-006,-0.00039856644
1.027165e-006,-0.0012926605
1.027565e-006,-0.0014338333
1.027965e-006,-0.00044562402
1.028365e-006,0.0011543338
1.028765e-006,0.0012013914
1.029165e-006,-0.00077502711
1.029565e-006,-0.0034102518
1.029965e-006,-0.0046337489
1.030365e-006,-0.0034573094
1.030765e-006,-0.00072796952
1.031165e-006,0.0020954855
1.031565e-006,0.0034601554
1.031965e-006,0.0031778099
1.032365e-006,0.0016719672
1.032765e-006,-0.00077502711
1.033165e-006,-0.0025632153
1.033565e-006,-0.0030808487
1.033965e-006,-0.0020926394
1.034365e-006,-0.00030445127
1.034765e-006,0.00021318215
1.035165e-006,-0.00035150885
1.035565e-006,-0.0011044302
1.035965e-006,-0.00039856644
1.036365e-006,0.00082493073
1.036765e-006,0.0009190459
1.037165e-006,-0.00058679677
1.037565e-006,-0.0021867546
1.037965e-006,-0.0025161577
1.038365e-006,-0.0012456029
1.038765e-006,0.00026023973
1.039165e-006,2.4951813e-005
1.039565e-006,-0.0011985454
1.039965e-006,-0.0017632364
1.040365e-006,-0.00077502711
1.040765e-006,0.00049552765
1.041165e-006,0.00077787315
1.041565e-006,-0.00039856644
1.041965e-006,-0.0015279484
1.042365e-006,-0.0019514667
1.042765e-006,-0.0016220636
1.043165e-006,-0.0013397181
1.043565e-006,-0.0018102939
1.043965e-006,-0.0026102729
1.044365e-006,-0.0019514667
1.044765e-006,0.00030729731
1.045165e-006,0.0021425431
1.045565e-006,0.0028013492
1.045965e-006,0.0016249096
1.046365e-006,-0.0004926816
1.046765e-006,-0.0020926394
1.047165e-006,-0.0029867335
1.047565e-006,-0.0029396759
1.047965e-006,-0.0022338122
1.048365e-006,-0.00039856644
1.048765e-006,0.0020484279
1.049165e-006,0.0031778099
1.049565e-006,0.0018601976
1.049965e-006,-0.00072796952
1.050365e-006,-0.0025161577
1.050765e-006,-0.0017632364
1.051165e-006,0.00068375798
1.051565e-006,0.0026601765
1.051965e-006,0.0020954855
1.052365e-006,-0.00072796952
1.052765e-006,-0.00383377
1.053165e-006,-0.0048219793
1.053565e-006,-0.0037867124
1.053965e-006,-0.0018102939
1.054365e-006,0.00054258523
1.054765e-006,0.0019543127
1.055165e-006,0.0024248886
1.055565e-006,0.0025660613
1.055965e-006,0.0016249096
1.056365e-006,0.00049552765
1.056765e-006,-0.00030445127
1.057165e-006,-2.210577e-005
1.057565e-006,0.00011906698
1.057965e-006,7.2009396e-005
1.058365e-006,-0.00030445127
1.058765e-006,-0.00030445127
1.059165e-006,0.0011543338
1.059565e-006,0.0030366372
1.059965e-006,0.0038836737
1.060365e-006,0.002377831
1.060765e-006,-0.0002103361
1.061165e-006,-0.0025161577
1.061565e-006,-0.0027514456
1.061965e-006,-0.0011514878
1.062365e-006,7.2009396e-005
1.062765e-006,-0.00011622094
1.063165e-006,-0.0017161788
1.063565e-006,-0.0029396759
1.063965e-006,-0.0027985032
1.064365e-006,-0.0015279484
1.064765e-006,0.00011906698
1.065165e-006,0.0012955066
1.065565e-006,0.0011072762
1.065965e-006,0.0003543549
1.066365e-006,-0.00053973919
1.066765e-006,-0.00082208469
1.067165e-006,-0.00030445127
1.067565e-006,0.00021318215
1.067965e-006,-6.9163354e-005
1.068365e-006,-0.00072796952
1.068765e-006,-0.0002103361
1.069165e-006,0.00087198831
1.069565e-006,0.0016249096
1.069965e-006,0.00073081556
1.070365e-006,-0.0015279484
1.070765e-006,-0.0031749639
1.071165e-006,-0.0033161366
1.071565e-006,-0.0019514667
1.071965e-006,-0.00053973919
1.072365e-006,-0.00016327852
1.072765e-006,-0.001010315
1.073165e-006,-0.0019044091
1.073565e-006,-0.00044562402
1.073965e-006,0.0020484279
1.074365e-006,0.003507213
1.074765e-006,0.0030366372
1.075165e-006,0.0010602186
1.075565e-006,-0.00068091194
1.075965e-006,-0.0013867757
1.076365e-006,-0.0013397181
1.076765e-006,-0.0011044302
1.077165e-006,-0.00063385435
1.077565e-006,0.00026023973
1.077965e-006,0.0013896217
1.078365e-006,0.0021896007
1.078765e-006,0.001248449
1.079165e-006,-0.0010573726
1.079565e-006,-0.0028455608
1.079965e-006,-0.0026573304
1.080365e-006,-0.00058679677
1.080765e-006,0.0017190248
1.081165e-006,0.0022837158
1.081565e-006,0.0013896217
1.081965e-006,-0.00011622094
1.082365e-006,-0.00068091194
1.082765e-006,-0.00011622094
1.083165e-006,0.00049552765
1.083565e-006,0.00054258523
1.083965e-006,-0.00025739369
1.084365e-006,-0.0013397181
1.084765e-006,-0.0016220636
1.085165e-006,-0.00091619986
1.085565e-006,7.2009396e-005
1.085965e-006,0.00073081556
1.086365e-006,0.00058964281
1.086765e-006,-6.9163354e-005
1.087165e-006,-0.00063385435
1.087565e-006,-0.0004926816
1.087965e-006,-0.00025739369
1.088365e-006,-0.00082208469
1.088765e-006,-0.0021867546
1.089165e-006,-0.0031279063
1.089565e-006,-0.0033161366
1.089965e-006,-0.0023749849
1.090365e-006,-0.0012456029
1.090765e-006,-0.00072796952
1.091165e-006,-0.00082208469
1.091565e-006,-0.0011514878
1.091965e-006,-0.00068091194
1.092365e-006,0.00026023973
1.092765e-006,0.0010131611
1.093165e-006,0.0012013914
1.093565e-006,0.00073081556
1.093965e-006,0.0006367004
1.094365e-006,0.0016249096
1.094765e-006,0.0020954855
1.095165e-006,0.0013425641
1.095565e-006,-0.00025739369
1.095965e-006,-0.0016220636
1.096365e-006,-0.0017632364
1.096765e-006,-0.0019044091
1.097165e-006,-0.0019044091
1.097565e-006,-0.0018573515
1.097965e-006,-0.0012926605
1.098365e-006,-0.00016327852
1.098765e-006,0.00077787315
1.099165e-006,0.00054258523
1.099565e-006,-0.0011985454
1.099965e-006,-0.0025161577
1.100365e-006,-0.0020926394
1.100765e-006,-0.0002103361
1.101165e-006,0.0013425641
1.101565e-006,0.001248449
1.101965e-006,-0.00025739369
1.102365e-006,-0.0011985454
1.102765e-006,-0.00091619986
1.103165e-006,0.00011906698
1.103565e-006,0.0015307945
1.103965e-006,0.0022837158
1.104365e-006,0.0018601976
1.104765e-006,0.00040141248
1.105165e-006,-0.0012456029
1.105565e-006,-0.002704388
1.105965e-006,-0.0035984821
1.106365e-006,-0.0039278852
1.106765e-006,-0.0031279063
1.107165e-006,-0.0022338122
1.107565e-006,-0.0013867757
1.107965e-006,-0.00096325744
1.108365e-006,-0.00044562402
1.108765e-006,0.00021318215
1.109165e-006,0.0012955066
1.109565e-006,0.0026131189
1.109965e-006,0.0028484068
1.110365e-006,0.0013425641
1.110765e-006,-0.00068091194
1.111165e-006,-0.0021867546
1.111565e-006,-0.0022808698
1.111965e-006,-0.001010315
1.112365e-006,0.00058964281
1.112765e-006,0.00058964281
1.113165e-006,-0.00011622094
1.113565e-006,0.00011906698
1.113965e-006,0.0014366793
1.114365e-006,0.0030366372
1.114765e-006,0.0032248675
1.115165e-006,0.00087198831
1.115565e-006,-0.0023279274
1.115965e-006,-0.0039749428
1.116365e-006,-0.0037867124
1.116765e-006,-0.0018102939
1.117165e-006,0.00026023973
1.117565e-006,0.0014366793
1.117965e-006,0.0023307734
1.118365e-006,0.0029895796
1.118765e-006,0.0022837158
1.119165e-006,-0.0004926816
1.119565e-006,-0.0041631731
1.119965e-006,-0.0051513824
1.120365e-006,-0.002704388
1.120765e-006,0.0011072762
1.121165e-006,0.0033660402
1.121565e-006,0.00181314
1.121965e-006,-0.0018573515
1.122365e-006,-0.0036455397
1.122765e-006,-0.0018102939
1.123165e-006,0.0013896217
1.123565e-006,0.0027072341
1.123965e-006,0.0011543338
1.124365e-006,-0.00082208469
1.124765e-006,-0.0019044091
1.125165e-006,-0.0013397181
1.125565e-006,-2.210577e-005
1.125965e-006,0.00030729731
1.126365e-006,-0.0002103361
1.126765e-006,0.00011906698
1.127165e-006,0.00044847006
1.127565e-006,0.00049552765
1.127965e-006,-0.00025739369
1.128365e-006,-0.0012926605
1.128765e-006,-0.0018102939
1.129165e-006,-0.0014338333
1.129565e-006,-0.0004926816
1.129965e-006,-0.00011622094
1.130365e-006,-0.0004926816
1.130765e-006,-0.00077502711
1.131165e-006,-0.00011622094
1.131565e-006,0.0014366793
1.131965e-006,0.0025660613
1.132365e-006,0.0023307734
1.132765e-006,0.0009190459
1.133165e-006,-0.00091619986
1.133565e-006,-0.0020926394
1.133965e-006,-0.0018573515
1.134365e-006,-0.00058679677
1.134765e-006,0.00096610348
1.135165e-006,0.0015778521
1.135565e-006,0.00073081556
1.135965e-006,-0.00068091194
1.136365e-006,-0.0011514878
1.136765e-006,-0.00030445127
1.137165e-006,0.0011072762
1.137565e-006,0.0017660824
1.137965e-006,0.0013896217
1.138365e-006,0.00021318215
1.138765e-006,-0.00063385435
1.139165e-006,-0.00082208469
1.139565e-006,-0.0004926816
1.139965e-006,7.2009396e-005
1.140365e-006,-0.00063385435
1.140765e-006,-0.0019985243
1.141165e-006,-0.0023279274
1.141565e-006,-0.0011514878
1.141965e-006,0.00058964281
1.142365e-006,0.0012013914
1.142765e-006,0.0009190459
1.143165e-006,-0.00063385435
1.143565e-006,-0.0019044091
1.143965e-006,-0.0019985243
1.144365e-006,-0.0012456029
1.144765e-006,-0.0004926816
1.145165e-006,-0.00030445127
1.145565e-006,-2.210577e-005
1.145965e-006,0.00040141248
1.146365e-006,7.2009396e-005
1.146765e-006,-0.00039856644
1.147165e-006,-0.0010573726
1.147565e-006,-0.0014338333
1.147965e-006,-0.0011514878
1.148365e-006,-0.00091619986
1.148765e-006,-0.0011514878
1.149165e-006,-0.0012926605
1.149565e-006,-0.0011044302
1.149965e-006,-0.0002103361
1.150365e-006,0.00077787315
1.150765e-006,0.0015778521
1.151165e-006,0.0011072762
1.151565e-006,-0.00044562402
1.151965e-006,-0.0019985243
1.152365e-006,-0.0025632153
1.152765e-006,-0.0019044091
1.153165e-006,-0.00025739369
1.153565e-006,0.0013896217
1.153965e-006,0.0016719672
1.154365e-006,0.00096610348
1.154765e-006,-0.00086914227
1.155165e-006,-0.0022808698
1.155565e-006,-0.0023749849
1.155965e-006,-0.0017632364
1.156365e-006,-0.0010573726
1.156765e-006,-0.00044562402
1.157165e-006,-0.00035150885
1.157565e-006,-0.00068091194
1.157965e-006,-0.0012456029
1.158365e-006,-0.0019514667
1.158765e-006,-0.0022338122
1.159165e-006,-0.0021867546
1.159565e-006,-0.0014338333
1.159965e-006,-0.00072796952
1.160365e-006,-0.00011622094
1.160765e-006,-0.00025739369
1.161165e-006,-0.00077502711
1.161565e-006,-0.0011985454
1.161965e-006,-0.0014338333
1.162365e-006,-0.0012926605
1.162765e-006,-0.001010315
1.163165e-006,-0.00025739369
1.163565e-006,-2.210577e-005
1.163965e-006,-0.00030445127
1.164365e-006,-0.00082208469
1.164765e-006,-0.0011514878
1.165165e-006,-0.0012926605
1.165565e-006,-0.0010573726
1.165965e-006,-0.00058679677
1.166365e-006,-0.00016327852
1.166765e-006,0.00049552765
1.167165e-006,0.0020954855
1.167565e-006,0.0033189827
1.167965e-006,0.002942522
1.168365e-006,0.0010131611
1.168765e-006,-0.0017161788
1.169165e-006,-0.0025161577
1.169565e-006,-0.00096325744
1.169965e-006,0.0014837369
1.170365e-006,0.0024248886
1.170765e-006,0.001248449
1.171165e-006,-0.00082208469
1.171565e-006,-0.0021867546
1.171965e-006,-0.0022338122
1.172365e-006,-0.0015279484
1.172765e-006,-0.00091619986
1.173165e-006,-0.00044562402
1.173565e-006,0.00040141248
1.173965e-006,0.00087198831
1.174365e-006,0.00044847006
1.174765e-006,-0.0010573726
1.175165e-006,-0.0023279274
1.175565e-006,-0.0021867546
1.175965e-006,-0.00030445127
1.176365e-006,0.0020013703
1.176765e-006,0.0025190037
1.177165e-006,0.00044847006
1.177565e-006,-0.0024220425
1.177965e-006,-0.0037396549
1.178365e-006,-0.0021867546
1.178765e-006,0.00082493073
1.179165e-006,0.0031307523
1.179565e-006,0.0030366372
1.179965e-006,0.0010131611
1.180365e-006,-0.0013397181
1.180765e-006,-0.0023279274
1.181165e-006,-0.0013397181
1.181565e-006,0.00049552765
1.181965e-006,0.0014837369
1.182365e-006,0.0013425641
1.182765e-006,0.0003543549
1.183165e-006,-0.00039856644
1.183565e-006,-0.00077502711
1.183965e-006,-0.0011514878
1.184365e-006,-0.001010315
1.184765e-006,-0.0002103361
1.185165e-006,0.0011072762
1.185565e-006,0.0022837158
1.185965e-006,0.0021896007
1.186365e-006,0.0011072762
1.186765e-006,-0.00035150885
1.187165e-006,-0.00091619986
1.187565e-006,-0.00044562402
1.187965e-006,0.0003543549
1.188365e-006,0.00058964281
1.188765e-006,-0.0002103361
1.189165e-006,-0.0017632364
1.189565e-006,-0.0024220425
1.189965e-006,-0.0013397181
1.190365e-006,0.00068375798
1.190765e-006,0.0018601976
1.191165e-006,0.001248449
1.191565e-006,-0.00068091194
1.191965e-006,-0.0023279274
1.192365e-006,-0.0022808698
1.192765e-006,-0.00039856644
1.193165e-006,0.0011543338
1.193565e-006,0.0011543338
1.193965e-006,-0.00025739369
1.194365e-006,-0.0012456029
1.194765e-006,-0.0004926816
1.195165e-006,0.0009190459
1.195565e-006,0.001248449
1.195965e-006,-6.9163354e-005
1.196365e-006,-0.0019044091
1.196765e-006,-0.0024220425
1.197165e-006,-0.0019044091
1.197565e-006,-0.00082208469
1.197965e-006,-0.00058679677
1.198365e-006,-0.0011985454
1.198765e-006,-0.0024220425
1.199165e-006,-0.0027514456
1.199565e-006,-0.0016691212
1.199965e-006,0.00082493073
1.200365e-006,0.0034601554
1.200765e-006,0.0043071919
1.201165e-006,0.0023307734
1.201565e-006,-0.0014338333
1.201965e-006,-0.0039278852
1.202365e-006,-0.0031749639
1.202765e-006,-0.0002103361
1.203165e-006,0.0024248886
1.203565e-006,0.0027072341
1.203965e-006,0.00087198831
1.204365e-006,-0.00072796952
1.204765e-006,-0.00096325744
1.205165e-006,-0.00011622094
1.205565e-006,0.00044847006
1.205965e-006,0.00049552765
1.206365e-006,0.0011072762
1.206765e-006,0.0020013703
1.207165e-006,0.0022837158
1.207565e-006,0.0010131611
1.207965e-006,-0.0010573726
1.208365e-006,-0.0024691001
1.208765e-006,-0.0023279274
1.209165e-006,-0.00091619986
1.209565e-006,-0.00025739369
1.209965e-006,-0.0014808909
1.210365e-006,-0.0024691001
1.210765e-006,-0.0023749849
1.211165e-006,-0.0011985454
1.211565e-006,2.4951813e-005
1.211965e-006,0.00049552765
1.212365e-006,0.00044847006
1.212765e-006,0.00087198831
1.213165e-006,0.0015307945
1.213565e-006,0.00077787315
1.213965e-006,-0.0002103361
1.214365e-006,-0.0010573726
1.214765e-006,-0.00072796952
1.215165e-006,0.00054258523
1.215565e-006,0.0012013914
1.215965e-006,0.00054258523
1.216365e-006,-0.00077502711
1.216765e-006,-0.0010573726
1.217165e-006,-0.00025739369
1.217565e-006,0.00049552765
1.217965e-006,0.00030729731
1.218365e-006,-0.0004926816
1.218765e-006,-0.0004926816
1.219165e-006,0.00011906698
1.219565e-006,0.00082493073
1.219965e-006,0.00096610348
1.220365e-006,0.00058964281
1.220765e-006,0.0009190459
1.221165e-006,0.001248449
1.221565e-006,0.00054258523
1.221965e-006,-0.00091619986
1.222365e-006,-0.002139697
1.222765e-006,-0.0022338122
1.223165e-006,-0.00082208469
1.223565e-006,0.0014837369
1.223965e-006,0.0026131189
1.224365e-006,0.0022837158
1.224765e-006,0.00040141248
1.225165e-006,-0.0019985243
1.225565e-006,-0.00383377
1.225965e-006,-0.0036925973
1.226365e-006,-0.0013397181
1.226765e-006,0.001248449
1.227165e-006,0.0024248886
1.227565e-006,0.0011072762
1.227965e-006,-0.00096325744
1.228365e-006,-0.0026102729
1.228765e-006,-0.0023279274
1.229165e-006,-0.00025739369
1.229565e-006,0.0013425641
1.229965e-006,0.0011543338
1.230365e-006,-0.00068091194
1.230765e-006,-0.0016691212
1.231165e-006,-0.00082208469
1.231565e-006,0.0014366793
1.231965e-006,0.0024719462
1.232365e-006,0.0017190248
1.232765e-006,-0.00035150885
1.233165e-006,-0.0024691001
1.233565e-006,-0.0022808698
1.233965e-006,0.00040141248
1.234365e-006,0.0028954644
1.234765e-006,0.0032248675
1.235165e-006,0.00082493073
1.235565e-006,-0.0019985243
1.235965e-006,-0.0031749639
1.236365e-006,-0.0020926394
1.236765e-006,0.0003543549
1.237165e-006,0.0018601976
1.237565e-006,0.0016719672
1.237965e-006,0.00073081556
1.238365e-006,0.00026023973
1.238765e-006,7.2009396e-005
1.239165e-006,-0.00068091194
1.239565e-006,-0.0017161788
1.239965e-006,-0.0025161577
1.240365e-006,-0.0017632364
1.240765e-006,0.00058964281
1.241165e-006,0.0028954644
1.241565e-006,0.0037425009
1.241965e-006,0.0026131189
1.242365e-006,-0.0002103361
1.242765e-006,-0.0028455608
1.243165e-006,-0.0043043459
1.243565e-006,-0.0039749428
1.243965e-006,-0.0023749849
1.244365e-006,0.00011906698
1.244765e-006,0.0020013703
1.245165e-006,0.0025190037
1.245565e-006,0.0016719672
1.245965e-006,0.00058964281
1.246365e-006,0.0006367004
1.246765e-006,0.0006367004
1.247165e-006,-0.00053973919
1.247565e-006,-0.0020926394
1.247965e-006,-0.0031279063
1.248365e-006,-0.0023749849
1.248765e-006,-0.00039856644
1.249165e-006,0.0013425641
1.249565e-006,0.0024719462
1.249965e-006,0.0026131189
1.250365e-006,0.0020484279
1.250765e-006,0.0015778521
1.251165e-006,0.00082493073
1.251565e-006,-0.00016327852
1.251965e-006,-0.00072796952
1.252365e-006,-0.00091619986
1.252765e-006,-0.00058679677
1.253165e-006,-0.00053973919
1.253565e-006,-0.0011514878
1.253965e-006,-0.0018102939
1.254365e-006,-0.0021867546
1.254765e-006,-0.0012926605
1.255165e-006,-0.00035150885
1.255565e-006,7.2009396e-005
1.255965e-006,-0.00025739369
1.256365e-006,-0.001010315
1.256765e-006,-0.0011514878
1.257165e-006,-0.00086914227
1.257565e-006,-0.00025739369
1.257965e-006,7.2009396e-005
1.258365e-006,-0.00011622094
1.258765e-006,-0.00072796952
1.259165e-006,-0.0011514878
1.259565e-006,-0.00072796952
1.259965e-006,0.00049552765
1.260365e-006,0.0017190248
1.260765e-006,0.0014837369
1.261165e-006,-0.00030445127
1.261565e-006,-0.0027514456
1.261965e-006,-0.0040690579
1.262365e-006,-0.0029867335
1.262765e-006,-0.00025739369
1.263165e-006,0.0021896007
1.263565e-006,0.0028484068
1.263965e-006,0.0014366793
1.264365e-006,-0.00030445127
1.264765e-006,-0.0014808909
1.265165e-006,-0.0012456029
1.265565e-006,-0.00058679677
1.265965e-006,-0.00039856644
1.266365e-006,-0.00077502711
1.266765e-006,-0.0014338333
1.267165e-006,-0.001575006
1.267565e-006,-0.00091619986
1.267965e-006,-6.9163354e-005
1.268365e-006,0.0006367004
1.268765e-006,0.00021318215
1.269165e-006,-0.0010573726
1.269565e-006,-0.0023279274
1.269965e-006,-0.0022808698
1.270365e-006,-0.001010315
1.270765e-006,0.00077787315
1.271165e-006,0.0014366793
1.271565e-006,0.00058964281
1.271965e-006,-0.00058679677
1.272365e-006,-0.0011044302
1.272765e-006,-0.00086914227
1.273165e-006,-0.00011622094
1.273565e-006,0.00073081556
1.273965e-006,7.2009396e-005
1.274365e-006,-0.0014338333
1.274765e-006,-0.0022808698
1.275165e-006,-0.0017632364
1.275565e-006,0.00016612456
1.275965e-006,0.0023307734
1.276365e-006,0.0028954644
1.276765e-006,0.0014366793
1.277165e-006,-0.00077502711
1.277565e-006,-0.0024220425
1.277965e-006,-0.0033631942
1.278365e-006,-0.0032220214
1.278765e-006,-0.0023279274
1.279165e-006,-0.001010315
1.279565e-006,0.00026023973
1.279965e-006,0.0010131611
1.280365e-006,0.0013425641
1.280765e-006,0.00082493073
1.281165e-006,0.00030729731
1.281565e-006,-6.9163354e-005
1.281965e-006,-0.00016327852
1.282365e-006,-0.00058679677
1.282765e-006,-0.0012456029
1.283165e-006,-0.0013867757
1.283565e-006,-0.00063385435
1.283965e-006,0.00021318215
1.284365e-006,0.00077787315
1.284765e-006,0.00054258523
1.285165e-006,-0.00063385435
1.285565e-006,-0.0016220636
1.285965e-006,-0.0016220636
1.286365e-006,-0.00096325744
1.286765e-006,0.00016612456
1.287165e-006,0.0009190459
1.287565e-006,0.00082493073
1.287965e-006,0.00068375798
1.288365e-006,0.00054258523
1.288765e-006,7.2009396e-005
1.289165e-006,-0.00063385435
1.289565e-006,-0.0016220636
1.289965e-006,-0.0018573515
1.290365e-006,-0.0014338333
1.290765e-006,-0.00058679677
1.291165e-006,0.00049552765
1.291565e-006,0.0010131611
1.291965e-006,0.00058964281
1.292365e-006,-0.00058679677
1.292765e-006,-0.001575006
1.293165e-006,-0.0017161788
1.293565e-006,-0.00072796952
1.293965e-006,0.00040141248
1.294365e-006,0.0013425641
1.294765e-006,0.0014366793
1.295165e-006,0.001248449
1.295565e-006,0.0010602186
1.295965e-006,0.00044847006
1.296365e-006,-0.00068091194
1.296765e-006,-0.0023279274
1.297165e-006,-0.0035984821
1.297565e-006,-0.0031279063
1.297965e-006,-0.0011044302
1.298365e-006,0.001248449
1.298765e-006,0.0021896007
1.299165e-006,0.00054258523
1.299565e-006,-0.0021867546
1.299965e-006,-0.0035984821
1.300365e-006,-0.0027514456
1.300765e-006,-0.00044562402
1.301165e-006,0.0014837369
1.301565e-006,0.0017190248
1.301965e-006,0.00044847006
1.302365e-006,-0.0010573726
1.302765e-006,-0.0014338333
1.303165e-006,-0.0012926605
1.303565e-006,-0.001575006
1.303965e-006,-0.0019514667
1.304365e-006,-0.0020455819
1.304765e-006,-0.0019044091
1.305165e-006,-0.0014338333
1.305565e-006,-0.00086914227
1.305965e-006,-0.00035150885
1.306365e-006,-6.9163354e-005
1.306765e-006,0.00021318215
1.307165e-006,0.00054258523
1.307565e-006,0.0006367004
1.307965e-006,0.00030729731
1.308365e-006,-6.9163354e-005
1.308765e-006,-0.00011622094
1.309165e-006,-0.0002103361
1.309565e-006,-0.00077502711
1.309965e-006,-0.0013397181
1.310365e-006,-0.0014808909
1.310765e-006,-0.001010315
1.311165e-006,-0.00039856644
1.311565e-006,-0.00011622094
1.311965e-006,-0.0012456029
1.312365e-006,-0.0030337911
1.312765e-006,-0.0034573094
1.313165e-006,-0.0018573515
1.313565e-006,0.0006367004
1.313965e-006,0.0015778521
1.314365e-006,0.00030729731
1.314765e-006,-0.0022808698
1.315165e-006,-0.0037396549
1.315565e-006,-0.0023749849
1.315965e-006,0.00011906698
1.316365e-006,0.0013896217
1.316765e-006,0.0011072762
1.317165e-006,-0.0004926816
1.317565e-006,-0.0016691212
1.317965e-006,-0.0020455819
1.318365e-006,-0.0019514667
1.318765e-006,-0.0018573515
1.319165e-006,-0.001575006
1.319565e-006,-0.00086914227
1.319965e-006,-2.210577e-005
1.320365e-006,0.00011906698
1.320765e-006,-6.9163354e-005
1.321165e-006,-0.00035150885
1.321565e-006,2.4951813e-005
1.321965e-006,0.00068375798
1.322365e-006,0.00011906698
1.322765e-006,-0.001010315
1.323165e-006,-0.0024220425
1.323565e-006,-0.0033631942
1.323965e-006,-0.0032220214
1.324365e-006,-0.0019985243
1.324765e-006,-0.00068091194
1.325165e-006,2.4951813e-005
1.325565e-006,0.00044847006
1.325965e-006,0.00082493073
1.326365e-006,0.00068375798
1.326765e-006,0.00082493073
1.327165e-006,0.00058964281
1.327565e-006,0.00016612456
1.327965e-006,-0.00025739369
1.328365e-006,-2.210577e-005
1.328765e-006,0.00049552765
1.329165e-006,0.00073081556
1.329565e-006,0.00077787315
1.329965e-006,0.00096610348
1.330365e-006,0.0016249096
1.330765e-006,0.0019543127
1.331165e-006,0.00044847006
1.331565e-006,-0.0026573304
1.331965e-006,-0.0047749217
1.332365e-006,-0.0037867124
1.332765e-006,-0.00039856644
1.333165e-006,0.003507213
1.333565e-006,0.0047777677
1.333965e-006,0.0030366372
1.334365e-006,0.00021318215
1.334765e-006,-0.00096325744
1.335165e-006,-0.00072796952
1.335565e-006,-0.00025739369
1.335965e-006,-0.00096325744
1.336365e-006,-0.0018102939
1.336765e-006,-0.0022338122
1.337165e-006,-0.0017161788
1.337565e-006,-0.00058679677
1.337965e-006,-2.210577e-005
1.338365e-006,0.00030729731
1.338765e-006,0.00077787315
1.339165e-006,0.001248449
1.339565e-006,0.00087198831
1.339965e-006,-0.00016327852
1.340365e-006,-0.0013397181
1.340765e-006,-0.0018102939
1.341165e-006,-0.00091619986
1.341565e-006,0.0003543549
1.341965e-006,0.0015307945
1.342365e-006,0.0018601976
1.342765e-006,0.00082493073
1.343165e-006,-0.00053973919
1.343565e-006,-0.0021867546
1.343965e-006,-0.0030337911
1.344365e-006,-0.0024691001
1.344765e-006,-0.00053973919
1.345165e-006,0.0021896007
1.345565e-006,0.0036013282
1.345965e-006,0.0026131189
1.346365e-006,0.00016612456
1.346765e-006,-0.0021867546
1.347165e-006,-0.0029396759
1.347565e-006,-0.0019044091
1.347965e-006,-0.00039856644
1.348365e-006,-0.00068091194
1.348765e-006,-0.0014808909
1.349165e-006,-0.001010315
1.349565e-006,0.00040141248
1.349965e-006,0.0014837369
1.350365e-006,0.0017660824
1.350765e-006,0.00087198831
1.351165e-006,2.4951813e-005
1.351565e-006,0.00040141248
1.351965e-006,0.0015778521
1.352365e-006,0.0022366582
1.352765e-006,0.0011072762
1.353165e-006,-0.0013397181
1.353565e-006,-0.0028926184
1.353965e-006,-0.002704388
1.354365e-006,-0.0011044302
1.354765e-006,0.00058964281
1.355165e-006,0.0013425641
1.355565e-006,0.0013425641
1.355965e-006,0.00073081556
1.356365e-006,-2.210577e-005
1.356765e-006,-0.0015279484
1.357165e-006,-0.0027985032
1.357565e-006,-0.0022338122
1.357965e-006,-6.9163354e-005
1.358365e-006,0.0022837158
1.358765e-006,0.0033189827
1.359165e-006,0.0019543127
1.359565e-006,-0.0004926816
1.359965e-006,-0.0024220425
1.360365e-006,-0.0025632153
1.360765e-006,-0.0011985454
1.361165e-006,0.0006367004
1.361565e-006,0.001248449
1.361965e-006,0.00021318215
1.362365e-006,-0.0020926394
1.362765e-006,-0.0037396549
1.363165e-006,-0.0034102518
1.363565e-006,-0.001010315
1.363965e-006,0.0015778521
1.364365e-006,0.002942522
1.364765e-006,0.00181314
1.365165e-006,-0.00091619986
1.365565e-006,-0.0030337911
1.365965e-006,-0.0032220214
1.366365e-006,-0.00086914227
1.366765e-006,0.0027542917
1.367165e-006,0.005201286
1.367565e-006,0.0043542495
1.367965e-006,0.00077787315
1.368365e-006,-0.002704388
1.368765e-006,-0.0037396549
1.369165e-006,-0.0016691212
1.369565e-006,0.0013896217
1.369965e-006,0.0026601765
1.370365e-006,0.0013425641
1.370765e-006,-0.00063385435
1.371165e-006,-0.0011985454
1.371565e-006,-0.00068091194
1.371965e-006,0.0003543549
1.372365e-006,0.00021318215
1.372765e-006,-0.00039856644
1.373165e-006,-0.0004926816
1.373565e-006,-0.00039856644
1.373965e-006,-0.00030445127
1.374365e-006,-0.00068091194
1.374765e-006,-0.0014338333
1.375165e-006,-0.0016220636
1.375565e-006,-0.00082208469
1.375965e-006,0.0003543549
1.376365e-006,0.00044847006
1.376765e-006,-6.9163354e-005
1.377165e-006,0.0003543549
1.377565e-006,0.0017660824
1.377965e-006,0.0023307734
1.378365e-006,0.0009190459
1.378765e-006,-0.0020926394
1.379165e-006,-0.0046337489
1.379565e-006,-0.0046337489
1.379965e-006,-0.0016691212
1.380365e-006,0.0015307945
1.380765e-006,0.0033189827
1.381165e-006,0.0030366372
1.381565e-006,0.00087198831
1.381965e-006,-0.0018573515
1.382365e-006,-0.0035984821
1.382765e-006,-0.0043514034
1.383165e-006,-0.0036925973
1.383565e-006,-0.0026573304
1.383965e-006,-0.0017161788
1.384365e-006,-0.00072796952
1.384765e-006,0.0003543549
1.385165e-006,0.0024248886
1.385565e-006,0.0041189616
1.385965e-006,0.004636595
1.386365e-006,0.0031307523
1.386765e-006,0.00044847006
1.387165e-006,-0.0013867757
1.387565e-006,-0.00086914227
1.387965e-006,0.00073081556
1.388365e-006,0.0021425431
1.388765e-006,0.0017660824
1.389165e-006,-6.9163354e-005
1.389565e-006,-0.0019985243
1.389965e-006,-0.0024220425
1.390365e-006,-0.0010573726
1.390765e-006,0.0003543549
1.391165e-006,0.00073081556
1.391565e-006,-0.00011622094
1.391965e-006,-0.0014338333
1.392365e-006,-0.0017161788
1.392765e-006,-0.00082208469
1.393165e-006,0.00068375798
1.393565e-006,0.0013425641
1.393965e-006,0.00068375798
1.394365e-006,-0.00096325744
1.394765e-006,-0.0017161788
1.395165e-006,-0.0011044302
1.395565e-006,0.00058964281
1.395965e-006,0.0016719672
1.396365e-006,0.0013425641
1.396765e-006,-6.9163354e-005
1.397165e-006,-0.0013867757
1.397565e-006,-0.0017161788
1.397965e-006,-0.00077502711
1.398365e-006,0.00044847006
1.398765e-006,0.0015778521
1.399165e-006,0.0011543338
1.399565e-006,-0.00030445127
1.399965e-006,-0.002139697
1.400365e-006,-0.0031279063
1.400765e-006,-0.0033161366
1.401165e-006,-0.0023749849
1.401565e-006,-0.0013397181
1.401965e-006,-0.00082208469
1.402365e-006,-0.00082208469
1.402765e-006,-0.0011044302
1.403165e-006,-0.00068091194
1.403565e-006,-0.00030445127
1.403965e-006,-0.0010573726
1.404365e-006,-0.001575006
1.404765e-006,-0.001575006
1.405165e-006,-0.00082208469
1.405565e-006,0.00058964281
1.405965e-006,0.0010602186
1.406365e-006,0.00040141248
1.406765e-006,-0.0004926816
1.407165e-006,-0.00091619986
1.407565e-006,-0.00091619986
1.407965e-006,-0.0014808909
1.408365e-006,-0.0017161788
1.408765e-006,-0.0012456029
1.409165e-006,0.00040141248
1.409565e-006,0.0026601765
1.409965e-006,0.0032248675
1.410365e-006,0.0011543338
1.410765e-006,-0.0020926394
1.411165e-006,-0.0033631942
1.411565e-006,-0.0011985454
1.411965e-006,0.0021425431
1.412365e-006,0.0039307312
1.412765e-006,0.0031778099
1.413165e-006,0.00054258523
1.413565e-006,-0.0018102939
1.413965e-006,-0.0023279274
1.414365e-006,-0.002139697
1.414765e-006,-0.0020455819
1.415165e-006,-0.0020455819
1.415565e-006,-0.0019044091
1.415965e-006,-0.0016691212
1.416365e-006,-0.0013397181
1.416765e-006,-0.0012456029
1.417165e-006,-0.0012456029
1.417565e-006,-0.00053973919
1.417965e-006,0.00096610348
1.418365e-006,0.0019543127
1.418765e-006,0.0020954855
1.419165e-006,0.0013896217
1.419565e-006,-0.00025739369
1.419965e-006,-0.0012926605
1.420365e-006,-0.0013867757
1.420765e-006,-0.0014338333
1.421165e-006,-0.0014338333
1.421565e-006,-0.0015279484
1.421965e-006,-0.0011044302
1.422365e-006,0.00040141248
1.422765e-006,0.0013896217
1.423165e-006,0.0013896217
1.423565e-006,0.00044847006
1.423965e-006,-0.001010315
1.424365e-006,-0.0013397181
1.424765e-006,-0.00086914227
1.425165e-006,2.4951813e-005
1.425565e-006,0.00044847006
1.425965e-006,0.00054258523
1.426365e-006,0.00016612456
1.426765e-006,-0.00068091194
1.427165e-006,-0.0011514878
1.427565e-006,-0.0014338333
1.427965e-006,-0.0019985243
1.428365e-006,-0.002139697
1.428765e-006,-0.0010573726
1.429165e-006,0.0012013914
1.429565e-006,0.0029895796
1.429965e-006,0.0025660613
1.430365e-006,0.00016612456
1.430765e-006,-0.0024220425
1.431165e-006,-0.0028455608
1.431565e-006,-0.00091619986
1.431965e-006,0.0015778521
1.432365e-006,0.002377831
1.432765e-006,0.00040141248
1.433165e-006,-0.0031279063
1.433565e-006,-0.0046808065
1.433965e-006,-0.0033161366
1.434365e-006,-0.00016327852
1.434765e-006,0.0028954644
1.435165e-006,0.0042130767
1.435565e-006,0.0030366372
1.435965e-006,0.00082493073
1.436365e-006,-0.0010573726
1.436765e-006,-0.002139697
1.437165e-006,-0.0018102939
1.437565e-006,-0.0011514878
1.437965e-006,-0.0004926816
1.438365e-006,0.00087198831
1.438765e-006,0.0021896007
1.439165e-006,0.0022837158
1.439565e-006,0.0016249096
1.439965e-006,-2.210577e-005
1.440365e-006,-0.0016691212
1.440765e-006,-0.002139697
1.441165e-006,-0.001010315
1.441565e-006,0.0003543549
1.441965e-006,0.0012955066
1.442365e-006,0.001248449
1.442765e-006,0.00011906698
1.443165e-006,-0.00058679677
1.443565e-006,-0.00058679677
1.443965e-006,-0.00077502711
1.444365e-006,-0.00077502711
1.444765e-006,-0.00086914227
1.445165e-006,-0.001010315
1.445565e-006,-0.00058679677
1.445965e-006,-0.00025739369
1.446365e-006,-0.0004926816
1.446765e-006,-0.0014338333
1.447165e-006,-0.0027514456
1.447565e-006,-0.0033161366
1.447965e-006,-0.0022808698
1.448365e-006,0.0003543549
1.448765e-006,0.0026131189
1.449165e-006,0.0031778099
1.449565e-006,0.0020484279
1.449965e-006,-0.00030445127
1.450365e-006,-0.002139697
1.450765e-006,-0.0025632153
1.451165e-006,-0.0019985243
1.451565e-006,-0.00072796952
1.451965e-006,0.00011906698
1.452365e-006,-2.210577e-005
1.452765e-006,-0.00039856644
1.453165e-006,-0.001010315
1.453565e-006,-0.0014338333
1.453965e-006,-0.0013397181
1.454365e-006,-0.00058679677
1.454765e-006,0.00016612456
1.455165e-006,2.4951813e-005
1.455565e-006,-0.001010315
1.455965e-006,-0.0026573304
1.456365e-006,-0.0031749639
1.456765e-006,-0.0020926394
1.457165e-006,0.00030729731
1.457565e-006,0.0026601765
1.457965e-006,0.0029895796
1.458365e-006,0.0014837369
1.458765e-006,-0.00044562402
1.459165e-006,-0.0018573515
1.459565e-006,-0.0016220636
1.459965e-006,0.00011906698
1.460365e-006,0.00181314
1.460765e-006,0.0022366582
1.461165e-006,0.00082493073
1.461565e-006,-0.00072796952
1.461965e-006,-0.0013397181
1.462365e-006,-0.0012926605
1.462765e-006,-0.00053973919
1.463165e-006,-0.0002103361
1.463565e-006,-0.00077502711
1.463965e-006,-0.0011044302
1.464365e-006,-0.00035150885
1.464765e-006,0.00040141248
1.465165e-006,0.00040141248
1.465565e-006,-0.00035150885
1.465965e-006,-0.0016220636
1.466365e-006,-0.0019985243
1.466765e-006,-0.0014808909
1.467165e-006,-0.00053973919
1.467565e-006,0.00058964281
1.467965e-006,0.00181314
1.468365e-006,0.0019543127
1.468765e-006,0.00026023973
1.469165e-006,-0.0019044091
1.469565e-006,-0.0025632153
1.469965e-006,-0.0010573726
1.470365e-006,0.0014366793
1.470765e-006,0.0030366372
1.471165e-006,0.0019072551
1.471565e-006,-0.00082208469
1.471965e-006,-0.0024691001
1.472365e-006,-0.0017161788
1.472765e-006,7.2009396e-005
1.473165e-006,0.0015778521
1.473565e-006,0.0017660824
1.473965e-006,0.0018601976
1.474365e-006,0.0027542917
1.474765e-006,0.0034130978
1.475165e-006,0.0020013703
1.475565e-006,-0.0016691212
1.475965e-006,-0.0051043248
1.476365e-006,-0.0053396127
1.476765e-006,-0.0024691001
1.477165e-006,0.001248449
1.477565e-006,0.0026131189
1.477965e-006,0.00058964281
1.478365e-006,-0.0022338122
1.478765e-006,-0.0028455608
1.479165e-006,-0.001010315
1.479565e-006,0.0015307945
1.479965e-006,0.0024719462
1.480365e-006,0.0009190459
1.480765e-006,-0.0011044302
1.481165e-006,-0.0020926394
1.481565e-006,-0.001575006
1.481965e-006,7.2009396e-005
1.482365e-006,0.0012013914
1.482765e-006,0.0010602186
1.483165e-006,0.00030729731
1.483565e-006,-0.00030445127
1.483965e-006,-0.00072796952
1.484365e-006,-0.00086914227
1.484765e-006,-0.0011985454
1.485165e-006,-0.0013397181
1.485565e-006,-0.00086914227
1.485965e-006,7.2009396e-005
1.486365e-006,0.00082493073
1.486765e-006,0.0013425641
1.487165e-006,0.0013896217
1.487565e-006,0.0015307945
1.487965e-006,0.0012955066
1.488365e-006,0.00077787315
1.488765e-006,-0.00072796952
1.489165e-006,-0.0028926184
1.489565e-006,-0.0037396549
1.489965e-006,-0.0028926184
1.490365e-006,-0.00082208469
1.490765e-006,0.0015778521
1.491165e-006,0.0018601976
1.491565e-006,0.00040141248
1.491965e-006,-0.0012456029
1.492365e-006,-0.0012456029
1.492765e-006,-0.00011622094
1.493165e-006,0.0011072762
1.493565e-006,0.0017660824
1.493965e-006,0.0011543338
1.494365e-006,7.2009396e-005
1.494765e-006,-0.00053973919
1.495165e-006,-0.00016327852
1.495565e-006,0.00068375798
1.495965e-006,0.00096610348
1.496365e-006,0.00021318215
1.496765e-006,-0.0017632364
1.497165e-006,-0.0040690579
1.497565e-006,-0.0049160944
1.497965e-006,-0.0033631942
1.498365e-006,-0.00058679677
1.498765e-006,0.00077787315
1.499165e-006,-0.00063385435
1.499565e-006,-0.0031279063
1.499965e-006,-0.0035984821
1.500365e-006,-0.00091619986
1.500765e-006,0.0025660613
1.501165e-006,0.003507213
1.501565e-006,0.0014837369
1.501965e-006,-0.0019044091
1.502365e-006,-0.0027514456
1.502765e-006,-0.00039856644
1.503165e-006,0.0026131189
1.503565e-006,0.0032248675
1.503965e-006,0.0013896217
1.504365e-006,-0.00082208469
1.504765e-006,-0.0019514667
1.505165e-006,-0.0012456029
1.505565e-006,-0.00077502711
1.505965e-006,-0.001010315
1.506365e-006,-0.0016220636
1.506765e-006,-0.0016220636
1.507165e-006,-0.00072796952
1.507565e-006,0.00077787315
1.507965e-006,0.0017660824
1.508365e-006,0.0014366793
1.508765e-006,0.00016612456
1.509165e-006,-0.00096325744
1.509565e-006,-0.00096325744
1.509965e-006,2.4951813e-005
1.510365e-006,0.0010602186
1.510765e-006,0.00082493073
1.511165e-006,-0.0013397181
1.511565e-006,-0.0028455608
1.511965e-006,-0.0023749849
1.512365e-006,-0.00035150885
1.512765e-006,0.0010602186
1.513165e-006,0.00058964281
1.513565e-006,-0.00096325744
1.513965e-006,-0.0011514878
1.514365e-006,0.0006367004
1.514765e-006,0.0022366582
1.515165e-006,0.0016249096
1.515565e-006,-0.001575006
1.515965e-006,-0.0047749217
1.516365e-006,-0.0046337489
1.516765e-006,-0.0010573726
1.517165e-006,0.0028013492
1.517565e-006,0.0032719251
1.517965e-006,0.00054258523
1.518365e-006,-0.002704388
1.518765e-006,-0.0037396549
1.519165e-006,-0.0020455819
1.519565e-006,0.00044847006
1.519965e-006,0.0017190248
1.520365e-006,0.0012013914
1.520765e-006,-0.00063385435
1.521165e-006,-0.0016220636
1.521565e-006,-0.0013397181
1.521965e-006,-0.00011622094
1.522365e-006,0.0016719672
1.522765e-006,0.002377831
1.523165e-006,0.0014366793
1.523565e-006,-0.0014808909
1.523965e-006,-0.0039278852
1.524365e-006,-0.0041161155
1.524765e-006,-0.0024220425
1.525165e-006,0.00026023973
1.525565e-006,0.0026131189
1.525965e-006,0.0028954644
1.526365e-006,0.0021425431
1.526765e-006,0.00049552765
1.527165e-006,-0.0013397181
1.527565e-006,-0.0030808487
1.527965e-006,-0.0039278852
1.528365e-006,-0.0034573094
1.528765e-006,-0.0019044091
1.529165e-006,2.4951813e-005
1.529565e-006,0.0018601976
1.529965e-006,0.0026131189
1.530365e-006,0.0017660824
1.530765e-006,0.00044847006
1.531165e-006,-0.00096325744
1.531565e-006,-0.0019514667
1.531965e-006,-0.0027985032
1.532365e-006,-0.0029867335
1.532765e-006,-0.0026573304
1.533165e-006,-0.0013397181
1.533565e-006,-0.00025739369
1.533965e-006,-0.00030445127
1.534365e-006,-0.0011985454
1.534765e-006,-0.0017632364
1.535165e-006,-0.0011514878
1.535565e-006,-0.00035150885
1.535965e-006,0.00011906698
1.536365e-006,-0.00016327852
1.536765e-006,-0.00011622094
1.537165e-006,0.00087198831
1.537565e-006,0.0017190248
1.537965e-006,0.0015778521
1.538365e-006,-0.00053973919
1.538765e-006,-0.002139697
1.539165e-006,-0.001575006
1.539565e-006,0.00058964281
1.539965e-006,0.0020954855
1.540365e-006,0.0011072762
1.540765e-006,-0.0013867757
1.541165e-006,-0.0024691001
1.541565e-006,-0.00035150885
1.541965e-006,0.0032248675
1.542365e-006,0.005201286
1.542765e-006,0.0038836737
1.543165e-006,0.00077787315
1.543565e-006,-0.0018573515
1.543965e-006,-0.0024220425
1.544365e-006,-0.0016691212
1.544765e-006,-0.00086914227
1.545165e-006,-0.00039856644
1.545565e-006,-0.00030445127
1.545965e-006,0.00049552765
1.546365e-006,0.0012955066
1.546765e-006,0.0011543338
1.547165e-006,2.4951813e-005
1.547565e-006,-0.0014338333
1.547965e-006,-0.0020455819
1.548365e-006,-0.00091619986
1.548765e-006,0.00096610348
1.549165e-006,0.0022837158
1.549565e-006,0.0024719462
1.549965e-006,0.0011072762
1.550365e-006,-0.0011514878
1.550765e-006,-0.0025161577
1.551165e-006,-0.0019514667
1.551565e-006,-0.00016327852
1.551965e-006,0.0011072762
1.552365e-006,0.0011543338
1.552765e-006,-0.00030445127
1.553165e-006,-0.0020455819
1.553565e-006,-0.0026573304
1.553965e-006,-0.0012456029
1.554365e-006,0.00077787315
1.554765e-006,0.0022837158
1.555165e-006,0.0025190037
1.555565e-006,0.00181314
1.555965e-006,0.00068375798
1.556365e-006,-2.210577e-005
1.556765e-006,-0.00082208469
1.557165e-006,-0.0011044302
1.557565e-006,-0.0011514878
1.557965e-006,-0.001010315
1.558365e-006,-0.00016327852
1.558765e-006,0.00058964281
1.559165e-006,0.00030729731
1.559565e-006,-0.00091619986
1.559965e-006,-0.0019514667
1.560365e-006,-0.0019514667
1.560765e-006,-0.00077502711
1.561165e-006,0.0010602186
1.561565e-006,0.0017660824
1.561965e-006,0.00068375798
1.562365e-006,-0.0012456029
1.562765e-006,-0.0019044091
1.563165e-006,-0.00086914227
1.563565e-006,0.00082493073
1.563965e-006,0.00073081556
1.564365e-006,-0.00068091194
1.564765e-006,-0.0016220636
1.565165e-006,-0.00072796952
1.565565e-006,0.0018601976
1.565965e-006,0.0030366372
1.566365e-006,0.0010131611
1.566765e-006,-0.0028926184
1.567165e-006,-0.0048690369
1.567565e-006,-0.0030808487
1.567965e-006,0.00044847006
1.568365e-006,0.0031307523
1.568765e-006,0.0028484068
1.569165e-006,0.00073081556
1.569565e-006,-0.00068091194
1.569965e-006,-0.00096325744
1.570365e-006,-0.00011622094
1.570765e-006,0.00068375798
1.571165e-006,0.00077787315
1.571565e-006,0.00087198831
1.571965e-006,0.00073081556
1.572365e-006,0.0003543549
1.572765e-006,-0.00072796952
1.573165e-006,-0.0014808909
1.573565e-006,-0.0016220636
1.573965e-006,-0.00082208469
1.574365e-006,0.00040141248
1.574765e-006,0.00082493073
1.575165e-006,0.00049552765
1.575565e-006,7.2009396e-005
1.575965e-006,-0.00016327852
1.576365e-006,-0.00016327852
1.576765e-006,-0.00096325744
1.577165e-006,-0.0016691212
1.577565e-006,-0.0013397181
1.577965e-006,0.00054258523
1.578365e-006,0.0021425431
1.578765e-006,0.0018601976
1.579165e-006,0.00011906698
1.579565e-006,-0.0016220636
1.579965e-006,-0.0022338122
1.580365e-006,-0.0019514667
1.580765e-006,-0.0013867757
1.581165e-006,-0.0016220636
1.581565e-006,-0.002139697
1.581965e-006,-0.0019044091
1.582365e-006,-0.00058679677
1.582765e-006,0.0016719672
1.583165e-006,0.0031778099
1.583565e-006,0.0033189827
1.583965e-006,0.0016719672
1.584365e-006,-0.00058679677
1.584765e-006,-0.0019514667
1.585165e-006,-0.0019044091
1.585565e-006,-0.00053973919
1.585965e-006,0.0010602186
1.586365e-006,0.0015778521
1.586765e-006,0.0006367004
1.587165e-006,-0.0012456029
1.587565e-006,-0.0027514456
1.587965e-006,-0.0035043669
1.588365e-006,-0.0032220214
1.588765e-006,-0.0016691212
1.589165e-006,0.0013425641
1.589565e-006,0.0036954433
1.589965e-006,0.0047307102
1.590365e-006,0.0037425009
1.590765e-006,0.0011072762
1.591165e-006,-0.0019985243
1.591565e-006,-0.0041631731
1.591965e-006,-0.0043514034
1.592365e-006,-0.0025632153
1.592765e-006,-0.00035150885
1.593165e-006,0.0013896217
1.593565e-006,0.0015307945
1.593965e-006,-6.9163354e-005
1.594365e-006,-0.0019985243
1.594765e-006,-0.0028455608
1.595165e-006,-0.0020455819
1.595565e-006,-0.00068091194
1.595965e-006,2.4951813e-005
1.596365e-006,-0.00044562402
1.596765e-006,-0.0015279484
1.597165e-006,-0.0020455819
1.597565e-006,-0.0014808909
1.597965e-006,-0.00058679677
1.598365e-006,2.4951813e-005
1.598765e-006,0.0003543549
1.599165e-006,0.00030729731
1.599565e-006,0.00011906698
1.599965e-006,-0.0002103361
1.600365e-006,-0.0014808909
