LECROYWS4054HD,18796,Waveform
Segments,1,SegmentSize,5002
Segment,TrigTime,TimeSinceSegment1
#1,04-Sep-2025 12:30:06,0                 
Time,Ampl
-1.001072e-006,-0.002226539
-9.99072e-007,0.002008644
-9.97072e-007,0.0003616281
-9.95072e-007,-0.0001089477
-9.93072e-007,0.003890947
-9.91072e-007,0.0003616281
-9.89072e-007,-0.001285387
-9.87072e-007,0.003420371
-9.85072e-007,0.003420371
-9.83072e-007,-0.001755963
-9.81072e-007,0.002479219
-9.79072e-007,0.003185083
-9.77072e-007,0.003185083
-9.75072e-007,0.00130278
-9.73072e-007,0.00130278
-9.71072e-007,0.002949795
-9.69072e-007,0.002479219
-9.67072e-007,0.002714507
-9.65072e-007,0.001773356
-9.63072e-007,0.002243931
-9.61072e-007,-0.0008148115
-9.59072e-007,-0.001285387
-9.57072e-007,0.002949795
-9.55072e-007,0.001538068
-9.53072e-007,0.003890947
-9.51072e-007,-0.001520675
-9.49072e-007,-0.001755963
-9.47072e-007,0.0001263402
-9.45072e-007,-0.001755963
-9.43072e-007,0.004596811
-9.41072e-007,-0.001050099
-9.39072e-007,0.002243931
-9.37072e-007,0.0001263402
-9.35072e-007,0.00130278
-9.33072e-007,0.001538068
-9.31072e-007,0.004832099
-9.29072e-007,-0.002932403
-9.27072e-007,0.002008644
-9.25072e-007,0.0003616281
-9.23072e-007,0.002479219
-9.21072e-007,0.001538068
-9.19072e-007,0.0001263402
-9.17072e-007,-0.001755963
-9.15072e-007,0.0001263402
-9.13072e-007,0.003185083
-9.11072e-007,-0.002461827
-9.09072e-007,-0.0003442356
-9.07072e-007,0.002008644
-9.05072e-007,-0.0005795236
-9.03072e-007,0.004126235
-9.01072e-007,0.002008644
-8.99072e-007,0.001067492
-8.97072e-007,-0.0005795236
-8.95072e-007,0.003655659
-8.93072e-007,-0.001285387
-8.91072e-007,0.003655659
-8.89072e-007,0.00130278
-8.87072e-007,0.001538068
-8.85072e-007,0.001067492
-8.83072e-007,0.001538068
-8.81072e-007,0.001538068
-8.79072e-007,-0.004108842
-8.77072e-007,0.003655659
-8.75072e-007,0.003890947
-8.73072e-007,-0.001755963
-8.71072e-007,0.003890947
-8.69072e-007,0.0003616281
-8.67072e-007,0.001773356
-8.65072e-007,0.001538068
-8.63072e-007,-0.001520675
-8.61072e-007,0.001538068
-8.59072e-007,0.002243931
-8.57072e-007,-0.0001089477
-8.55072e-007,-0.001050099
-8.53072e-007,0.002243931
-8.51072e-007,-0.002932403
-8.49072e-007,0.004596811
-8.47072e-007,0.002479219
-8.45072e-007,0.003185083
-8.43072e-007,-0.0001089477
-8.41072e-007,-0.0003442356
-8.39072e-007,0.002479219
-8.37072e-007,0.0003616281
-8.35072e-007,0.002008644
-8.33072e-007,0.003420371
-8.31072e-007,-0.001755963
-8.29072e-007,-0.0003442356
-8.27072e-007,0.003890947
-8.25072e-007,0.003420371
-8.23072e-007,0.0003616281
-8.21072e-007,0.00130278
-8.19072e-007,-0.0003442356
-8.17072e-007,0.0001263402
-8.15072e-007,0.002714507
-8.13072e-007,0.00130278
-8.11072e-007,0.000832204
-8.09072e-007,0.001538068
-8.07072e-007,0.000832204
-8.05072e-007,0.000832204
-8.03072e-007,-0.001991251
-8.01072e-007,0.001773356
-7.99072e-007,-0.001050099
-7.97072e-007,0.005067386
-7.95072e-007,0.002008644
-7.93072e-007,-0.001050099
-7.91072e-007,-0.003638266
-7.89072e-007,0.002714507
-7.87072e-007,0.002243931
-7.85072e-007,0.004126235
-7.83072e-007,0.00130278
-7.81072e-007,0.001773356
-7.79072e-007,0.001538068
-7.77072e-007,-0.0001089477
-7.75072e-007,0.000832204
-7.73072e-007,0.000832204
-7.71072e-007,0.001067492
-7.69072e-007,0.0003616281
-7.67072e-007,0.0001263402
-7.65072e-007,0.002479219
-7.63072e-007,-0.0005795236
-7.61072e-007,0.005537962
-7.59072e-007,-0.002461827
-7.57072e-007,0.001067492
-7.55072e-007,0.001067492
-7.53072e-007,0.000832204
-7.51072e-007,0.002008644
-7.49072e-007,-0.0005795236
-7.47072e-007,0.004832099
-7.45072e-007,0.0001263402
-7.43072e-007,0.001773356
-7.41072e-007,-0.002697115
-7.39072e-007,0.001773356
-7.37072e-007,0.002949795
-7.35072e-007,-0.001285387
-7.33072e-007,0.0003616281
-7.31072e-007,0.002008644
-7.29072e-007,0.002008644
-7.27072e-007,-0.0008148115
-7.25072e-007,0.003890947
-7.23072e-007,0.002949795
-7.21072e-007,-0.002461827
-7.19072e-007,0.002479219
-7.17072e-007,0.004596811
-7.15072e-007,0.000596916
-7.13072e-007,0.000596916
-7.11072e-007,0.000832204
-7.09072e-007,0.000596916
-7.07072e-007,0.001773356
-7.05072e-007,0.003420371
-7.03072e-007,-0.0003442356
-7.01072e-007,0.001538068
-6.99072e-007,0.001773356
-6.97072e-007,-0.0005795236
-6.95072e-007,0.003655659
-6.93072e-007,0.002243931
-6.91072e-007,0.002008644
-6.89072e-007,0.002949795
-6.87072e-007,-0.001755963
-6.85072e-007,-0.002461827
-6.83072e-007,0.000832204
-6.81072e-007,0.00130278
-6.79072e-007,0.001067492
-6.77072e-007,0.001773356
-6.75072e-007,-0.002697115
-6.73072e-007,-0.0001089477
-6.71072e-007,0.00130278
-6.69072e-007,0.002008644
-6.67072e-007,-0.0008148115
-6.65072e-007,0.002243931
-6.63072e-007,-0.0001089477
-6.61072e-007,0.001067492
-6.59072e-007,-0.0001089477
-6.57072e-007,-0.0003442356
-6.55072e-007,-0.001520675
-6.53072e-007,-0.0008148115
-6.51072e-007,-0.0001089477
-6.49072e-007,0.001067492
-6.47072e-007,0.003420371
-6.45072e-007,0.000596916
-6.43072e-007,0.000832204
-6.41072e-007,0.003185083
-6.39072e-007,0.0001263402
-6.37072e-007,0.001773356
-6.35072e-007,0.002008644
-6.33072e-007,0.000596916
-6.31072e-007,-0.001050099
-6.29072e-007,0.001538068
-6.27072e-007,-0.0001089477
-6.25072e-007,0.002714507
-6.23072e-007,0.000832204
-6.21072e-007,-0.001050099
-6.19072e-007,0.003420371
-6.17072e-007,0.001538068
-6.15072e-007,0.004126235
-6.13072e-007,-0.002226539
-6.11072e-007,-0.0001089477
-6.09072e-007,0.002243931
-6.07072e-007,-0.0003442356
-6.05072e-007,0.002008644
-6.03072e-007,0.0003616281
-6.01072e-007,-0.001755963
-5.99072e-007,0.001538068
-5.97072e-007,0.002008644
-5.95072e-007,-0.0001089477
-5.93072e-007,0.003420371
-5.91072e-007,-0.0003442356
-5.89072e-007,0.0001263402
-5.87072e-007,-0.001520675
-5.85072e-007,0.002008644
-5.83072e-007,0.001067492
-5.81072e-007,0.002714507
-5.79072e-007,0.0003616281
-5.77072e-007,0.003655659
-5.75072e-007,-0.0008148115
-5.73072e-007,-0.0003442356
-5.71072e-007,0.003655659
-5.69072e-007,0.00130278
-5.67072e-007,0.002949795
-5.65072e-007,0.002949795
-5.63072e-007,-0.002226539
-5.61072e-007,-0.003873554
-5.59072e-007,0.001773356
-5.57072e-007,0.000832204
-5.55072e-007,0.002949795
-5.53072e-007,-0.0003442356
-5.51072e-007,-0.0008148115
-5.49072e-007,0.005537962
-5.47072e-007,0.000596916
-5.45072e-007,0.003890947
-5.43072e-007,0.0001263402
-5.41072e-007,0.002243931
-5.39072e-007,-0.003402979
-5.37072e-007,0.003185083
-5.35072e-007,0.000596916
-5.33072e-007,0.002949795
-5.31072e-007,-0.0001089477
-5.29072e-007,0.002243931
-5.27072e-007,0.0001263402
-5.25072e-007,0.000832204
-5.23072e-007,0.002479219
-5.21072e-007,-0.0003442356
-5.19072e-007,0.002714507
-5.17072e-007,0.003420371
-5.15072e-007,-0.0005795236
-5.13072e-007,-0.0003442356
-5.11072e-007,0.002008644
-5.09072e-007,-0.001991251
-5.07072e-007,0.001538068
-5.05072e-007,-0.0003442356
-5.03072e-007,0.003890947
-5.01072e-007,0.000832204
-4.99072e-007,0.002008644
-4.97072e-007,0.002949795
-4.95072e-007,0.0001263402
-4.93072e-007,0.004361523
-4.91072e-007,0.00130278
-4.89072e-007,-0.001755963
-4.87072e-007,0.002243931
-4.85072e-007,0.001773356
-4.83072e-007,0.001773356
-4.81072e-007,0.000832204
-4.79072e-007,0.0003616281
-4.77072e-007,0.002479219
-4.75072e-007,0.0003616281
-4.73072e-007,0.003185083
-4.71072e-007,0.002008644
-4.69072e-007,0.003655659
-4.67072e-007,0.001773356
-4.65072e-007,0.001538068
-4.63072e-007,0.000832204
-4.61072e-007,0.002479219
-4.59072e-007,-0.001050099
-4.57072e-007,0.003890947
-4.55072e-007,0.002714507
-4.53072e-007,0.0003616281
-4.51072e-007,-0.001991251
-4.49072e-007,0.001538068
-4.47072e-007,0.000832204
-4.45072e-007,0.002714507
-4.43072e-007,0.003655659
-4.41072e-007,-0.002226539
-4.39072e-007,0.003185083
-4.37072e-007,0.0001263402
-4.35072e-007,0.0001263402
-4.33072e-007,0.002243931
-4.31072e-007,0.000596916
-4.29072e-007,0.003655659
-4.27072e-007,-0.0005795236
-4.25072e-007,-0.001991251
-4.23072e-007,0.004126235
-4.21072e-007,0.002949795
-4.19072e-007,-0.001050099
-4.17072e-007,0.002243931
-4.15072e-007,0.001773356
-4.13072e-007,0.002008644
-4.11072e-007,0.002243931
-4.09072e-007,0.003655659
-4.07072e-007,0.001067492
-4.05072e-007,-0.001050099
-4.03072e-007,-0.0005795236
-4.01072e-007,-0.001285387
-3.99072e-007,0.001773356
-3.97072e-007,0.003655659
-3.95072e-007,0.0001263402
-3.93072e-007,0.001067492
-3.91072e-007,0.003655659
-3.89072e-007,0.001538068
-3.87072e-007,0.003185083
-3.85072e-007,0.00130278
-3.83072e-007,0.00130278
-3.81072e-007,0.001773356
-3.79072e-007,-0.002697115
-3.77072e-007,0.002008644
-3.75072e-007,0.005302674
-3.73072e-007,-0.002461827
-3.71072e-007,0.001773356
-3.69072e-007,0.001773356
-3.67072e-007,0.0001263402
-3.65072e-007,-0.001050099
-3.63072e-007,0.00130278
-3.61072e-007,-0.0001089477
-3.59072e-007,0.004126235
-3.57072e-007,0.0001263402
-3.55072e-007,0.002008644
-3.53072e-007,0.0003616281
-3.51072e-007,0.000596916
-3.49072e-007,0.002949795
-3.47072e-007,-0.0001089477
-3.45072e-007,-0.0003442356
-3.43072e-007,0.001067492
-3.41072e-007,0.005067386
-3.39072e-007,-0.0005795236
-3.37072e-007,-0.0003442356
-3.35072e-007,0.001067492
-3.33072e-007,-0.0001089477
-3.31072e-007,0.002008644
-3.29072e-007,0.001067492
-3.27072e-007,0.000832204
-3.25072e-007,-0.001050099
-3.23072e-007,0.004126235
-3.21072e-007,0.002008644
-3.19072e-007,-0.0001089477
-3.17072e-007,-0.0003442356
-3.15072e-007,0.0001263402
-3.13072e-007,0.002243931
-3.11072e-007,0.00130278
-3.09072e-007,0.000596916
-3.07072e-007,0.001067492
-3.05072e-007,-0.0001089477
-3.03072e-007,-0.002697115
-3.01072e-007,0.001067492
-2.99072e-007,0.002949795
-2.97072e-007,-0.001520675
-2.95072e-007,0.003420371
-2.93072e-007,0.001773356
-2.91072e-007,-0.0003442356
-2.89072e-007,0.002949795
-2.87072e-007,-0.0003442356
-2.85072e-007,0.001773356
-2.83072e-007,-0.001285387
-2.81072e-007,-0.0008148115
-2.79072e-007,0.003420371
-2.77072e-007,-0.001755963
-2.75072e-007,0.003655659
-2.73072e-007,0.003890947
-2.71072e-007,-0.001755963
-2.69072e-007,0.001773356
-2.67072e-007,0.002479219
-2.65072e-007,0.000832204
-2.63072e-007,-0.002461827
-2.61072e-007,-0.0001089477
-2.59072e-007,0.002714507
-2.57072e-007,0.002008644
-2.55072e-007,0.0003616281
-2.53072e-007,-0.002932403
-2.51072e-007,0.001538068
-2.49072e-007,0.003655659
-2.47072e-007,0.0003616281
-2.45072e-007,-0.001050099
-2.43072e-007,0.003420371
-2.41072e-007,-0.002461827
-2.39072e-007,0.0003616281
-2.37072e-007,0.003185083
-2.35072e-007,0.001067492
-2.33072e-007,0.001067492
-2.31072e-007,0.004832099
-2.29072e-007,0.001538068
-2.27072e-007,0.002714507
-2.25072e-007,0.001538068
-2.23072e-007,-0.001755963
-2.21072e-007,0.00577325
-2.19072e-007,0.003655659
-2.17072e-007,-0.003638266
-2.15072e-007,-0.001285387
-2.13072e-007,0.003890947
-2.11072e-007,0.000832204
-2.09072e-007,0.004832099
-2.07072e-007,0.002714507
-2.05072e-007,0.0003616281
-2.03072e-007,-0.001755963
-2.01072e-007,0.003185083
-1.99072e-007,0.003185083
-1.97072e-007,0.000596916
-1.95072e-007,-0.001755963
-1.93072e-007,0.002949795
-1.91072e-007,-0.0005795236
-1.89072e-007,0.003655659
-1.87072e-007,-0.001991251
-1.85072e-007,0.003655659
-1.83072e-007,0.001773356
-1.81072e-007,0.006243826
-1.79072e-007,0.008361417
-1.77072e-007,0.01494948
-1.75072e-007,0.03071377
-1.73072e-007,0.03424309
-1.71072e-007,0.05212497
-1.69072e-007,0.05447785
-1.67072e-007,0.0749479
-1.65072e-007,0.08953575
-1.63072e-007,0.09612381
-1.61072e-007,0.1116528
-1.59072e-007,0.1151821
-1.57072e-007,0.1349463
-1.55072e-007,0.1377698
-1.53072e-007,0.1424755
-1.51072e-007,0.1528282
-1.49072e-007,0.1596515
-1.47072e-007,0.1495342
-1.45072e-007,0.1509459
-1.43072e-007,0.1650632
-1.41072e-007,0.1704748
-1.39072e-007,0.1629456
-1.37072e-007,0.1737688
-1.35072e-007,0.1721218
-1.33072e-007,0.19518
-1.31072e-007,0.1874155
-1.29072e-007,0.1824745
-1.27072e-007,0.1961212
-1.25072e-007,0.2114149
-1.23072e-007,0.2043563
-1.21072e-007,0.2172971
-1.19072e-007,0.2097679
-1.17072e-007,0.2365907
-1.15072e-007,0.243414
-1.13072e-007,0.2518844
-1.11072e-007,0.2624724
-1.09072e-007,0.2554137
-1.07072e-007,0.2610606
-1.05072e-007,0.2615312
-1.03072e-007,0.2836483
-1.01072e-007,0.2737662
-9.9072e-008,0.2732956
-9.7072e-008,0.2963538
-9.5072e-008,0.2902363
-9.3072e-008,0.3024713
-9.1072e-008,0.3107064
-8.9072e-008,0.3132946
-8.7072e-008,0.3245884
-8.5072e-008,0.3252942
-8.3072e-008,0.3156474
-8.1072e-008,0.3358822
-7.9072e-008,0.3323529
-7.7072e-008,0.3217649
-7.5072e-008,0.3379998
-7.3072e-008,0.3419997
-7.1072e-008,0.3278824
-6.9072e-008,0.3351763
-6.7072e-008,0.3542347
-6.5072e-008,0.3615286
-6.3072e-008,0.3476466
-6.1072e-008,0.3617639
-5.9072e-008,0.361058
-5.7072e-008,0.3601169
-5.5072e-008,0.3761164
-5.3072e-008,0.3619992
-5.1072e-008,0.3829398
-4.9072e-008,0.3761164
-4.7072e-008,0.3895278
-4.5072e-008,0.3735283
-4.3072e-008,0.3930572
-4.1072e-008,0.3714107
-3.9072e-008,0.3857632
-3.7072e-008,0.3789399
-3.5072e-008,0.3831751
-3.3072e-008,0.4130566
-3.1072e-008,0.3935277
-2.9072e-008,0.3930572
-2.7072e-008,0.3935277
-2.5072e-008,0.4038804
-2.3072e-008,0.3951748
-2.1072e-008,0.4135272
-1.9072e-008,0.4019981
-1.7072e-008,0.4001158
-1.5072e-008,0.4259975
-1.3072e-008,0.4107038
-1.1072e-008,0.4017628
-9.072e-009,0.4090567
-7.072e-009,0.4154095
-5.072e-009,0.4271739
-3.072e-009,0.409292
-1.072e-009,0.4259975
9.28e-010,0.4267033
2.928e-009,0.4203506
4.928e-009,0.4121155
6.928e-009,0.4377619
8.928e-009,0.4085862
1.0928e-008,0.4241152
1.2928e-008,0.4245857
1.4928e-008,0.4450558
1.6928e-008,0.4405853
1.8928e-008,0.4036451
2.0928e-008,0.4410559
2.2928e-008,0.4438794
2.4928e-008,0.4259975
2.6928e-008,0.4448205
2.8928e-008,0.4290562
3.0928e-008,0.4521144
3.2928e-008,0.4497615
3.4928e-008,0.4452911
3.6928e-008,0.4667023
3.8928e-008,0.4417618
4.0928e-008,0.447644
4.2928e-008,0.4497615
4.4928e-008,0.4638788
4.6928e-008,0.4448205
4.8928e-008,0.4422323
5.0928e-008,0.4434088
5.2928e-008,0.449291
5.4928e-008,0.4754079
5.6928e-008,0.4467028
5.8928e-008,0.4791725
6.0928e-008,0.4612907
6.2928e-008,0.4455264
6.4928e-008,0.4619965
6.6928e-008,0.4669376
6.8928e-008,0.4845842
7.0928e-008,0.4603495
7.2928e-008,0.4634082
7.4928e-008,0.4782314
7.6928e-008,0.4968191
7.8928e-008,0.4683493
8.0928e-008,0.4859959
8.2928e-008,0.4667023
8.4928e-008,0.4845842
8.6928e-008,0.4829371
8.8928e-008,0.4772902
9.0928e-008,0.4864665
9.2928e-008,0.486937
9.4928e-008,0.4796431
9.6928e-008,0.4864665
9.8928e-008,0.4782314
1.00928e-007,0.4904664
1.02928e-007,0.4864665
1.04928e-007,0.5027013
1.06928e-007,0.4921134
1.08928e-007,0.4951721
1.10928e-007,0.5067012
1.12928e-007,0.511407
1.14928e-007,0.494231
1.16928e-007,0.4996426
1.18928e-007,0.4982309
1.20928e-007,0.4963486
1.22928e-007,0.4845842
1.24928e-007,0.513054
1.26928e-007,0.5015249
1.28928e-007,0.5154069
1.30928e-007,0.4885841
1.32928e-007,0.513054
1.34928e-007,0.5212891
1.36928e-007,0.5208185
1.38928e-007,0.5017602
1.40928e-007,0.5052895
1.42928e-007,0.5076424
1.44928e-007,0.4984661
1.46928e-007,0.5231714
1.48928e-007,0.5090541
1.50928e-007,0.5144657
1.52928e-007,0.5175245
1.54928e-007,0.5064659
1.56928e-007,0.5224655
1.58928e-007,0.5170539
1.60928e-007,0.5107011
1.62928e-007,0.5224655
1.64928e-007,0.5292889
1.66928e-007,0.5088188
1.68928e-007,0.5347005
1.70928e-007,0.5088188
1.72928e-007,0.513054
1.74928e-007,0.4970544
1.76928e-007,0.5337593
1.78928e-007,0.540818
1.80928e-007,0.5203479
1.82928e-007,0.5467002
1.84928e-007,0.5196421
1.86928e-007,0.5292889
1.88928e-007,0.5368181
1.90928e-007,0.526936
1.92928e-007,0.5417591
1.94928e-007,0.5203479
1.96928e-007,0.5210538
1.98928e-007,0.5403474
2.00928e-007,0.5095247
2.02928e-007,0.5212891
2.04928e-007,0.5499942
2.06928e-007,0.5172892
2.08928e-007,0.5248184
2.10928e-007,0.5436414
2.12928e-007,0.5427003
2.14928e-007,0.5271713
2.16928e-007,0.5222302
2.18928e-007,0.5271713
2.20928e-007,0.5342299
2.22928e-007,0.531877
2.24928e-007,0.5170539
2.26928e-007,0.5321123
2.28928e-007,0.5191715
2.30928e-007,0.5462296
2.32928e-007,0.5083482
2.34928e-007,0.5104658
2.36928e-007,0.5135246
2.38928e-007,0.5462296
2.40928e-007,0.5325829
2.42928e-007,0.5212891
2.44928e-007,0.5283477
2.46928e-007,0.5057601
2.48928e-007,0.5271713
2.50928e-007,0.5365828
2.52928e-007,0.5109364
2.54928e-007,0.5255243
2.56928e-007,0.508113
2.58928e-007,0.5365828
2.60928e-007,0.539171
2.62928e-007,0.5368181
2.64928e-007,0.5034072
2.66928e-007,0.5116423
2.68928e-007,0.5121128
2.70928e-007,0.5274066
2.72928e-007,0.5165833
2.74928e-007,0.5255243
2.76928e-007,0.5076424
2.78928e-007,0.5118776
2.80928e-007,0.5339946
2.82928e-007,0.5128187
2.84928e-007,0.5015249
2.86928e-007,0.5071718
2.88928e-007,0.5031719
2.90928e-007,0.5078777
2.92928e-007,0.5182303
2.94928e-007,0.4984661
2.96928e-007,0.5238772
2.98928e-007,0.5034072
3.00928e-007,0.4987014
3.02928e-007,0.4864665
3.04928e-007,0.4885841
3.06928e-007,0.5297594
3.08928e-007,0.4899958
3.10928e-007,0.508113
3.12928e-007,0.5005837
3.14928e-007,0.4939957
3.16928e-007,0.513054
3.18928e-007,0.4859959
3.20928e-007,0.4721139
3.22928e-007,0.5165833
3.24928e-007,0.4904664
3.26928e-007,0.4883488
3.28928e-007,0.4970544
3.30928e-007,0.481996
3.32928e-007,0.4878782
3.34928e-007,0.4669376
3.36928e-007,0.4824666
3.38928e-007,0.4916428
3.40928e-007,0.4883488
3.42928e-007,0.4751726
3.44928e-007,0.5055248
3.46928e-007,0.4636435
3.48928e-007,0.4739962
3.50928e-007,0.4601142
3.52928e-007,0.4718786
3.54928e-007,0.4827019
3.56928e-007,0.4888193
3.58928e-007,0.4834077
3.60928e-007,0.4478792
3.62928e-007,0.4634082
3.64928e-007,0.4704669
3.66928e-007,0.4704669
3.68928e-007,0.4707022
3.70928e-007,0.4709375
3.72928e-007,0.4589378
3.74928e-007,0.4699963
3.76928e-007,0.4410559
3.78928e-007,0.4565849
3.80928e-007,0.4716433
3.82928e-007,0.4598789
3.84928e-007,0.4497615
3.86928e-007,0.4608201
3.88928e-007,0.4356443
3.90928e-007,0.4641141
3.92928e-007,0.4417618
3.94928e-007,0.4495263
3.96928e-007,0.4462322
3.98928e-007,0.4490557
4.00928e-007,0.4554085
4.02928e-007,0.416586
4.04928e-007,0.4549379
4.06928e-007,0.4299974
4.08928e-007,0.4467028
4.10928e-007,0.4417618
4.12928e-007,0.4443499
4.14928e-007,0.449291
4.16928e-007,0.4128213
4.18928e-007,0.4471734
4.20928e-007,0.4389383
4.22928e-007,0.4361149
4.24928e-007,0.4283503
4.26928e-007,0.410939
4.28928e-007,0.4107038
4.30928e-007,0.4041157
4.32928e-007,0.4328208
4.34928e-007,0.4245857
4.36928e-007,0.4175271
4.38928e-007,0.4234093
4.40928e-007,0.4104685
4.42928e-007,0.4262328
4.44928e-007,0.4161154
4.46928e-007,0.426468
4.48928e-007,0.4012922
4.50928e-007,0.4201153
4.52928e-007,0.4071744
4.54928e-007,0.393763
4.56928e-007,0.4102332
4.58928e-007,0.3994099
4.60928e-007,0.3956453
4.62928e-007,0.4137625
4.64928e-007,0.410939
4.66928e-007,0.4024687
4.68928e-007,0.3829398
4.70928e-007,0.39541
4.72928e-007,0.4001158
4.74928e-007,0.3958806
4.76928e-007,0.378234
4.78928e-007,0.3951748
4.80928e-007,0.390469
4.82928e-007,0.3911749
4.84928e-007,0.4012922
4.86928e-007,0.3862338
4.88928e-007,0.3775282
4.90928e-007,0.3845868
4.92928e-007,0.3772929
4.94928e-007,0.3756459
4.96928e-007,0.3991746
4.98928e-007,0.3622344
5.00928e-007,0.3801163
5.02928e-007,0.373293
5.04928e-007,0.3683519
5.06928e-007,0.3659991
5.08928e-007,0.3596463
5.10928e-007,0.3721165
5.12928e-007,0.3582346
5.14928e-007,0.3711754
5.16928e-007,0.3605874
5.18928e-007,0.3690578
5.20928e-007,0.3563522
5.22928e-007,0.3584698
5.24928e-007,0.3728224
5.26928e-007,0.3464702
5.28928e-007,0.347176
5.30928e-007,0.3683519
5.32928e-007,0.3497642
5.34928e-007,0.3509406
5.36928e-007,0.3365881
5.38928e-007,0.3596463
5.40928e-007,0.3467054
5.42928e-007,0.3370586
5.44928e-007,0.3429408
5.46928e-007,0.3483525
5.48928e-007,0.3450584
5.50928e-007,0.3497642
5.52928e-007,0.3290588
5.54928e-007,0.3678814
5.56928e-007,0.3478819
5.58928e-007,0.3358822
5.60928e-007,0.3398821
5.62928e-007,0.3269413
5.64928e-007,0.3288236
5.66928e-007,0.3467054
5.68928e-007,0.3130593
5.70928e-007,0.3172945
5.72928e-007,0.3337646
5.74928e-007,0.3321176
5.76928e-007,0.3236472
5.78928e-007,0.3337646
5.80928e-007,0.3196473
5.82928e-007,0.3302353
5.84928e-007,0.3142357
5.86928e-007,0.3137651
5.88928e-007,0.3175297
5.90928e-007,0.3172945
5.92928e-007,0.3170592
5.94928e-007,0.3076476
5.96928e-007,0.3274118
5.98928e-007,0.2982361
6.00928e-007,0.3243531
6.02928e-007,0.3220002
6.04928e-007,0.2996479
6.06928e-007,0.2984714
6.08928e-007,0.3140004
6.10928e-007,0.3045889
6.12928e-007,0.2951774
6.14928e-007,0.3069418
6.16928e-007,0.3064712
6.18928e-007,0.2954127
6.20928e-007,0.3083535
6.22928e-007,0.3010596
6.24928e-007,0.2977656
6.26928e-007,0.3031772
6.28928e-007,0.2805895
6.30928e-007,0.2925892
6.32928e-007,0.2890599
6.34928e-007,0.2897658
6.36928e-007,0.2843541
6.38928e-007,0.2716486
6.40928e-007,0.2923539
6.42928e-007,0.2810601
6.44928e-007,0.2949421
6.46928e-007,0.2907069
6.48928e-007,0.2798837
6.50928e-007,0.28506
6.52928e-007,0.2798837
6.54928e-007,0.2822366
6.56928e-007,0.2721192
6.58928e-007,0.281766
6.60928e-007,0.2763544
6.62928e-007,0.2692957
6.64928e-007,0.2838836
6.66928e-007,0.2718839
6.68928e-007,0.2723545
6.70928e-007,0.269531
6.72928e-007,0.2829424
6.74928e-007,0.2836483
6.76928e-007,0.2697663
6.78928e-007,0.2874129
6.80928e-007,0.2516491
6.82928e-007,0.28506
6.84928e-007,0.2469434
6.86928e-007,0.2829424
6.88928e-007,0.2610606
6.90928e-007,0.2615312
6.92928e-007,0.2563549
6.94928e-007,0.2652958
6.96928e-007,0.2570607
6.98928e-007,0.2584725
7.00928e-007,0.2387083
7.02928e-007,0.2504727
7.04928e-007,0.2497668
7.06928e-007,0.2570607
7.08928e-007,0.2596489
7.10928e-007,0.2532961
7.12928e-007,0.243414
7.14928e-007,0.2554137
7.16928e-007,0.2438846
7.18928e-007,0.250708
7.20928e-007,0.2387083
7.22928e-007,0.2568255
7.24928e-007,0.2431788
7.26928e-007,0.249061
7.28928e-007,0.2408259
7.30928e-007,0.241767
7.32928e-007,0.2340025
7.34928e-007,0.2410612
7.36928e-007,0.2292968
7.38928e-007,0.2340025
7.40928e-007,0.2361201
7.42928e-007,0.2365907
7.44928e-007,0.2347084
7.46928e-007,0.2328261
7.48928e-007,0.2290615
7.50928e-007,0.2250616
7.52928e-007,0.2361201
7.54928e-007,0.24012
7.56928e-007,0.2347084
7.58928e-007,0.2304732
7.60928e-007,0.2332967
7.62928e-007,0.2321202
7.64928e-007,0.2250616
7.66928e-007,0.2271792
7.68928e-007,0.2236499
7.70928e-007,0.2189441
7.72928e-007,0.2165912
7.74928e-007,0.212356
7.76928e-007,0.2264733
7.78928e-007,0.2267086
7.80928e-007,0.2109443
7.82928e-007,0.2154148
7.84928e-007,0.2168265
7.86928e-007,0.2274145
7.88928e-007,0.2097679
7.90928e-007,0.2022387
7.92928e-007,0.2163559
7.94928e-007,0.2036504
7.96928e-007,0.2154148
7.98928e-007,0.2151795
8.00928e-007,0.2189441
8.02928e-007,0.2031798
8.04928e-007,0.2069444
8.06928e-007,0.2118855
8.08928e-007,0.2085914
8.10928e-007,0.2031798
8.12928e-007,0.2109443
8.14928e-007,0.204121
8.16928e-007,0.2236499
8.18928e-007,0.193533
8.20928e-007,0.2038857
8.22928e-007,0.2114149
8.24928e-007,0.2071797
8.26928e-007,0.1801216
8.28928e-007,0.1987093
8.30928e-007,0.2052974
8.32928e-007,0.1942389
8.34928e-007,0.1963565
8.36928e-007,0.19518
8.38928e-007,0.1942389
8.40928e-007,0.2012975
8.42928e-007,0.2050621
8.44928e-007,0.1805922
8.46928e-007,0.2020034
8.48928e-007,0.1864744
8.50928e-007,0.1916507
8.52928e-007,0.193533
8.54928e-007,0.1984741
8.56928e-007,0.1857685
8.58928e-007,0.193533
8.60928e-007,0.1897684
8.62928e-007,0.1834156
8.64928e-007,0.1862391
8.66928e-007,0.1897684
8.68928e-007,0.1831803
8.70928e-007,0.1907096
8.72928e-007,0.1892978
8.74928e-007,0.1697689
8.76928e-007,0.1961212
8.78928e-007,0.1758864
8.80928e-007,0.176357
8.82928e-007,0.1822392
8.84928e-007,0.1876508
8.86928e-007,0.1820039
8.88928e-007,0.1827098
8.90928e-007,0.1737688
8.92928e-007,0.1725924
8.94928e-007,0.1735335
8.96928e-007,0.1827098
8.98928e-007,0.1768276
9.00928e-007,0.1878861
9.02928e-007,0.1707101
9.04928e-007,0.1671808
9.06928e-007,0.1768276
9.08928e-007,0.1683572
9.10928e-007,0.1822392
9.12928e-007,0.1692984
9.14928e-007,0.1627103
9.16928e-007,0.1761217
9.18928e-007,0.1603574
9.20928e-007,0.1615339
9.22928e-007,0.1728277
9.24928e-007,0.1627103
9.26928e-007,0.1580045
9.28928e-007,0.1838862
9.30928e-007,0.1645926
9.32928e-007,0.159181
9.34928e-007,0.1565928
9.36928e-007,0.1650632
9.38928e-007,0.159181
9.40928e-007,0.1662396
9.42928e-007,0.160828
9.44928e-007,0.1412991
9.46928e-007,0.1580045
9.48928e-007,0.1775334
9.50928e-007,0.1610633
9.52928e-007,0.1528282
9.54928e-007,0.1492989
9.56928e-007,0.1601221
9.58928e-007,0.1570634
9.60928e-007,0.1580045
9.62928e-007,0.1615339
9.64928e-007,0.1528282
9.66928e-007,0.1561222
9.68928e-007,0.1605927
9.70928e-007,0.159181
9.72928e-007,0.1544752
9.74928e-007,0.1424755
9.76928e-007,0.1509459
9.78928e-007,0.1511812
9.80928e-007,0.1478872
9.82928e-007,0.1523576
9.84928e-007,0.1561222
9.86928e-007,0.1396521
9.88928e-007,0.1707101
9.90928e-007,0.1431814
9.92928e-007,0.1412991
9.94928e-007,0.1476519
9.96928e-007,0.1460048
9.98928e-007,0.1523576
1.000928e-006,0.1443578
1.002928e-006,0.1401227
1.004928e-006,0.1457696
1.006928e-006,0.1495342
1.008928e-006,0.1457696
1.010928e-006,0.1349463
1.012928e-006,0.148593
1.014928e-006,0.1288288
1.016928e-006,0.134711
1.018928e-006,0.142005
1.020928e-006,0.1384756
1.022928e-006,0.1434167
1.024928e-006,0.1403579
1.026928e-006,0.134711
1.028928e-006,0.1368286
1.030928e-006,0.1365933
1.032928e-006,0.136358
1.034928e-006,0.1311817
1.036928e-006,0.1424755
1.038928e-006,0.1372992
1.040928e-006,0.1427108
1.042928e-006,0.1455343
1.044928e-006,0.1224761
1.046928e-006,0.1365933
1.048928e-006,0.1427108
1.050928e-006,0.1285935
1.052928e-006,0.12977
1.054928e-006,0.1358875
1.056928e-006,0.1321229
1.058928e-006,0.1309464
1.060928e-006,0.1231819
1.062928e-006,0.1309464
1.064928e-006,0.1370639
1.066928e-006,0.1229466
1.068928e-006,0.1220055
1.070928e-006,0.1267112
1.072928e-006,0.1300053
1.074928e-006,0.1238878
1.076928e-006,0.1255348
1.078928e-006,0.1342405
1.080928e-006,0.1250642
1.082928e-006,0.1274171
1.084928e-006,0.1335346
1.086928e-006,0.1156527
1.088928e-006,0.1234172
1.090928e-006,0.133064
1.092928e-006,0.1095352
1.094928e-006,0.1222408
1.096928e-006,0.1189467
1.098928e-006,0.1161233
1.100928e-006,0.1245936
1.102928e-006,0.1238878
1.104928e-006,0.1172997
1.106928e-006,0.1203585
1.108928e-006,0.1147116
1.110928e-006,0.1201232
1.112928e-006,0.115888
1.114928e-006,0.1053
1.116928e-006,0.12977
1.118928e-006,0.1260054
1.120928e-006,0.1220055
1.122928e-006,0.1224761
1.124928e-006,0.1194173
1.126928e-006,0.1128293
1.128928e-006,0.1151821
1.130928e-006,0.1168291
1.132928e-006,0.1144763
1.134928e-006,0.1161233
1.136928e-006,0.120829
1.138928e-006,0.1095352
1.140928e-006,0.1250642
1.142928e-006,0.1130645
1.144928e-006,0.1008296
1.146928e-006,0.1067118
1.148928e-006,0.1123587
1.150928e-006,0.1250642
1.152928e-006,0.1097705
1.154928e-006,0.112594
1.156928e-006,0.1203585
1.158928e-006,0.1144763
1.160928e-006,0.1071823
1.162928e-006,0.1015354
1.164928e-006,0.119182
1.166928e-006,0.1038883
1.168928e-006,0.1024766
1.170928e-006,0.1130645
1.172928e-006,0.1088294
1.174928e-006,0.1010649
1.176928e-006,0.0982414
1.178928e-006,0.1017707
1.180928e-006,0.1123587
1.182928e-006,0.1055353
1.184928e-006,0.1060059
1.186928e-006,0.1147116
1.188928e-006,0.102006
1.190928e-006,0.1107117
1.192928e-006,0.09753554
1.194928e-006,0.114241
1.196928e-006,0.1088294
1.198928e-006,0.0923592
1.200928e-006,0.1053
1.202928e-006,0.1165939
1.204928e-006,0.1022413
1.206928e-006,0.09965313
1.208928e-006,0.09518266
1.210928e-006,0.1074176
1.212928e-006,0.1050648
1.214928e-006,0.0982414
1.216928e-006,0.1045942
1.218928e-006,0.1031824
1.220928e-006,0.1076529
1.222928e-006,0.09588852
1.224928e-006,0.1010649
1.226928e-006,0.09588852
1.228928e-006,0.09871198
1.230928e-006,0.09965313
1.232928e-006,0.09894727
1.234928e-006,0.09706496
1.236928e-006,0.1017707
1.238928e-006,0.09706496
1.240928e-006,0.1069471
1.242928e-006,0.09330036
1.244928e-006,0.08553585
1.246928e-006,0.1001237
1.248928e-006,0.1008296
1.250928e-006,0.09565323
1.252928e-006,0.09730025
1.254928e-006,0.09800611
1.256928e-006,0.1010649
1.258928e-006,0.08718287
1.260928e-006,0.09471208
1.262928e-006,0.09353564
1.264928e-006,0.09024161
1.266928e-006,0.09377093
1.268928e-006,0.09706496
1.270928e-006,0.1015354
1.272928e-006,0.09424151
1.274928e-006,0.09518266
1.276928e-006,0.09353564
1.278928e-006,0.09094748
1.280928e-006,0.1024766
1.282928e-006,0.08718287
1.284928e-006,0.09000632
1.286928e-006,0.08694758
1.288928e-006,0.09400622
1.290928e-006,0.09024161
1.292928e-006,0.08577114
1.294928e-006,0.09212392
1.296928e-006,0.09141805
1.298928e-006,0.08977104
1.300928e-006,0.08882988
1.302928e-006,0.08718287
1.304928e-006,0.08435941
1.306928e-006,0.08671229
1.308928e-006,0.07306559
1.310928e-006,0.09118276
1.312928e-006,0.09071219
1.314928e-006,0.0923592
1.316928e-006,0.08177125
1.318928e-006,0.07965366
1.320928e-006,0.08882988
1.322928e-006,0.0827124
1.324928e-006,0.0768302
1.326928e-006,0.08153596
1.328928e-006,0.08130067
1.330928e-006,0.09471208
1.332928e-006,0.07941837
1.334928e-006,0.08553585
1.336928e-006,0.0885946
1.338928e-006,0.08835931
1.340928e-006,0.07824193
1.342928e-006,0.08953575
1.344928e-006,0.08577114
1.346928e-006,0.07777135
1.348928e-006,0.08318297
1.350928e-006,0.07965366
1.352928e-006,0.09165334
1.354928e-006,0.08600643
1.356928e-006,0.07753606
1.358928e-006,0.08035952
1.360928e-006,0.08835931
1.362928e-006,0.08130067
1.364928e-006,0.08177125
1.366928e-006,0.08435941
1.368928e-006,0.0768302
1.370928e-006,0.08200654
1.372928e-006,0.08388884
1.374928e-006,0.08106538
1.376928e-006,0.08530057
1.378928e-006,0.0749479
1.380928e-006,0.09024161
1.382928e-006,0.07753606
1.384928e-006,0.07894779
1.386928e-006,0.0749479
1.388928e-006,0.0749479
1.390928e-006,0.08341826
1.392928e-006,0.07941837
1.394928e-006,0.07212444
1.396928e-006,0.07400675
1.398928e-006,0.06859512
1.400928e-006,0.08012423
1.402928e-006,0.07706549
1.404928e-006,0.0749479
1.406928e-006,0.07471261
1.408928e-006,0.07824193
1.410928e-006,0.07518319
1.412928e-006,0.07612434
1.414928e-006,0.07377146
1.416928e-006,0.07283031
1.418928e-006,0.07847722
1.420928e-006,0.07541847
1.422928e-006,0.07847722
1.424928e-006,0.06530109
1.426928e-006,0.07777135
1.428928e-006,0.08388884
1.430928e-006,0.07165387
1.432928e-006,0.07259502
1.434928e-006,0.08106538
1.436928e-006,0.07235973
1.438928e-006,0.07330088
1.440928e-006,0.06788926
1.442928e-006,0.07212444
1.444928e-006,0.07024214
1.446928e-006,0.07306559
1.448928e-006,0.07541847
1.450928e-006,0.07141858
1.452928e-006,0.06530109
1.454928e-006,0.070948
1.456928e-006,0.08012423
1.458928e-006,0.06977156
1.460928e-006,0.06600696
1.462928e-006,0.06647753
1.464928e-006,0.07000685
1.466928e-006,0.06459523
1.468928e-006,0.07188915
1.470928e-006,0.07118329
1.472928e-006,0.06459523
1.474928e-006,0.07165387
1.476928e-006,0.07283031
1.478928e-006,0.0749479
1.480928e-006,0.06506581
1.482928e-006,0.07447732
1.484928e-006,0.07471261
1.486928e-006,0.07188915
1.488928e-006,0.06741868
1.490928e-006,0.06741868
1.492928e-006,0.07071272
1.494928e-006,0.07377146
1.496928e-006,0.06365408
1.498928e-006,0.06859512
1.500928e-006,0.06883041
1.502928e-006,0.07306559
1.504928e-006,0.06671282
1.506928e-006,0.06412465
1.508928e-006,0.06953628
1.510928e-006,0.05918361
1.512928e-006,0.07000685
1.514928e-006,0.06835984
1.516928e-006,0.05753659
1.518928e-006,0.070948
1.520928e-006,0.0671834
1.522928e-006,0.06694811
1.524928e-006,0.06200706
1.526928e-006,0.06294821
1.528928e-006,0.0594189
1.530928e-006,0.0690657
1.532928e-006,0.05965418
1.534928e-006,0.07024214
1.536928e-006,0.06365408
1.538928e-006,0.06577167
1.540928e-006,0.06224235
1.542928e-006,0.0690657
1.544928e-006,0.06153649
1.546928e-006,0.07188915
1.548928e-006,0.05824246
1.550928e-006,0.0613012
1.552928e-006,0.06247764
1.554928e-006,0.06577167
1.556928e-006,0.06483052
1.558928e-006,0.05612486
1.560928e-006,0.06294821
1.562928e-006,0.06530109
1.564928e-006,0.06506581
1.566928e-006,0.06012476
1.568928e-006,0.07024214
1.570928e-006,0.05706602
1.572928e-006,0.05988947
1.574928e-006,0.05777188
1.576928e-006,0.05871303
1.578928e-006,0.06341879
1.580928e-006,0.06153649
1.582928e-006,0.06506581
1.584928e-006,0.05894832
1.586928e-006,0.05024267
1.588928e-006,0.05871303
1.590928e-006,0.0573013
1.592928e-006,0.06506581
1.594928e-006,0.05847774
1.596928e-006,0.05706602
1.598928e-006,0.05988947
1.600928e-006,0.06012476
1.602928e-006,0.06483052
1.604928e-006,0.06153649
1.606928e-006,0.06106591
1.608928e-006,0.05871303
1.610928e-006,0.05918361
1.612928e-006,0.06036005
1.614928e-006,0.04883094
1.616928e-006,0.05871303
1.618928e-006,0.05800717
1.620928e-006,0.06059533
1.622928e-006,0.05847774
1.624928e-006,0.05824246
1.626928e-006,0.05024267
1.628928e-006,0.06036005
1.630928e-006,0.05283083
1.632928e-006,0.05847774
1.634928e-006,0.06177177
1.636928e-006,0.06271293
1.638928e-006,0.05283083
1.640928e-006,0.05447785
1.642928e-006,0.06200706
1.644928e-006,0.05471314
1.646928e-006,0.055419
1.648928e-006,0.05588958
1.650928e-006,0.05118382
1.652928e-006,0.06036005
1.654928e-006,0.05306612
1.656928e-006,0.06177177
1.658928e-006,0.04930151
1.660928e-006,0.06247764
1.662928e-006,0.05094853
1.664928e-006,0.05306612
1.666928e-006,0.05047795
1.668928e-006,0.05424256
1.670928e-006,0.04906623
1.672928e-006,0.05565429
1.674928e-006,0.05847774
1.676928e-006,0.05330141
1.678928e-006,0.05424256
1.680928e-006,0.06247764
1.682928e-006,0.05847774
1.684928e-006,0.04836036
1.686928e-006,0.04788979
1.688928e-006,0.05330141
1.690928e-006,0.05518371
1.692928e-006,0.04718392
1.694928e-006,0.05400727
1.696928e-006,0.05047795
1.698928e-006,0.0535367
1.700928e-006,0.05471314
1.702928e-006,0.05024267
1.704928e-006,0.05188968
1.706928e-006,0.055419
1.708928e-006,0.04977209
1.710928e-006,0.05118382
1.712928e-006,0.05118382
1.714928e-006,0.055419
1.716928e-006,0.05612486
1.718928e-006,0.04553691
1.720928e-006,0.04906623
1.722928e-006,0.05918361
1.724928e-006,0.05047795
1.726928e-006,0.04930151
1.728928e-006,0.04859565
1.730928e-006,0.05236026
1.732928e-006,0.04883094
1.734928e-006,0.04883094
1.736928e-006,0.05471314
1.738928e-006,0.05188968
1.740928e-006,0.0436546
1.742928e-006,0.0535367
1.744928e-006,0.05636015
1.746928e-006,0.04694864
1.748928e-006,0.05188968
1.750928e-006,0.05871303
1.752928e-006,0.04883094
1.754928e-006,0.04388989
1.756928e-006,0.05424256
1.758928e-006,0.05212497
1.760928e-006,0.05165439
1.762928e-006,0.04600748
1.764928e-006,0.0535367
1.766928e-006,0.04671335
1.768928e-006,0.05047795
1.770928e-006,0.04600748
1.772928e-006,0.04836036
1.774928e-006,0.0535367
1.776928e-006,0.05212497
1.778928e-006,0.04647806
1.780928e-006,0.05118382
1.782928e-006,0.05236026
1.784928e-006,0.05188968
1.786928e-006,0.04059586
1.788928e-006,0.05024267
1.790928e-006,0.04694864
1.792928e-006,0.0476545
1.794928e-006,0.05188968
1.796928e-006,0.04459576
1.798928e-006,0.05824246
1.800928e-006,0.04600748
1.802928e-006,0.04694864
1.804928e-006,0.04741921
1.806928e-006,0.0535367
1.808928e-006,0.04388989
1.810928e-006,0.04647806
1.812928e-006,0.04906623
1.814928e-006,0.0495368
1.816928e-006,0.04036057
1.818928e-006,0.0535367
1.820928e-006,0.04624277
1.822928e-006,0.04388989
1.824928e-006,0.04906623
1.826928e-006,0.05000738
1.828928e-006,0.04530162
1.830928e-006,0.04247817
1.832928e-006,0.04247817
1.834928e-006,0.04271345
1.836928e-006,0.05141911
1.838928e-006,0.04224288
1.840928e-006,0.04483104
1.842928e-006,0.05706602
1.844928e-006,0.04388989
1.846928e-006,0.04977209
1.848928e-006,0.04200759
1.850928e-006,0.0417723
1.852928e-006,0.04436047
1.854928e-006,0.04718392
1.856928e-006,0.0436546
1.858928e-006,0.04271345
1.860928e-006,0.04506633
1.862928e-006,0.05000738
1.864928e-006,0.04388989
1.866928e-006,0.03683126
1.868928e-006,0.04647806
1.870928e-006,0.05212497
1.872928e-006,0.03753712
1.874928e-006,0.04153701
1.876928e-006,0.05306612
1.878928e-006,0.04294874
1.880928e-006,0.04459576
1.882928e-006,0.04294874
1.884928e-006,0.0436546
1.886928e-006,0.05047795
1.888928e-006,0.04224288
1.890928e-006,0.04483104
1.892928e-006,0.03941942
1.894928e-006,0.04130173
1.896928e-006,0.04247817
1.898928e-006,0.04412518
1.900928e-006,0.05565429
1.902928e-006,0.04083115
1.904928e-006,0.0417723
1.906928e-006,0.04647806
1.908928e-006,0.04012529
1.910928e-006,0.0436546
1.912928e-006,0.04106644
1.914928e-006,0.04412518
1.916928e-006,0.03518424
1.918928e-006,0.04059586
1.920928e-006,0.04106644
1.922928e-006,0.04247817
1.924928e-006,0.05047795
1.926928e-006,0.04036057
1.928928e-006,0.04647806
1.930928e-006,0.03800769
1.932928e-006,0.04130173
1.934928e-006,0.03871356
1.936928e-006,0.04483104
1.938928e-006,0.03965471
1.940928e-006,0.04106644
1.942928e-006,0.0417723
1.944928e-006,0.04859565
1.946928e-006,0.03871356
1.948928e-006,0.03800769
1.950928e-006,0.03918413
1.952928e-006,0.03894885
1.954928e-006,0.0417723
1.956928e-006,0.04012529
1.958928e-006,0.04459576
1.960928e-006,0.03824298
1.962928e-006,0.04553691
1.964928e-006,0.04083115
1.966928e-006,0.04059586
1.968928e-006,0.04153701
1.970928e-006,0.03612539
1.972928e-006,0.04600748
1.974928e-006,0.03353722
1.976928e-006,0.04012529
1.978928e-006,0.04106644
1.980928e-006,0.04059586
1.982928e-006,0.03777241
1.984928e-006,0.03918413
1.986928e-006,0.04341932
1.988928e-006,0.04106644
1.990928e-006,0.04130173
1.992928e-006,0.03306665
1.994928e-006,0.03824298
1.996928e-006,0.03659597
1.998928e-006,0.03659597
2.000928e-006,0.03941942
2.002928e-006,0.04059586
2.004928e-006,0.04647806
2.006928e-006,0.03636068
2.008928e-006,0.03494895
2.010928e-006,0.03636068
2.012928e-006,0.04294874
2.014928e-006,0.03753712
2.016928e-006,0.04341932
2.018928e-006,0.03189021
2.020928e-006,0.03894885
2.022928e-006,0.03518424
2.024928e-006,0.03730183
2.026928e-006,0.04294874
2.028928e-006,0.03706654
2.030928e-006,0.04247817
2.032928e-006,0.03518424
2.034928e-006,0.03047848
2.036928e-006,0.0436546
2.038928e-006,0.03730183
2.040928e-006,0.03894885
2.042928e-006,0.03847827
2.044928e-006,0.03236078
2.046928e-006,0.03753712
2.048928e-006,0.0417723
2.050928e-006,0.03236078
2.052928e-006,0.04036057
2.054928e-006,0.03918413
2.056928e-006,0.03894885
2.058928e-006,0.04224288
2.060928e-006,0.03659597
2.062928e-006,0.03612539
2.064928e-006,0.04294874
2.066928e-006,0.03706654
2.068928e-006,0.03730183
2.070928e-006,0.04106644
2.072928e-006,0.02977262
2.074928e-006,0.03777241
2.076928e-006,0.03683126
2.078928e-006,0.03283136
2.080928e-006,0.0340078
2.082928e-006,0.03965471
2.084928e-006,0.03353722
2.086928e-006,0.0340078
2.088928e-006,0.03424309
2.090928e-006,0.04083115
2.092928e-006,0.02883147
2.094928e-006,0.03706654
2.096928e-006,0.03941942
2.098928e-006,0.0340078
2.100928e-006,0.03541953
2.102928e-006,0.03283136
2.104928e-006,0.03753712
2.106928e-006,0.03636068
2.108928e-006,0.03730183
2.110928e-006,0.03965471
2.112928e-006,0.03071377
2.114928e-006,0.03753712
2.116928e-006,0.03824298
2.118928e-006,0.03941942
2.120928e-006,0.03518424
2.122928e-006,0.03494895
2.124928e-006,0.03165492
2.126928e-006,0.02836089
2.128928e-006,0.03941942
2.130928e-006,0.03518424
2.132928e-006,0.03024319
2.134928e-006,0.03847827
2.136928e-006,0.03636068
2.138928e-006,0.03424309
2.140928e-006,0.03894885
2.142928e-006,0.04106644
2.144928e-006,0.04341932
2.146928e-006,0.02953733
2.148928e-006,0.03894885
2.150928e-006,0.03753712
2.152928e-006,0.03541953
2.154928e-006,0.03777241
2.156928e-006,0.0340078
2.158928e-006,0.03730183
2.160928e-006,0.03283136
2.162928e-006,0.03447838
2.164928e-006,0.03236078
2.166928e-006,0.0321255
2.168928e-006,0.04153701
2.170928e-006,0.03236078
2.172928e-006,0.03541953
2.174928e-006,0.03141963
2.176928e-006,0.02859618
2.178928e-006,0.03824298
2.180928e-006,0.03683126
2.182928e-006,0.03259607
2.184928e-006,0.03165492
2.186928e-006,0.04271345
2.188928e-006,0.03330194
2.190928e-006,0.03259607
2.192928e-006,0.03541953
2.194928e-006,0.02765503
2.196928e-006,0.0358901
2.198928e-006,0.02883147
2.200928e-006,0.03236078
2.202928e-006,0.02953733
2.204928e-006,0.02789031
2.206928e-006,0.03706654
2.208928e-006,0.03636068
2.210928e-006,0.0321255
2.212928e-006,0.03494895
2.214928e-006,0.03000791
2.216928e-006,0.03259607
2.218928e-006,0.03494895
2.220928e-006,0.04059586
2.222928e-006,0.03141963
2.224928e-006,0.02859618
2.226928e-006,0.03965471
2.228928e-006,0.02883147
2.230928e-006,0.03283136
2.232928e-006,0.03024319
2.234928e-006,0.03189021
2.236928e-006,0.03306665
2.238928e-006,0.03165492
2.240928e-006,0.03447838
2.242928e-006,0.03306665
2.244928e-006,0.03541953
2.246928e-006,0.03141963
2.248928e-006,0.03236078
2.250928e-006,0.03471366
2.252928e-006,0.02977262
2.254928e-006,0.03965471
2.256928e-006,0.02930204
2.258928e-006,0.03165492
2.260928e-006,0.02953733
2.262928e-006,0.02859618
2.264928e-006,0.03306665
2.266928e-006,0.03894885
2.268928e-006,0.03000791
2.270928e-006,0.03353722
2.272928e-006,0.03706654
2.274928e-006,0.02647859
2.276928e-006,0.03471366
2.278928e-006,0.02553744
2.280928e-006,0.0321255
2.282928e-006,0.02859618
2.284928e-006,0.03659597
2.286928e-006,0.03612539
2.288928e-006,0.0358901
2.290928e-006,0.03306665
2.292928e-006,0.02883147
2.294928e-006,0.024361
2.296928e-006,0.04083115
2.298928e-006,0.02930204
2.300928e-006,0.03236078
2.302928e-006,0.03283136
2.304928e-006,0.03824298
2.306928e-006,0.03094906
2.308928e-006,0.03306665
2.310928e-006,0.03047848
2.312928e-006,0.03000791
2.314928e-006,0.02953733
2.316928e-006,0.03259607
2.318928e-006,0.03118435
2.320928e-006,0.02647859
2.322928e-006,0.03447838
2.324928e-006,0.03165492
2.326928e-006,0.03141963
2.328928e-006,0.03071377
2.330928e-006,0.0321255
2.332928e-006,0.02412571
2.334928e-006,0.03706654
2.336928e-006,0.0321255
2.338928e-006,0.02577272
2.340928e-006,0.03353722
2.342928e-006,0.02671387
2.344928e-006,0.0321255
2.346928e-006,0.03424309
2.348928e-006,0.02953733
2.350928e-006,0.03000791
2.352928e-006,0.03000791
2.354928e-006,0.02883147
2.356928e-006,0.02765503
2.358928e-006,0.02859618
2.360928e-006,0.03047848
2.362928e-006,0.02671387
2.364928e-006,0.03189021
2.366928e-006,0.03236078
2.368928e-006,0.02718445
2.370928e-006,0.02906675
2.372928e-006,0.03165492
2.374928e-006,0.02883147
2.376928e-006,0.03118435
2.378928e-006,0.02459628
2.380928e-006,0.0281256
2.382928e-006,0.03189021
2.384928e-006,0.03306665
2.386928e-006,0.02671387
2.388928e-006,0.03071377
2.390928e-006,0.03189021
2.392928e-006,0.02977262
2.394928e-006,0.02718445
2.396928e-006,0.02930204
2.398928e-006,0.0358901
2.400928e-006,0.02553744
2.402928e-006,0.03353722
2.404928e-006,0.02977262
2.406928e-006,0.03259607
2.408928e-006,0.03236078
2.410928e-006,0.02977262
2.412928e-006,0.03141963
2.414928e-006,0.03259607
2.416928e-006,0.0321255
2.418928e-006,0.02530215
2.420928e-006,0.02789031
2.422928e-006,0.02836089
2.424928e-006,0.02530215
2.426928e-006,0.02741974
2.428928e-006,0.02506686
2.430928e-006,0.02859618
2.432928e-006,0.02953733
2.434928e-006,0.03259607
2.436928e-006,0.02647859
2.438928e-006,0.03471366
2.440928e-006,0.02718445
2.442928e-006,0.03424309
2.444928e-006,0.02483157
2.446928e-006,0.0262433
2.448928e-006,0.03424309
2.450928e-006,0.02694916
2.452928e-006,0.02859618
2.454928e-006,0.02647859
2.456928e-006,0.02953733
2.458928e-006,0.03471366
2.460928e-006,0.02836089
2.462928e-006,0.03306665
2.464928e-006,0.03118435
2.466928e-006,0.02341984
2.468928e-006,0.02883147
2.470928e-006,0.0262433
2.472928e-006,0.03047848
2.474928e-006,0.02506686
2.476928e-006,0.02412571
2.478928e-006,0.02883147
2.480928e-006,0.02412571
2.482928e-006,0.02530215
2.484928e-006,0.02741974
2.486928e-006,0.02953733
2.488928e-006,0.02883147
2.490928e-006,0.02647859
2.492928e-006,0.02741974
2.494928e-006,0.03612539
2.496928e-006,0.01753765
2.498928e-006,0.03165492
2.500928e-006,0.03000791
2.502928e-006,0.02883147
2.504928e-006,0.0262433
2.506928e-006,0.02506686
2.508928e-006,0.02694916
2.510928e-006,0.03283136
2.512928e-006,0.02953733
2.514928e-006,0.02765503
2.516928e-006,0.02577272
2.518928e-006,0.03047848
2.520928e-006,0.024361
2.522928e-006,0.02765503
2.524928e-006,0.03165492
2.526928e-006,0.02483157
2.528928e-006,0.02318456
2.530928e-006,0.03094906
2.532928e-006,0.03024319
2.534928e-006,0.03236078
2.536928e-006,0.02647859
2.538928e-006,0.0203611
2.540928e-006,0.02765503
2.542928e-006,0.02859618
2.544928e-006,0.02930204
2.546928e-006,0.02412571
2.548928e-006,0.0262433
2.550928e-006,0.02765503
2.552928e-006,0.0262433
2.554928e-006,0.03047848
2.556928e-006,0.02389042
2.558928e-006,0.02741974
2.560928e-006,0.02318456
2.562928e-006,0.02294927
2.564928e-006,0.02859618
2.566928e-006,0.02153754
2.568928e-006,0.02859618
2.570928e-006,0.02953733
2.572928e-006,0.02718445
2.574928e-006,0.02130225
2.576928e-006,0.03094906
2.578928e-006,0.0262433
2.580928e-006,0.02365513
2.582928e-006,0.02530215
2.584928e-006,0.03118435
2.586928e-006,0.02694916
2.588928e-006,0.02389042
2.590928e-006,0.02883147
2.592928e-006,0.02459628
2.594928e-006,0.02553744
2.596928e-006,0.02836089
2.598928e-006,0.03047848
2.600928e-006,0.02883147
2.602928e-006,0.02153754
2.604928e-006,0.02365513
2.606928e-006,0.02247869
2.608928e-006,0.02294927
2.610928e-006,0.02577272
2.612928e-006,0.02836089
2.614928e-006,0.02483157
2.616928e-006,0.024361
2.618928e-006,0.0203611
2.620928e-006,0.02483157
2.622928e-006,0.02365513
2.624928e-006,0.02600801
2.626928e-006,0.02953733
2.628928e-006,0.02741974
2.630928e-006,0.03000791
2.632928e-006,0.02459628
2.634928e-006,0.03118435
2.636928e-006,0.02412571
2.638928e-006,0.02294927
2.640928e-006,0.02647859
2.642928e-006,0.02977262
2.644928e-006,0.02577272
2.646928e-006,0.02200812
2.648928e-006,0.02318456
2.650928e-006,0.02906675
2.652928e-006,0.0222434
2.654928e-006,0.02600801
2.656928e-006,0.02341984
2.658928e-006,0.02647859
2.660928e-006,0.0203611
2.662928e-006,0.02506686
2.664928e-006,0.02365513
2.666928e-006,0.02271398
2.668928e-006,0.02365513
2.670928e-006,0.02483157
2.672928e-006,0.02741974
2.674928e-006,0.01683178
2.676928e-006,0.02483157
2.678928e-006,0.02741974
2.680928e-006,0.02341984
2.682928e-006,0.02365513
2.684928e-006,0.02106696
2.686928e-006,0.03353722
2.688928e-006,0.02906675
2.690928e-006,0.02247869
2.692928e-006,0.02671387
2.694928e-006,0.02318456
2.696928e-006,0.0222434
2.698928e-006,0.02294927
2.700928e-006,0.03118435
2.702928e-006,0.02318456
2.704928e-006,0.02530215
2.706928e-006,0.02483157
2.708928e-006,0.02577272
2.710928e-006,0.02577272
2.712928e-006,0.02553744
2.714928e-006,0.02341984
2.716928e-006,0.02389042
2.718928e-006,0.02836089
2.720928e-006,0.03024319
2.722928e-006,0.02200812
2.724928e-006,0.02883147
2.726928e-006,0.02530215
2.728928e-006,0.02318456
2.730928e-006,0.02294927
2.732928e-006,0.02130225
2.734928e-006,0.02694916
2.736928e-006,0.02106696
2.738928e-006,0.02483157
2.740928e-006,0.0262433
2.742928e-006,0.02365513
2.744928e-006,0.02553744
2.746928e-006,0.02906675
2.748928e-006,0.02012581
2.750928e-006,0.02977262
2.752928e-006,0.02294927
2.754928e-006,0.02271398
2.756928e-006,0.02718445
2.758928e-006,0.01518477
2.760928e-006,0.02294927
2.762928e-006,0.02506686
2.764928e-006,0.02530215
2.766928e-006,0.02506686
2.768928e-006,0.02577272
2.770928e-006,0.02365513
2.772928e-006,0.02318456
2.774928e-006,0.02459628
2.776928e-006,0.02130225
2.778928e-006,0.02647859
2.780928e-006,0.03236078
2.782928e-006,0.01730236
2.784928e-006,0.02836089
2.786928e-006,0.02318456
2.788928e-006,0.02412571
2.790928e-006,0.0184788
2.792928e-006,0.02106696
2.794928e-006,0.02647859
2.796928e-006,0.02553744
2.798928e-006,0.02506686
2.800928e-006,0.02083168
2.802928e-006,0.0222434
2.804928e-006,0.03141963
2.806928e-006,0.02106696
2.808928e-006,0.02200812
2.810928e-006,0.02365513
2.812928e-006,0.02389042
2.814928e-006,0.02365513
2.816928e-006,0.02459628
2.818928e-006,0.02389042
2.820928e-006,0.02059639
2.822928e-006,0.02247869
2.824928e-006,0.02106696
2.826928e-006,0.02271398
2.828928e-006,0.02318456
2.830928e-006,0.0262433
2.832928e-006,0.01306718
2.834928e-006,0.0262433
2.836928e-006,0.02412571
2.838928e-006,0.02341984
2.840928e-006,0.01965524
2.842928e-006,0.02130225
2.844928e-006,0.0222434
2.846928e-006,0.0203611
2.848928e-006,0.02106696
2.850928e-006,0.02483157
2.852928e-006,0.02883147
2.854928e-006,0.02012581
2.856928e-006,0.02177283
2.858928e-006,0.02294927
2.860928e-006,0.02506686
2.862928e-006,0.02271398
2.864928e-006,0.02718445
2.866928e-006,0.02247869
2.868928e-006,0.01989053
2.870928e-006,0.02577272
2.872928e-006,0.02412571
2.874928e-006,0.02506686
2.876928e-006,0.02389042
2.878928e-006,0.01730236
2.880928e-006,0.02718445
2.882928e-006,0.02083168
2.884928e-006,0.02365513
2.886928e-006,0.02647859
2.888928e-006,0.02294927
2.890928e-006,0.01918466
2.892928e-006,0.0222434
2.894928e-006,0.01965524
2.896928e-006,0.02741974
2.898928e-006,0.02177283
2.900928e-006,0.024361
2.902928e-006,0.01989053
2.904928e-006,0.02318456
2.906928e-006,0.02530215
2.908928e-006,0.03000791
2.910928e-006,0.02271398
2.912928e-006,0.02059639
2.914928e-006,0.02271398
2.916928e-006,0.02318456
2.918928e-006,0.02389042
2.920928e-006,0.02318456
2.922928e-006,0.02483157
2.924928e-006,0.01918466
2.926928e-006,0.02365513
2.928928e-006,0.01824351
2.930928e-006,0.02318456
2.932928e-006,0.02200812
2.934928e-006,0.01730236
2.936928e-006,0.02294927
2.938928e-006,0.02459628
2.940928e-006,0.01965524
2.942928e-006,0.024361
2.944928e-006,0.01824351
2.946928e-006,0.02271398
2.948928e-006,0.02506686
2.950928e-006,0.02389042
2.952928e-006,0.02789031
2.954928e-006,0.02459628
2.956928e-006,0.02647859
2.958928e-006,0.02294927
2.960928e-006,0.0203611
2.962928e-006,0.02130225
2.964928e-006,0.01989053
2.966928e-006,0.02153754
2.968928e-006,0.02106696
2.970928e-006,0.0203611
2.972928e-006,0.02012581
2.974928e-006,0.01918466
2.976928e-006,0.02083168
2.978928e-006,0.02694916
2.980928e-006,0.02341984
2.982928e-006,0.02553744
2.984928e-006,0.01753765
2.986928e-006,0.02200812
2.988928e-006,0.02530215
2.990928e-006,0.02530215
2.992928e-006,0.01777293
2.994928e-006,0.01659649
2.996928e-006,0.02647859
2.998928e-006,0.01777293
3.000928e-006,0.02530215
3.002928e-006,0.02741974
3.004928e-006,0.01894937
3.006928e-006,0.02365513
3.008928e-006,0.01800822
3.010928e-006,0.024361
3.012928e-006,0.01730236
3.014928e-006,0.0222434
3.016928e-006,0.01565534
3.018928e-006,0.02106696
3.020928e-006,0.02106696
3.022928e-006,0.02389042
3.024928e-006,0.01824351
3.026928e-006,0.01941995
3.028928e-006,0.02553744
3.030928e-006,0.01965524
3.032928e-006,0.01800822
3.034928e-006,0.01706707
3.036928e-006,0.01683178
3.038928e-006,0.024361
3.040928e-006,0.02412571
3.042928e-006,0.01683178
3.044928e-006,0.01659649
3.046928e-006,0.02389042
3.048928e-006,0.02341984
3.050928e-006,0.02412571
3.052928e-006,0.01824351
3.054928e-006,0.0222434
3.056928e-006,0.02083168
3.058928e-006,0.02177283
3.060928e-006,0.02577272
3.062928e-006,0.01871409
3.064928e-006,0.02389042
3.066928e-006,0.01989053
3.068928e-006,0.02130225
3.070928e-006,0.02059639
3.072928e-006,0.01777293
3.074928e-006,0.02553744
3.076928e-006,0.0184788
3.078928e-006,0.02247869
3.080928e-006,0.02247869
3.082928e-006,0.0203611
3.084928e-006,0.02577272
3.086928e-006,0.02341984
3.088928e-006,0.01471419
3.090928e-006,0.02247869
3.092928e-006,0.02341984
3.094928e-006,0.02271398
3.096928e-006,0.01612592
3.098928e-006,0.02859618
3.100928e-006,0.01800822
3.102928e-006,0.01565534
3.104928e-006,0.02506686
3.106928e-006,0.02271398
3.108928e-006,0.01824351
3.110928e-006,0.02012581
3.112928e-006,0.02412571
3.114928e-006,0.02059639
3.116928e-006,0.02177283
3.118928e-006,0.01941995
3.120928e-006,0.01824351
3.122928e-006,0.02247869
3.124928e-006,0.02318456
3.126928e-006,0.01612592
3.128928e-006,0.01918466
3.130928e-006,0.02106696
3.132928e-006,0.02083168
3.134928e-006,0.01894937
3.136928e-006,0.01941995
3.138928e-006,0.02153754
3.140928e-006,0.02365513
3.142928e-006,0.01918466
3.144928e-006,0.01941995
3.146928e-006,0.02718445
3.148928e-006,0.01565534
3.150928e-006,0.02012581
3.152928e-006,0.01918466
3.154928e-006,0.0184788
3.156928e-006,0.02553744
3.158928e-006,0.01494948
3.160928e-006,0.01941995
3.162928e-006,0.02106696
3.164928e-006,0.02318456
3.166928e-006,0.01894937
3.168928e-006,0.01753765
3.170928e-006,0.02083168
3.172928e-006,0.02341984
3.174928e-006,0.01730236
3.176928e-006,0.0222434
3.178928e-006,0.02083168
3.180928e-006,0.01941995
3.182928e-006,0.01965524
3.184928e-006,0.02294927
3.186928e-006,0.02177283
3.188928e-006,0.01824351
3.190928e-006,0.01636121
3.192928e-006,0.01965524
3.194928e-006,0.01918466
3.196928e-006,0.02271398
3.198928e-006,0.01494948
3.200928e-006,0.024361
3.202928e-006,0.02200812
3.204928e-006,0.01941995
3.206928e-006,0.01706707
3.208928e-006,0.02459628
3.210928e-006,0.01659649
3.212928e-006,0.0125966
3.214928e-006,0.01753765
3.216928e-006,0.02130225
3.218928e-006,0.01800822
3.220928e-006,0.02200812
3.222928e-006,0.01918466
3.224928e-006,0.02577272
3.226928e-006,0.02130225
3.228928e-006,0.01683178
3.230928e-006,0.01824351
3.232928e-006,0.01659649
3.234928e-006,0.02412571
3.236928e-006,0.02577272
3.238928e-006,0.01612592
3.240928e-006,0.01730236
3.242928e-006,0.02389042
3.244928e-006,0.01800822
3.246928e-006,0.02341984
3.248928e-006,0.02153754
3.250928e-006,0.01730236
3.252928e-006,0.02389042
3.254928e-006,0.02106696
3.256928e-006,0.01471419
3.258928e-006,0.02083168
3.260928e-006,0.01589063
3.262928e-006,0.0222434
3.264928e-006,0.01918466
3.266928e-006,0.0184788
3.268928e-006,0.02247869
3.270928e-006,0.01918466
3.272928e-006,0.02200812
3.274928e-006,0.01377304
3.276928e-006,0.01753765
3.278928e-006,0.01941995
3.280928e-006,0.02012581
3.282928e-006,0.01871409
3.284928e-006,0.02012581
3.286928e-006,0.02083168
3.288928e-006,0.01636121
3.290928e-006,0.01894937
3.292928e-006,0.02083168
3.294928e-006,0.01518477
3.296928e-006,0.01753765
3.298928e-006,0.02459628
3.300928e-006,0.01800822
3.302928e-006,0.02059639
3.304928e-006,0.01471419
3.306928e-006,0.01941995
3.308928e-006,0.02106696
3.310928e-006,0.01683178
3.312928e-006,0.01636121
3.314928e-006,0.02318456
3.316928e-006,0.01894937
3.318928e-006,0.02059639
3.320928e-006,0.02083168
3.322928e-006,0.01659649
3.324928e-006,0.02247869
3.326928e-006,0.0184788
3.328928e-006,0.02083168
3.330928e-006,0.01589063
3.332928e-006,0.02106696
3.334928e-006,0.01871409
3.336928e-006,0.02553744
3.338928e-006,0.01424362
3.340928e-006,0.02271398
3.342928e-006,0.01871409
3.344928e-006,0.01636121
3.346928e-006,0.01965524
3.348928e-006,0.01706707
3.350928e-006,0.01659649
3.352928e-006,0.0184788
3.354928e-006,0.01824351
3.356928e-006,0.0184788
3.358928e-006,0.01753765
3.360928e-006,0.02177283
3.362928e-006,0.02012581
3.364928e-006,0.01918466
3.366928e-006,0.01377304
3.368928e-006,0.01589063
3.370928e-006,0.024361
3.372928e-006,0.01636121
3.374928e-006,0.01377304
3.376928e-006,0.02083168
3.378928e-006,0.01612592
3.380928e-006,0.0203611
3.382928e-006,0.01989053
3.384928e-006,0.01165545
3.386928e-006,0.02130225
3.388928e-006,0.01918466
3.390928e-006,0.01918466
3.392928e-006,0.01565534
3.394928e-006,0.02106696
3.396928e-006,0.01730236
3.398928e-006,0.024361
3.400928e-006,0.01918466
3.402928e-006,0.01777293
3.404928e-006,0.01941995
3.406928e-006,0.01989053
3.408928e-006,0.01730236
3.410928e-006,0.02012581
3.412928e-006,0.01683178
3.414928e-006,0.02506686
3.416928e-006,0.01894937
3.418928e-006,0.01377304
3.420928e-006,0.01636121
3.422928e-006,0.01965524
3.424928e-006,0.0222434
3.426928e-006,0.01353775
3.428928e-006,0.01918466
3.430928e-006,0.02130225
3.432928e-006,0.02200812
3.434928e-006,0.0203611
3.436928e-006,0.01894937
3.438928e-006,0.0184788
3.440928e-006,0.01824351
3.442928e-006,0.01871409
3.444928e-006,0.01941995
3.446928e-006,0.01212602
3.448928e-006,0.01753765
3.450928e-006,0.02341984
3.452928e-006,0.01918466
3.454928e-006,0.01542005
3.456928e-006,0.01494948
3.458928e-006,0.01777293
3.460928e-006,0.01565534
3.462928e-006,0.02130225
3.464928e-006,0.01753765
3.466928e-006,0.02083168
3.468928e-006,0.01330246
3.470928e-006,0.01894937
3.472928e-006,0.01683178
3.474928e-006,0.0203611
3.476928e-006,0.01094958
3.478928e-006,0.0144789
3.480928e-006,0.02341984
3.482928e-006,0.01612592
3.484928e-006,0.01683178
3.486928e-006,0.01918466
3.488928e-006,0.01494948
3.490928e-006,0.02318456
3.492928e-006,0.01047901
3.494928e-006,0.02059639
3.496928e-006,0.01894937
3.498928e-006,0.01330246
3.500928e-006,0.01965524
3.502928e-006,0.02200812
3.504928e-006,0.01753765
3.506928e-006,0.01330246
3.508928e-006,0.02647859
3.510928e-006,0.01636121
3.512928e-006,0.01142016
3.514928e-006,0.02177283
3.516928e-006,0.01636121
3.518928e-006,0.01824351
3.520928e-006,0.0184788
3.522928e-006,0.01659649
3.524928e-006,0.01189074
3.526928e-006,0.02341984
3.528928e-006,0.01777293
3.530928e-006,0.01683178
3.532928e-006,0.01212602
3.534928e-006,0.01636121
3.536928e-006,0.02553744
3.538928e-006,0.01753765
3.540928e-006,0.02059639
3.542928e-006,0.01753765
3.544928e-006,0.02059639
3.546928e-006,0.01330246
3.548928e-006,0.01212602
3.550928e-006,0.01777293
3.552928e-006,0.0184788
3.554928e-006,0.01871409
3.556928e-006,0.01494948
3.558928e-006,0.01377304
3.560928e-006,0.01306718
3.562928e-006,0.01941995
3.564928e-006,0.01989053
3.566928e-006,0.02389042
3.568928e-006,0.01542005
3.570928e-006,0.01400833
3.572928e-006,0.01871409
3.574928e-006,0.01659649
3.576928e-006,0.01659649
3.578928e-006,0.01589063
3.580928e-006,0.01306718
3.582928e-006,0.02059639
3.584928e-006,0.01542005
3.586928e-006,0.01636121
3.588928e-006,0.01494948
3.590928e-006,0.01636121
3.592928e-006,0.02271398
3.594928e-006,0.01753765
3.596928e-006,0.01659649
3.598928e-006,0.02130225
3.600928e-006,0.01824351
3.602928e-006,0.01965524
3.604928e-006,0.01753765
3.606928e-006,0.01589063
3.608928e-006,0.01753765
3.610928e-006,0.02483157
3.612928e-006,0.008831993
3.614928e-006,0.01965524
3.616928e-006,0.01824351
3.618928e-006,0.01565534
3.620928e-006,0.01800822
3.622928e-006,0.01377304
3.624928e-006,0.01871409
3.626928e-006,0.02200812
3.628928e-006,0.0144789
3.630928e-006,0.01730236
3.632928e-006,0.01941995
3.634928e-006,0.01824351
3.636928e-006,0.01518477
3.638928e-006,0.01730236
3.640928e-006,0.0184788
3.642928e-006,0.01730236
3.644928e-006,0.01306718
3.646928e-006,0.0203611
3.648928e-006,0.02365513
3.650928e-006,0.01236131
3.652928e-006,0.0222434
3.654928e-006,0.01424362
3.656928e-006,0.0144789
3.658928e-006,0.01400833
3.660928e-006,0.01589063
3.662928e-006,0.01518477
3.664928e-006,0.01753765
3.666928e-006,0.01471419
3.668928e-006,0.01753765
3.670928e-006,0.01565534
3.672928e-006,0.01706707
3.674928e-006,0.01377304
3.676928e-006,0.01518477
3.678928e-006,0.01612592
3.680928e-006,0.01518477
3.682928e-006,0.01965524
3.684928e-006,0.0144789
3.686928e-006,0.01777293
3.688928e-006,0.01918466
3.690928e-006,0.01377304
3.692928e-006,0.01471419
3.694928e-006,0.01494948
3.696928e-006,0.01047901
3.698928e-006,0.01777293
3.700928e-006,0.01824351
3.702928e-006,0.01636121
3.704928e-006,0.01989053
3.706928e-006,0.01565534
3.708928e-006,0.01612592
3.710928e-006,0.01612592
3.712928e-006,0.01989053
3.714928e-006,0.01518477
3.716928e-006,0.01189074
3.718928e-006,0.01777293
3.720928e-006,0.01989053
3.722928e-006,0.007890841
3.724928e-006,0.01753765
3.726928e-006,0.01871409
3.728928e-006,0.0203611
3.730928e-006,0.01094958
3.732928e-006,0.01989053
3.734928e-006,0.01353775
3.736928e-006,0.0144789
3.738928e-006,0.01800822
3.740928e-006,0.01589063
3.742928e-006,0.01494948
3.744928e-006,0.01659649
3.746928e-006,0.01024372
3.748928e-006,0.01824351
3.750928e-006,0.01941995
3.752928e-006,0.009067281
3.754928e-006,0.02012581
3.756928e-006,0.02318456
3.758928e-006,0.0125966
3.760928e-006,0.01800822
3.762928e-006,0.01824351
3.764928e-006,0.01377304
3.766928e-006,0.01589063
3.768928e-006,0.01494948
3.770928e-006,0.01706707
3.772928e-006,0.02012581
3.774928e-006,0.0184788
3.776928e-006,0.01306718
3.778928e-006,0.01542005
3.780928e-006,0.02083168
3.782928e-006,0.02106696
3.784928e-006,0.01965524
3.786928e-006,0.01518477
3.788928e-006,0.0144789
3.790928e-006,0.01353775
3.792928e-006,0.01494948
3.794928e-006,0.0203611
3.796928e-006,0.01189074
3.798928e-006,0.01542005
3.800928e-006,0.01612592
3.802928e-006,0.01494948
3.804928e-006,0.01965524
3.806928e-006,0.01118487
3.808928e-006,0.01683178
3.810928e-006,0.01471419
3.812928e-006,0.01659649
3.814928e-006,0.01589063
3.816928e-006,0.01424362
3.818928e-006,0.01589063
3.820928e-006,0.01565534
3.822928e-006,0.01659649
3.824928e-006,0.01377304
3.826928e-006,0.01636121
3.828928e-006,0.01353775
3.830928e-006,0.009773145
3.832928e-006,0.0222434
3.834928e-006,0.01118487
3.836928e-006,0.01800822
3.838928e-006,0.01377304
3.840928e-006,0.01189074
3.842928e-006,0.01306718
3.844928e-006,0.02012581
3.846928e-006,0.01565534
3.848928e-006,0.02012581
3.850928e-006,0.01683178
3.852928e-006,0.0125966
3.854928e-006,0.01918466
3.856928e-006,0.01400833
3.858928e-006,0.01165545
3.860928e-006,0.02106696
3.862928e-006,0.01542005
3.864928e-006,0.01518477
3.866928e-006,0.01518477
3.868928e-006,0.01659649
3.870928e-006,0.01565534
3.872928e-006,0.01377304
3.874928e-006,0.01800822
3.876928e-006,0.01636121
3.878928e-006,0.01824351
3.880928e-006,0.008596705
3.882928e-006,0.01518477
3.884928e-006,0.01753765
3.886928e-006,0.01565534
3.888928e-006,0.02083168
3.890928e-006,0.01659649
3.892928e-006,0.01353775
3.894928e-006,0.01706707
3.896928e-006,0.01589063
3.898928e-006,0.01283189
3.900928e-006,0.01424362
3.902928e-006,0.01494948
3.904928e-006,0.0125966
3.906928e-006,0.01989053
3.908928e-006,0.0144789
3.910928e-006,0.01589063
3.912928e-006,0.01283189
3.914928e-006,0.02059639
3.916928e-006,0.01424362
3.918928e-006,0.01918466
3.920928e-006,0.01612592
3.922928e-006,0.01306718
3.924928e-006,0.01424362
3.926928e-006,0.01236131
3.928928e-006,0.02153754
3.930928e-006,0.01777293
3.932928e-006,0.01753765
3.934928e-006,0.01165545
3.936928e-006,0.01683178
3.938928e-006,0.01377304
3.940928e-006,0.01589063
3.942928e-006,0.01824351
3.944928e-006,0.01589063
3.946928e-006,0.01965524
3.948928e-006,0.01589063
3.950928e-006,0.01400833
3.952928e-006,0.01730236
3.954928e-006,0.01918466
3.956928e-006,0.01542005
3.958928e-006,0.01777293
3.960928e-006,0.01142016
3.962928e-006,0.0184788
3.964928e-006,0.01330246
3.966928e-006,0.01518477
3.968928e-006,0.01353775
3.970928e-006,0.01518477
3.972928e-006,0.01612592
3.974928e-006,0.01612592
3.976928e-006,0.01353775
3.978928e-006,0.01377304
3.980928e-006,0.01565534
3.982928e-006,0.01471419
3.984928e-006,0.01377304
3.986928e-006,0.01589063
3.988928e-006,0.01589063
3.990928e-006,0.01589063
3.992928e-006,0.01306718
3.994928e-006,0.01494948
3.996928e-006,0.01189074
3.998928e-006,0.01659649
4.000928e-006,0.01377304
4.002928e-006,0.01424362
4.004928e-006,0.01236131
4.006928e-006,0.01518477
4.008928e-006,0.01212602
4.010928e-006,0.02177283
4.012928e-006,0.01236131
4.014928e-006,0.01377304
4.016928e-006,0.01683178
4.018928e-006,0.01612592
4.020928e-006,0.01918466
4.022928e-006,0.01706707
4.024928e-006,0.01142016
4.026928e-006,0.01494948
4.028928e-006,0.01400833
4.030928e-006,0.0203611
4.032928e-006,0.01918466
4.034928e-006,0.0125966
4.036928e-006,0.01494948
4.038928e-006,0.01518477
4.040928e-006,0.01683178
4.042928e-006,0.009537857
4.044928e-006,0.01306718
4.046928e-006,0.01494948
4.048928e-006,0.01377304
4.050928e-006,0.01377304
4.052928e-006,0.0125966
4.054928e-006,0.01589063
4.056928e-006,0.01424362
4.058928e-006,0.01400833
4.060928e-006,0.01424362
4.062928e-006,0.01189074
4.064928e-006,0.02365513
4.066928e-006,0.007655554
4.068928e-006,0.0144789
4.070928e-006,0.01824351
4.072928e-006,0.01730236
4.074928e-006,0.01283189
4.076928e-006,0.01306718
4.078928e-006,0.01542005
4.080928e-006,0.01494948
4.082928e-006,0.01118487
4.084928e-006,0.01989053
4.086928e-006,0.01400833
4.088928e-006,0.01283189
4.090928e-006,0.01353775
4.092928e-006,0.01730236
4.094928e-006,0.01330246
4.096928e-006,0.0144789
4.098928e-006,0.0125966
4.100928e-006,0.01753765
4.102928e-006,0.007890841
4.104928e-006,0.01589063
4.106928e-006,0.01330246
4.108928e-006,0.0144789
4.110928e-006,0.01965524
4.112928e-006,0.01589063
4.114928e-006,0.01353775
4.116928e-006,0.01800822
4.118928e-006,0.01589063
4.120928e-006,0.01236131
4.122928e-006,0.01730236
4.124928e-006,0.01471419
4.126928e-006,0.01753765
4.128928e-006,0.0125966
4.130928e-006,0.01824351
4.132928e-006,0.01518477
4.134928e-006,0.01659649
4.136928e-006,0.0144789
4.138928e-006,0.01871409
4.140928e-006,0.01659649
4.142928e-006,0.01400833
4.144928e-006,0.01189074
4.146928e-006,0.01518477
4.148928e-006,0.01800822
4.150928e-006,0.01400833
4.152928e-006,0.0184788
4.154928e-006,0.01142016
4.156928e-006,0.01542005
4.158928e-006,0.01424362
4.160928e-006,0.01518477
4.162928e-006,0.01377304
4.164928e-006,0.01400833
4.166928e-006,0.01659649
4.168928e-006,0.01024372
4.170928e-006,0.01518477
4.172928e-006,0.01353775
4.174928e-006,0.01330246
4.176928e-006,0.01659649
4.178928e-006,0.01518477
4.180928e-006,0.01330246
4.182928e-006,0.01471419
4.184928e-006,0.007184978
4.186928e-006,0.01283189
4.188928e-006,0.01612592
4.190928e-006,0.01330246
4.192928e-006,0.01283189
4.194928e-006,0.01424362
4.196928e-006,0.01941995
4.198928e-006,0.0144789
4.200928e-006,0.01424362
4.202928e-006,0.0107143
4.204928e-006,0.01236131
4.206928e-006,0.01236131
4.208928e-006,0.0184788
4.210928e-006,0.01565534
4.212928e-006,0.009773145
4.214928e-006,0.01306718
4.216928e-006,0.01518477
4.218928e-006,0.01047901
4.220928e-006,0.01753765
4.222928e-006,0.01353775
4.224928e-006,0.01330246
4.226928e-006,0.01706707
4.228928e-006,0.0107143
4.230928e-006,0.01142016
4.232928e-006,0.01706707
4.234928e-006,0.01377304
4.236928e-006,0.01589063
4.238928e-006,0.01377304
4.240928e-006,0.01424362
4.242928e-006,0.01471419
4.244928e-006,0.01706707
4.246928e-006,0.007655554
4.248928e-006,0.01353775
4.250928e-006,0.01777293
4.252928e-006,0.01047901
4.254928e-006,0.01636121
4.256928e-006,0.01424362
4.258928e-006,0.02083168
4.260928e-006,0.01189074
4.262928e-006,0.009537857
4.264928e-006,0.0107143
4.266928e-006,0.01894937
4.268928e-006,0.01283189
4.270928e-006,0.01118487
4.272928e-006,0.01377304
4.274928e-006,0.01542005
4.276928e-006,0.01424362
4.278928e-006,0.01494948
4.280928e-006,0.01518477
4.282928e-006,0.01283189
4.284928e-006,0.01189074
4.286928e-006,0.0203611
4.288928e-006,0.009537857
4.290928e-006,0.01165545
4.292928e-006,0.01753765
4.294928e-006,0.01024372
4.296928e-006,0.01494948
4.298928e-006,0.01471419
4.300928e-006,0.01424362
4.302928e-006,0.01612592
4.304928e-006,0.008596705
4.306928e-006,0.01118487
4.308928e-006,0.01306718
4.310928e-006,0.0125966
4.312928e-006,0.0125966
4.314928e-006,0.01424362
4.316928e-006,0.01518477
4.318928e-006,0.01683178
4.320928e-006,0.01494948
4.322928e-006,0.01424362
4.324928e-006,0.0144789
4.326928e-006,0.0125966
4.328928e-006,0.01094958
4.330928e-006,0.01683178
4.332928e-006,0.01424362
4.334928e-006,0.01353775
4.336928e-006,0.01236131
4.338928e-006,0.01494948
4.340928e-006,0.01518477
4.342928e-006,0.0184788
4.344928e-006,0.01024372
4.346928e-006,0.0125966
4.348928e-006,0.01400833
4.350928e-006,0.01918466
4.352928e-006,0.009773145
4.354928e-006,0.01471419
4.356928e-006,0.01142016
4.358928e-006,0.01424362
4.360928e-006,0.01494948
4.362928e-006,0.01683178
4.364928e-006,0.01542005
4.366928e-006,0.01377304
4.368928e-006,0.01424362
4.370928e-006,0.01377304
4.372928e-006,0.01471419
4.374928e-006,0.01165545
4.376928e-006,0.01330246
4.378928e-006,0.01212602
4.380928e-006,0.01000843
4.382928e-006,0.01612592
4.384928e-006,0.01353775
4.386928e-006,0.01000843
4.388928e-006,0.01659649
4.390928e-006,0.0107143
4.392928e-006,0.01636121
4.394928e-006,0.01494948
4.396928e-006,0.01165545
4.398928e-006,0.01165545
4.400928e-006,0.01400833
4.402928e-006,0.01683178
4.404928e-006,0.01306718
4.406928e-006,0.01306718
4.408928e-006,0.0125966
4.410928e-006,0.01306718
4.412928e-006,0.01330246
4.414928e-006,0.01494948
4.416928e-006,0.009302569
4.418928e-006,0.01777293
4.420928e-006,0.01212602
4.422928e-006,0.01612592
4.424928e-006,0.01236131
4.426928e-006,0.01683178
4.428928e-006,0.01424362
4.430928e-006,0.01683178
4.432928e-006,0.0125966
4.434928e-006,0.01118487
4.436928e-006,0.01659649
4.438928e-006,0.01400833
4.440928e-006,0.01659649
4.442928e-006,0.0125966
4.444928e-006,0.01400833
4.446928e-006,0.01565534
4.448928e-006,0.01542005
4.450928e-006,0.0107143
4.452928e-006,0.01047901
4.454928e-006,0.01542005
4.456928e-006,0.0107143
4.458928e-006,0.0125966
4.460928e-006,0.0125966
4.462928e-006,0.01306718
4.464928e-006,0.01589063
4.466928e-006,0.0125966
4.468928e-006,0.0144789
4.470928e-006,0.01283189
4.472928e-006,0.01118487
4.474928e-006,0.01118487
4.476928e-006,0.01753765
4.478928e-006,0.01753765
4.480928e-006,0.01047901
4.482928e-006,0.01518477
4.484928e-006,0.0107143
4.486928e-006,0.0144789
4.488928e-006,0.01236131
4.490928e-006,0.0125966
4.492928e-006,0.01424362
4.494928e-006,0.01330246
4.496928e-006,0.01518477
4.498928e-006,0.01377304
4.500928e-006,0.01142016
4.502928e-006,0.0184788
4.504928e-006,0.01494948
4.506928e-006,0.01494948
4.508928e-006,0.008126129
4.510928e-006,0.01683178
4.512928e-006,0.01706707
4.514928e-006,0.01353775
4.516928e-006,0.01400833
4.518928e-006,0.01189074
4.520928e-006,0.009537857
4.522928e-006,0.01047901
4.524928e-006,0.01518477
4.526928e-006,0.01400833
4.528928e-006,0.01047901
4.530928e-006,0.01189074
4.532928e-006,0.01589063
4.534928e-006,0.01636121
4.536928e-006,0.01330246
4.538928e-006,0.01283189
4.540928e-006,0.01330246
4.542928e-006,0.0144789
4.544928e-006,0.01353775
4.546928e-006,0.009067281
4.548928e-006,0.01353775
4.550928e-006,0.01589063
4.552928e-006,0.01471419
4.554928e-006,0.01142016
4.556928e-006,0.01094958
4.558928e-006,0.008126129
4.560928e-006,0.01659649
4.562928e-006,0.0125966
4.564928e-006,0.01189074
4.566928e-006,0.01377304
4.568928e-006,0.01189074
4.570928e-006,0.0144789
4.572928e-006,0.01306718
4.574928e-006,0.01189074
4.576928e-006,0.01047901
4.578928e-006,0.01306718
4.580928e-006,0.01706707
4.582928e-006,0.01612592
4.584928e-006,0.0107143
4.586928e-006,0.01306718
4.588928e-006,0.009537857
4.590928e-006,0.0144789
4.592928e-006,0.01612592
4.594928e-006,0.009067281
4.596928e-006,0.01212602
4.598928e-006,0.01589063
4.600928e-006,0.009067281
4.602928e-006,0.01636121
4.604928e-006,0.01189074
4.606928e-006,0.01142016
4.608928e-006,0.0125966
4.610928e-006,0.01424362
4.612928e-006,0.01589063
4.614928e-006,0.01353775
4.616928e-006,0.005302674
4.618928e-006,0.01306718
4.620928e-006,0.0184788
4.622928e-006,0.01118487
4.624928e-006,0.005302674
4.626928e-006,0.01306718
4.628928e-006,0.01518477
4.630928e-006,0.01353775
4.632928e-006,0.0125966
4.634928e-006,0.01165545
4.636928e-006,0.01400833
4.638928e-006,0.01353775
4.640928e-006,0.01330246
4.642928e-006,0.0107143
4.644928e-006,0.01659649
4.646928e-006,0.01565534
4.648928e-006,0.01353775
4.650928e-006,0.01283189
4.652928e-006,0.01047901
4.654928e-006,0.01518477
4.656928e-006,0.01189074
4.658928e-006,0.01189074
4.660928e-006,0.01330246
4.662928e-006,0.01730236
4.664928e-006,0.01306718
4.666928e-006,0.01236131
4.668928e-006,0.01212602
4.670928e-006,0.01424362
4.672928e-006,0.009537857
4.674928e-006,0.01283189
4.676928e-006,0.0144789
4.678928e-006,0.01306718
4.680928e-006,0.01047901
4.682928e-006,0.01494948
4.684928e-006,0.01424362
4.686928e-006,0.01353775
4.688928e-006,0.01612592
4.690928e-006,0.01094958
4.692928e-006,0.0144789
4.694928e-006,0.01306718
4.696928e-006,0.0144789
4.698928e-006,0.009302569
4.700928e-006,0.01306718
4.702928e-006,0.01471419
4.704928e-006,0.01706707
4.706928e-006,0.01424362
4.708928e-006,0.01377304
4.710928e-006,0.01494948
4.712928e-006,0.009773145
4.714928e-006,0.01377304
4.716928e-006,0.01189074
4.718928e-006,0.01589063
4.720928e-006,0.009067281
4.722928e-006,0.01400833
4.724928e-006,0.01377304
4.726928e-006,0.01142016
4.728928e-006,0.01612592
4.730928e-006,0.009302569
4.732928e-006,0.01518477
4.734928e-006,0.01142016
4.736928e-006,0.01400833
4.738928e-006,0.01094958
4.740928e-006,0.01283189
4.742928e-006,0.01165545
4.744928e-006,0.01353775
4.746928e-006,0.01424362
4.748928e-006,0.01683178
4.750928e-006,0.0144789
4.752928e-006,0.009302569
4.754928e-006,0.01659649
4.756928e-006,0.01118487
4.758928e-006,0.0107143
4.760928e-006,0.01283189
4.762928e-006,0.01494948
4.764928e-006,0.01047901
4.766928e-006,0.01000843
4.768928e-006,0.01094958
4.770928e-006,0.01353775
4.772928e-006,0.009773145
4.774928e-006,0.01024372
4.776928e-006,0.0144789
4.778928e-006,0.0144789
4.780928e-006,0.009302569
4.782928e-006,0.01659649
4.784928e-006,0.01212602
4.786928e-006,0.01753765
4.788928e-006,0.006714402
4.790928e-006,0.01024372
4.792928e-006,0.01800822
4.794928e-006,0.01189074
4.796928e-006,0.01000843
4.798928e-006,0.01636121
4.800928e-006,0.009067281
4.802928e-006,0.01047901
4.804928e-006,0.009302569
4.806928e-006,0.01918466
4.808928e-006,0.01094958
4.810928e-006,0.01118487
4.812928e-006,0.01589063
4.814928e-006,0.01212602
4.816928e-006,0.0107143
4.818928e-006,0.009302569
4.820928e-006,0.01494948
4.822928e-006,0.009773145
4.824928e-006,0.01518477
4.826928e-006,0.009773145
4.828928e-006,0.01024372
4.830928e-006,0.01189074
4.832928e-006,0.01518477
4.834928e-006,0.006714402
4.836928e-006,0.01212602
4.838928e-006,0.00694969
4.840928e-006,0.01330246
4.842928e-006,0.01518477
4.844928e-006,0.009302569
4.846928e-006,0.01330246
4.848928e-006,0.01518477
4.850928e-006,0.01400833
4.852928e-006,0.01024372
4.854928e-006,0.01353775
4.856928e-006,0.01142016
4.858928e-006,0.01565534
4.860928e-006,0.01612592
4.862928e-006,0.009067281
4.864928e-006,0.01542005
4.866928e-006,0.01094958
4.868928e-006,0.01518477
4.870928e-006,0.01189074
4.872928e-006,0.01212602
4.874928e-006,0.01283189
4.876928e-006,0.0107143
4.878928e-006,0.01494948
4.880928e-006,0.0125966
4.882928e-006,0.01283189
4.884928e-006,0.01024372
4.886928e-006,0.007655554
4.888928e-006,0.01306718
4.890928e-006,0.01000843
4.892928e-006,0.01000843
4.894928e-006,0.009302569
4.896928e-006,0.01353775
4.898928e-006,0.01236131
4.900928e-006,0.01612592
4.902928e-006,0.009773145
4.904928e-006,0.01212602
4.906928e-006,0.01236131
4.908928e-006,0.0144789
4.910928e-006,0.01118487
4.912928e-006,0.009773145
4.914928e-006,0.01283189
4.916928e-006,0.01142016
4.918928e-006,0.01377304
4.920928e-006,0.01659649
4.922928e-006,0.01000843
4.924928e-006,0.01094958
4.926928e-006,0.009537857
4.928928e-006,0.01659649
4.930928e-006,0.01377304
4.932928e-006,0.008596705
4.934928e-006,0.01377304
4.936928e-006,0.01283189
4.938928e-006,0.01283189
4.940928e-006,0.01094958
4.942928e-006,0.01047901
4.944928e-006,0.01000843
4.946928e-006,0.01612592
4.948928e-006,0.0125966
4.950928e-006,0.008596705
4.952928e-006,0.01377304
4.954928e-006,0.0107143
4.956928e-006,0.01377304
4.958928e-006,0.007184978
4.960928e-006,0.01424362
4.962928e-006,0.0107143
4.964928e-006,0.01212602
4.966928e-006,0.006714402
4.968928e-006,0.01471419
4.970928e-006,0.01212602
4.972928e-006,0.01353775
4.974928e-006,0.0125966
4.976928e-006,0.008361417
4.978928e-006,0.01236131
4.980928e-006,0.008361417
4.982928e-006,0.01730236
4.984928e-006,0.007655554
4.986928e-006,0.01236131
4.988928e-006,0.01353775
4.990928e-006,0.009537857
4.992928e-006,0.01142016
4.994928e-006,0.0144789
4.996928e-006,0.01189074
4.998928e-006,0.01000843
5.000928e-006,0.01000843
5.002928e-006,0.01024372
5.004928e-006,0.01542005
5.006928e-006,0.01047901
5.008928e-006,0.01189074
5.010928e-006,0.01118487
5.012928e-006,0.01094958
5.014928e-006,0.01024372
5.016928e-006,0.01542005
5.018928e-006,0.01236131
5.020928e-006,0.01212602
5.022928e-006,0.006243826
5.024928e-006,0.009302569
5.026928e-006,0.01236131
5.028928e-006,0.01330246
5.030928e-006,0.01047901
5.032928e-006,0.0125966
5.034928e-006,0.01589063
5.036928e-006,0.01306718
5.038928e-006,0.01353775
5.040928e-006,0.008126129
5.042928e-006,0.01542005
5.044928e-006,0.005067386
5.046928e-006,0.01565534
5.048928e-006,0.01306718
5.050928e-006,0.01236131
5.052928e-006,0.01118487
5.054928e-006,0.0125966
5.056928e-006,0.007655554
5.058928e-006,0.01542005
5.060928e-006,0.01142016
5.062928e-006,0.01212602
5.064928e-006,0.00694969
5.066928e-006,0.01377304
5.068928e-006,0.01047901
5.070928e-006,0.01000843
5.072928e-006,0.01118487
5.074928e-006,0.008126129
5.076928e-006,0.0125966
5.078928e-006,0.01118487
5.080928e-006,0.01706707
5.082928e-006,0.00694969
5.084928e-006,0.01094958
5.086928e-006,0.01024372
5.088928e-006,0.01330246
5.090928e-006,0.01471419
5.092928e-006,0.01142016
5.094928e-006,0.01165545
5.096928e-006,0.01024372
5.098928e-006,0.01094958
5.100928e-006,0.01000843
5.102928e-006,0.01730236
5.104928e-006,0.01165545
5.106928e-006,0.01236131
5.108928e-006,0.009067281
5.110928e-006,0.008126129
5.112928e-006,0.01494948
5.114928e-006,0.01142016
5.116928e-006,0.01189074
5.118928e-006,0.01212602
5.120928e-006,0.01165545
5.122928e-006,0.01330246
5.124928e-006,0.01330246
5.126928e-006,0.009067281
5.128928e-006,0.01353775
5.130928e-006,0.01565534
5.132928e-006,0.01306718
5.134928e-006,0.0107143
5.136928e-006,0.01118487
5.138928e-006,0.01400833
5.140928e-006,0.01118487
5.142928e-006,0.006479114
5.144928e-006,0.01542005
5.146928e-006,0.01306718
5.148928e-006,0.01047901
5.150928e-006,0.0125966
5.152928e-006,0.01047901
5.154928e-006,0.0107143
5.156928e-006,0.008361417
5.158928e-006,0.01800822
5.160928e-006,0.007655554
5.162928e-006,0.004596811
5.164928e-006,0.01377304
5.166928e-006,0.01424362
5.168928e-006,0.01330246
5.170928e-006,0.01330246
5.172928e-006,0.0107143
5.174928e-006,0.009302569
5.176928e-006,0.01094958
5.178928e-006,0.01612592
5.180928e-006,0.007184978
5.182928e-006,0.009302569
5.184928e-006,0.01189074
5.186928e-006,0.01471419
5.188928e-006,0.009067281
5.190928e-006,0.01706707
5.192928e-006,0.01024372
5.194928e-006,0.01142016
5.196928e-006,0.01118487
5.198928e-006,0.01047901
5.200928e-006,0.01542005
5.202928e-006,0.01212602
5.204928e-006,0.01047901
5.206928e-006,0.01165545
5.208928e-006,0.01283189
5.210928e-006,0.0107143
5.212928e-006,0.01047901
5.214928e-006,0.01094958
5.216928e-006,0.01471419
5.218928e-006,0.01212602
5.220928e-006,0.007890841
5.222928e-006,0.01424362
5.224928e-006,0.01424362
5.226928e-006,0.006714402
5.228928e-006,0.009302569
5.230928e-006,0.0125966
5.232928e-006,0.008831993
5.234928e-006,0.0125966
5.236928e-006,0.01565534
5.238928e-006,0.007890841
5.240928e-006,0.009067281
5.242928e-006,0.01636121
5.244928e-006,0.009067281
5.246928e-006,0.01283189
5.248928e-006,0.0107143
5.250928e-006,0.01330246
5.252928e-006,0.01165545
5.254928e-006,0.01094958
5.256928e-006,0.008831993
5.258928e-006,0.01283189
5.260928e-006,0.01730236
5.262928e-006,0.0107143
5.264928e-006,0.008831993
5.266928e-006,0.01024372
5.268928e-006,0.01283189
5.270928e-006,0.01283189
5.272928e-006,0.009773145
5.274928e-006,0.01424362
5.276928e-006,0.01094958
5.278928e-006,0.004596811
5.280928e-006,0.01236131
5.282928e-006,0.01165545
5.284928e-006,0.0144789
5.286928e-006,0.01330246
5.288928e-006,0.0107143
5.290928e-006,0.01800822
5.292928e-006,0.007890841
5.294928e-006,0.01612592
5.296928e-006,0.008126129
5.298928e-006,0.01212602
5.300928e-006,0.01000843
5.302928e-006,0.01471419
5.304928e-006,0.01589063
5.306928e-006,0.006479114
5.308928e-006,0.007420266
5.310928e-006,0.01283189
5.312928e-006,0.01189074
5.314928e-006,0.009067281
5.316928e-006,0.01189074
5.318928e-006,0.01306718
5.320928e-006,0.008126129
5.322928e-006,0.01353775
5.324928e-006,0.01000843
5.326928e-006,0.01165545
5.328928e-006,0.01236131
5.330928e-006,0.006714402
5.332928e-006,0.01377304
5.334928e-006,0.004596811
5.336928e-006,0.01777293
5.338928e-006,0.01047901
5.340928e-006,0.01283189
5.342928e-006,0.01212602
5.344928e-006,0.01024372
5.346928e-006,0.0125966
5.348928e-006,0.0107143
5.350928e-006,0.01165545
5.352928e-006,0.0125966
5.354928e-006,0.01471419
5.356928e-006,0.01047901
5.358928e-006,0.0144789
5.360928e-006,0.01000843
5.362928e-006,0.01024372
5.364928e-006,0.009537857
5.366928e-006,0.008831993
5.368928e-006,0.01118487
5.370928e-006,0.0107143
5.372928e-006,0.008831993
5.374928e-006,0.01118487
5.376928e-006,0.0125966
5.378928e-006,0.01142016
5.380928e-006,0.01165545
5.382928e-006,0.007890841
5.384928e-006,0.01189074
5.386928e-006,0.01377304
5.388928e-006,0.007655554
5.390928e-006,0.01283189
5.392928e-006,0.01094958
5.394928e-006,0.01094958
5.396928e-006,0.01777293
5.398928e-006,0.01024372
5.400928e-006,0.009067281
5.402928e-006,0.01400833
5.404928e-006,0.01165545
5.406928e-006,0.01118487
5.408928e-006,0.01189074
5.410928e-006,0.01165545
5.412928e-006,0.01353775
5.414928e-006,0.01236131
5.416928e-006,0.006714402
5.418928e-006,0.01400833
5.420928e-006,0.0107143
5.422928e-006,0.004832099
5.424928e-006,0.009302569
5.426928e-006,0.01777293
5.428928e-006,0.01165545
5.430928e-006,0.008361417
5.432928e-006,0.01377304
5.434928e-006,0.01212602
5.436928e-006,0.008126129
5.438928e-006,0.005067386
5.440928e-006,0.01494948
5.442928e-006,0.01094958
5.444928e-006,0.01377304
5.446928e-006,0.007420266
5.448928e-006,0.01094958
5.450928e-006,0.01165545
5.452928e-006,0.01777293
5.454928e-006,0.007420266
5.456928e-006,0.008596705
5.458928e-006,0.01424362
5.460928e-006,0.01424362
5.462928e-006,0.01047901
5.464928e-006,0.006714402
5.466928e-006,0.01377304
5.468928e-006,0.01306718
5.470928e-006,0.008596705
5.472928e-006,0.01306718
5.474928e-006,0.01165545
5.476928e-006,0.008596705
5.478928e-006,0.01000843
5.480928e-006,0.01000843
5.482928e-006,0.01094958
5.484928e-006,0.01118487
5.486928e-006,0.01283189
5.488928e-006,0.01094958
5.490928e-006,0.005067386
5.492928e-006,0.01518477
5.494928e-006,0.01024372
5.496928e-006,0.01353775
5.498928e-006,0.01283189
5.500928e-006,0.0107143
5.502928e-006,0.009773145
5.504928e-006,0.01400833
5.506928e-006,0.007655554
5.508928e-006,0.008361417
5.510928e-006,0.007184978
5.512928e-006,0.01377304
5.514928e-006,0.01118487
5.516928e-006,0.01094958
5.518928e-006,0.01306718
5.520928e-006,0.0125966
5.522928e-006,0.005537962
5.524928e-006,0.01353775
5.526928e-006,0.0144789
5.528928e-006,0.01047901
5.530928e-006,0.01494948
5.532928e-006,0.007184978
5.534928e-006,0.009067281
5.536928e-006,0.009302569
5.538928e-006,0.009302569
5.540928e-006,0.01424362
5.542928e-006,0.009067281
5.544928e-006,0.009302569
5.546928e-006,0.01165545
5.548928e-006,0.01189074
5.550928e-006,0.01142016
5.552928e-006,0.009537857
5.554928e-006,0.00694969
5.556928e-006,0.01118487
5.558928e-006,0.008596705
5.560928e-006,0.009773145
5.562928e-006,0.009537857
5.564928e-006,0.00694969
5.566928e-006,0.01189074
5.568928e-006,0.01118487
5.570928e-006,0.01165545
5.572928e-006,0.009302569
5.574928e-006,0.01024372
5.576928e-006,0.01706707
5.578928e-006,0.008126129
5.580928e-006,0.008361417
5.582928e-006,0.01000843
5.584928e-006,0.01612592
5.586928e-006,0.01189074
5.588928e-006,0.01518477
5.590928e-006,0.01024372
5.592928e-006,0.01306718
5.594928e-006,0.01400833
5.596928e-006,0.01283189
5.598928e-006,0.009302569
5.600928e-006,0.004596811
5.602928e-006,0.01330246
5.604928e-006,0.01047901
5.606928e-006,0.005067386
5.608928e-006,0.01047901
5.610928e-006,0.01565534
5.612928e-006,0.01118487
5.614928e-006,0.01236131
5.616928e-006,0.01047901
5.618928e-006,0.00694969
5.620928e-006,0.009067281
5.622928e-006,0.01142016
5.624928e-006,0.01000843
5.626928e-006,0.007420266
5.628928e-006,0.01165545
5.630928e-006,0.01636121
5.632928e-006,0.01189074
5.634928e-006,0.01024372
5.636928e-006,0.007655554
5.638928e-006,0.01494948
5.640928e-006,0.007655554
5.642928e-006,0.01024372
5.644928e-006,0.00694969
5.646928e-006,0.006243826
5.648928e-006,0.01377304
5.650928e-006,0.01094958
5.652928e-006,0.009773145
5.654928e-006,0.009537857
5.656928e-006,0.01024372
5.658928e-006,0.0184788
5.660928e-006,0.008361417
5.662928e-006,0.00694969
5.664928e-006,0.01283189
5.666928e-006,0.01000843
5.668928e-006,0.009537857
5.670928e-006,0.01047901
5.672928e-006,0.009773145
5.674928e-006,0.007655554
5.676928e-006,0.01047901
5.678928e-006,0.01330246
5.680928e-006,0.01142016
5.682928e-006,0.01094958
5.684928e-006,0.003655659
5.686928e-006,0.01659649
5.688928e-006,0.006243826
5.690928e-006,0.01518477
5.692928e-006,0.008831993
5.694928e-006,0.00694969
5.696928e-006,0.01283189
5.698928e-006,0.01518477
5.700928e-006,0.007184978
5.702928e-006,0.008831993
5.704928e-006,0.01189074
5.706928e-006,0.01000843
5.708928e-006,0.01165545
5.710928e-006,0.008361417
5.712928e-006,0.01377304
5.714928e-006,0.006479114
5.716928e-006,0.01565534
5.718928e-006,0.008596705
5.720928e-006,0.01424362
5.722928e-006,0.01494948
5.724928e-006,0.007184978
5.726928e-006,0.01000843
5.728928e-006,0.01471419
5.730928e-006,0.008596705
5.732928e-006,0.009067281
5.734928e-006,0.01212602
5.736928e-006,0.01165545
5.738928e-006,0.01424362
5.740928e-006,0.007655554
5.742928e-006,0.01659649
5.744928e-006,0.006714402
5.746928e-006,0.01142016
5.748928e-006,0.008361417
5.750928e-006,0.01471419
5.752928e-006,0.009773145
5.754928e-006,0.01142016
5.756928e-006,0.009537857
5.758928e-006,0.009302569
5.760928e-006,0.0125966
5.762928e-006,0.01424362
5.764928e-006,0.008361417
5.766928e-006,0.01189074
5.768928e-006,0.01189074
5.770928e-006,0.01047901
5.772928e-006,0.01165545
5.774928e-006,0.01024372
5.776928e-006,0.007890841
5.778928e-006,0.01142016
5.780928e-006,0.01047901
5.782928e-006,0.0125966
5.784928e-006,0.005067386
5.786928e-006,0.01306718
5.788928e-006,0.009773145
5.790928e-006,0.007420266
5.792928e-006,0.009773145
5.794928e-006,0.01165545
5.796928e-006,0.009773145
5.798928e-006,0.01047901
5.800928e-006,0.005067386
5.802928e-006,0.01542005
5.804928e-006,0.0125966
5.806928e-006,0.01094958
5.808928e-006,0.008361417
5.810928e-006,0.01330246
5.812928e-006,0.009302569
5.814928e-006,0.01094958
5.816928e-006,0.01024372
5.818928e-006,0.007420266
5.820928e-006,0.009773145
5.822928e-006,0.01165545
5.824928e-006,0.01330246
5.826928e-006,0.01142016
5.828928e-006,0.009537857
5.830928e-006,0.008596705
5.832928e-006,0.01165545
5.834928e-006,0.01165545
5.836928e-006,0.01000843
5.838928e-006,0.01142016
5.840928e-006,0.008596705
5.842928e-006,0.0107143
5.844928e-006,0.0107143
5.846928e-006,0.008126129
5.848928e-006,0.01636121
5.850928e-006,0.007184978
5.852928e-006,0.01424362
5.854928e-006,0.01142016
5.856928e-006,0.01212602
5.858928e-006,0.007420266
5.860928e-006,0.008596705
5.862928e-006,0.01330246
5.864928e-006,0.01094958
5.866928e-006,0.01212602
5.868928e-006,0.01165545
5.870928e-006,0.01000843
5.872928e-006,0.006243826
5.874928e-006,0.01212602
5.876928e-006,0.0125966
5.878928e-006,0.008831993
5.880928e-006,0.008831993
5.882928e-006,0.009773145
5.884928e-006,0.01306718
5.886928e-006,0.01212602
5.888928e-006,0.006243826
5.890928e-006,0.01212602
5.892928e-006,0.007420266
5.894928e-006,0.01189074
5.896928e-006,0.01118487
5.898928e-006,0.01094958
5.900928e-006,0.007890841
5.902928e-006,0.007420266
5.904928e-006,0.008596705
5.906928e-006,0.008831993
5.908928e-006,0.01400833
5.910928e-006,0.009302569
5.912928e-006,0.009067281
5.914928e-006,0.01494948
5.916928e-006,0.006479114
5.918928e-006,0.007655554
5.920928e-006,0.01330246
5.922928e-006,0.008361417
5.924928e-006,0.0107143
5.926928e-006,0.01000843
5.928928e-006,0.01047901
5.930928e-006,0.01283189
5.932928e-006,0.007184978
5.934928e-006,0.008831993
5.936928e-006,0.009302569
5.938928e-006,0.01165545
5.940928e-006,0.0107143
5.942928e-006,0.007184978
5.944928e-006,0.01518477
5.946928e-006,0.009067281
5.948928e-006,0.006479114
5.950928e-006,0.01118487
5.952928e-006,0.00694969
5.954928e-006,0.01330246
5.956928e-006,0.009302569
5.958928e-006,0.01118487
5.960928e-006,0.007420266
5.962928e-006,0.01471419
5.964928e-006,0.01118487
5.966928e-006,0.007655554
5.968928e-006,0.009773145
5.970928e-006,0.006714402
5.972928e-006,0.01612592
5.974928e-006,0.00694969
5.976928e-006,0.009537857
5.978928e-006,0.0144789
5.980928e-006,0.009537857
5.982928e-006,0.008831993
5.984928e-006,0.009067281
5.986928e-006,0.008361417
5.988928e-006,0.01283189
5.990928e-006,0.004361523
5.992928e-006,0.008126129
5.994928e-006,0.01400833
5.996928e-006,0.009773145
5.998928e-006,0.009067281
6.000928e-006,0.009537857
6.002928e-006,0.007655554
6.004928e-006,0.01047901
6.006928e-006,0.01236131
6.008928e-006,0.01094958
6.010928e-006,0.01353775
6.012928e-006,0.01330246
6.014928e-006,0.00577325
6.016928e-006,0.009773145
6.018928e-006,0.01118487
6.020928e-006,0.01165545
6.022928e-006,0.01047901
6.024928e-006,0.008596705
6.026928e-006,0.004126235
6.028928e-006,0.008361417
6.030928e-006,0.01024372
6.032928e-006,0.01236131
6.034928e-006,0.009773145
6.036928e-006,0.01212602
6.038928e-006,0.01000843
6.040928e-006,0.0107143
6.042928e-006,0.004596811
6.044928e-006,0.01306718
6.046928e-006,0.007890841
6.048928e-006,0.007420266
6.050928e-006,0.01471419
6.052928e-006,0.01189074
6.054928e-006,0.009773145
6.056928e-006,0.009537857
6.058928e-006,0.00577325
6.060928e-006,0.01330246
6.062928e-006,0.01142016
6.064928e-006,0.01024372
6.066928e-006,0.007184978
6.068928e-006,0.01118487
6.070928e-006,0.01094958
6.072928e-006,0.008596705
6.074928e-006,0.01589063
6.076928e-006,0.01047901
6.078928e-006,0.007184978
6.080928e-006,0.009773145
6.082928e-006,0.0107143
6.084928e-006,0.009537857
6.086928e-006,0.008361417
6.088928e-006,0.0107143
6.090928e-006,0.01330246
6.092928e-006,0.01024372
6.094928e-006,0.009067281
6.096928e-006,0.01377304
6.098928e-006,0.01330246
6.100928e-006,0.0107143
6.102928e-006,0.007184978
6.104928e-006,0.01189074
6.106928e-006,0.01589063
6.108928e-006,0.004596811
6.110928e-006,0.01118487
6.112928e-006,0.008361417
6.114928e-006,0.008361417
6.116928e-006,0.01683178
6.118928e-006,0.007890841
6.120928e-006,0.01142016
6.122928e-006,0.009067281
6.124928e-006,0.01118487
6.126928e-006,0.009537857
6.128928e-006,0.01142016
6.130928e-006,0.01094958
6.132928e-006,0.004361523
6.134928e-006,0.009537857
6.136928e-006,0.01377304
6.138928e-006,0.007184978
6.140928e-006,0.008126129
6.142928e-006,0.01330246
6.144928e-006,0.006714402
6.146928e-006,0.01118487
6.148928e-006,0.009773145
6.150928e-006,0.007184978
6.152928e-006,0.009067281
6.154928e-006,0.007184978
6.156928e-006,0.008596705
6.158928e-006,0.0125966
6.160928e-006,0.009067281
6.162928e-006,0.006714402
6.164928e-006,0.007184978
6.166928e-006,0.008831993
6.168928e-006,0.008126129
6.170928e-006,0.009773145
6.172928e-006,0.01189074
6.174928e-006,0.008361417
6.176928e-006,0.009302569
6.178928e-006,0.01212602
6.180928e-006,0.01165545
6.182928e-006,0.0107143
6.184928e-006,0.009773145
6.186928e-006,0.01000843
6.188928e-006,0.006479114
6.190928e-006,0.007655554
6.192928e-006,0.008126129
6.194928e-006,0.009537857
6.196928e-006,0.01118487
6.198928e-006,0.01094958
6.200928e-006,0.009773145
6.202928e-006,0.01047901
6.204928e-006,0.01000843
6.206928e-006,0.006479114
6.208928e-006,0.006008538
6.210928e-006,0.009302569
6.212928e-006,0.00694969
6.214928e-006,0.01024372
6.216928e-006,0.009302569
6.218928e-006,0.0107143
6.220928e-006,0.007890841
6.222928e-006,0.009537857
6.224928e-006,0.007420266
6.226928e-006,0.01189074
6.228928e-006,0.01024372
6.230928e-006,0.005537962
6.232928e-006,0.01165545
6.234928e-006,0.009302569
6.236928e-006,0.009537857
6.238928e-006,0.01212602
6.240928e-006,0.005537962
6.242928e-006,0.008596705
6.244928e-006,0.01118487
6.246928e-006,0.008596705
6.248928e-006,0.01000843
6.250928e-006,0.004832099
6.252928e-006,0.01118487
6.254928e-006,0.01142016
6.256928e-006,0.006714402
6.258928e-006,0.01400833
6.260928e-006,0.0125966
6.262928e-006,0.006243826
6.264928e-006,0.007890841
6.266928e-006,0.01024372
6.268928e-006,0.01024372
6.270928e-006,0.0125966
6.272928e-006,0.01000843
6.274928e-006,0.006008538
6.276928e-006,0.01000843
6.278928e-006,0.008361417
6.280928e-006,0.007655554
6.282928e-006,0.01353775
6.284928e-006,0.004361523
6.286928e-006,0.009537857
6.288928e-006,0.009537857
6.290928e-006,0.01024372
6.292928e-006,0.01212602
6.294928e-006,0.01047901
6.296928e-006,0.008596705
6.298928e-006,0.009773145
6.300928e-006,0.01118487
6.302928e-006,0.006008538
6.304928e-006,0.004361523
6.306928e-006,0.01165545
6.308928e-006,0.00694969
6.310928e-006,0.007890841
6.312928e-006,0.01189074
6.314928e-006,0.005067386
6.316928e-006,0.00694969
6.318928e-006,0.01118487
6.320928e-006,0.01189074
6.322928e-006,0.008596705
6.324928e-006,0.01400833
6.326928e-006,0.006243826
6.328928e-006,0.009773145
6.330928e-006,0.009537857
6.332928e-006,0.01424362
6.334928e-006,0.006008538
6.336928e-006,0.009067281
6.338928e-006,0.01094958
6.340928e-006,0.006479114
6.342928e-006,0.009773145
6.344928e-006,0.00694969
6.346928e-006,0.0107143
6.348928e-006,0.009067281
6.350928e-006,0.007890841
6.352928e-006,0.00577325
6.354928e-006,0.01118487
6.356928e-006,0.0107143
6.358928e-006,0.007420266
6.360928e-006,0.008126129
6.362928e-006,0.006714402
6.364928e-006,0.01118487
6.366928e-006,0.009773145
6.368928e-006,0.007890841
6.370928e-006,0.01094958
6.372928e-006,0.01000843
6.374928e-006,0.01165545
6.376928e-006,0.007184978
6.378928e-006,0.009773145
6.380928e-006,0.01094958
6.382928e-006,0.008596705
6.384928e-006,0.008361417
6.386928e-006,0.01236131
6.388928e-006,0.01542005
6.390928e-006,0.005302674
6.392928e-006,0.009773145
6.394928e-006,0.007420266
6.396928e-006,0.01212602
6.398928e-006,0.004126235
6.400928e-006,0.01047901
6.402928e-006,0.01024372
6.404928e-006,0.006714402
6.406928e-006,0.009067281
6.408928e-006,0.01189074
6.410928e-006,0.008126129
6.412928e-006,0.009537857
6.414928e-006,0.007184978
6.416928e-006,0.002949795
6.418928e-006,0.009067281
6.420928e-006,0.007655554
6.422928e-006,0.006243826
6.424928e-006,0.01000843
6.426928e-006,0.007655554
6.428928e-006,0.007655554
6.430928e-006,0.01094958
6.432928e-006,0.009067281
6.434928e-006,0.008126129
6.436928e-006,0.01165545
6.438928e-006,0.01283189
6.440928e-006,0.01118487
6.442928e-006,0.01094958
6.444928e-006,0.004832099
6.446928e-006,0.01118487
6.448928e-006,0.01000843
6.450928e-006,0.01306718
6.452928e-006,0.01047901
6.454928e-006,0.0107143
6.456928e-006,0.006243826
6.458928e-006,0.009302569
6.460928e-006,0.008831993
6.462928e-006,0.007420266
6.464928e-006,0.008596705
6.466928e-006,0.009537857
6.468928e-006,0.008126129
6.470928e-006,0.009302569
6.472928e-006,0.01118487
6.474928e-006,0.007655554
6.476928e-006,0.007184978
6.478928e-006,0.007184978
6.480928e-006,0.007655554
6.482928e-006,0.01000843
6.484928e-006,0.01165545
6.486928e-006,0.01094958
6.488928e-006,0.0144789
6.490928e-006,0.009067281
6.492928e-006,0.004832099
6.494928e-006,0.006714402
6.496928e-006,0.01212602
6.498928e-006,0.009067281
6.500928e-006,0.008361417
6.502928e-006,0.01189074
6.504928e-006,0.007890841
6.506928e-006,0.01142016
6.508928e-006,0.01024372
6.510928e-006,0.01000843
6.512928e-006,0.008361417
6.514928e-006,0.01683178
6.516928e-006,0.003185083
6.518928e-006,0.0107143
6.520928e-006,0.007890841
6.522928e-006,0.008596705
6.524928e-006,0.00694969
6.526928e-006,0.01024372
6.528928e-006,0.008361417
6.530928e-006,0.005537962
6.532928e-006,0.01636121
6.534928e-006,0.007890841
6.536928e-006,0.000596916
6.538928e-006,0.01306718
6.540928e-006,0.01236131
6.542928e-006,0.00577325
6.544928e-006,0.01000843
6.546928e-006,0.008831993
6.548928e-006,0.01236131
6.550928e-006,0.004832099
6.552928e-006,0.008361417
6.554928e-006,0.0107143
6.556928e-006,0.008596705
6.558928e-006,0.01047901
6.560928e-006,0.009537857
6.562928e-006,0.01047901
6.564928e-006,0.009773145
6.566928e-006,0.008361417
6.568928e-006,0.005537962
6.570928e-006,0.009067281
6.572928e-006,0.008126129
6.574928e-006,0.008831993
6.576928e-006,0.007420266
6.578928e-006,0.01165545
6.580928e-006,0.006714402
6.582928e-006,0.004126235
6.584928e-006,0.01236131
6.586928e-006,0.01094958
6.588928e-006,0.01236131
6.590928e-006,0.005302674
6.592928e-006,0.007184978
6.594928e-006,0.01000843
6.596928e-006,0.0125966
6.598928e-006,0.01047901
6.600928e-006,0.004126235
6.602928e-006,0.01024372
6.604928e-006,0.0107143
6.606928e-006,0.008831993
6.608928e-006,0.004361523
6.610928e-006,0.008831993
6.612928e-006,0.008831993
6.614928e-006,0.007184978
6.616928e-006,0.004361523
6.618928e-006,0.01236131
6.620928e-006,0.01142016
6.622928e-006,0.006714402
6.624928e-006,0.009067281
6.626928e-006,0.006243826
6.628928e-006,0.006714402
6.630928e-006,0.008831993
6.632928e-006,0.003655659
6.634928e-006,0.01377304
6.636928e-006,0.00694969
6.638928e-006,0.009537857
6.640928e-006,0.008831993
6.642928e-006,0.006479114
6.644928e-006,0.00694969
6.646928e-006,0.01165545
6.648928e-006,0.006479114
6.650928e-006,0.007420266
6.652928e-006,0.007184978
6.654928e-006,0.01047901
6.656928e-006,0.008361417
6.658928e-006,0.01306718
6.660928e-006,0.005302674
6.662928e-006,0.01024372
6.664928e-006,0.01094958
6.666928e-006,0.006479114
6.668928e-006,0.00694969
6.670928e-006,0.006008538
6.672928e-006,0.009773145
6.674928e-006,0.008831993
6.676928e-006,0.009537857
6.678928e-006,0.008126129
6.680928e-006,0.009773145
6.682928e-006,0.01212602
6.684928e-006,0.007184978
6.686928e-006,0.01424362
6.688928e-006,0.006243826
6.690928e-006,0.01142016
6.692928e-006,0.01189074
6.694928e-006,0.009773145
6.696928e-006,0.01047901
6.698928e-006,0.003185083
6.700928e-006,0.01142016
6.702928e-006,0.007420266
6.704928e-006,0.006479114
6.706928e-006,0.01494948
6.708928e-006,0.008361417
6.710928e-006,0.009773145
6.712928e-006,0.01518477
6.714928e-006,0.006714402
6.716928e-006,0.009067281
6.718928e-006,0.01094958
6.720928e-006,0.007890841
6.722928e-006,0.00694969
6.724928e-006,0.009773145
6.726928e-006,0.01047901
6.728928e-006,0.008596705
6.730928e-006,0.007655554
6.732928e-006,0.009067281
6.734928e-006,0.01024372
6.736928e-006,0.009537857
6.738928e-006,0.00577325
6.740928e-006,0.008596705
6.742928e-006,0.009302569
6.744928e-006,0.00694969
6.746928e-006,0.00577325
6.748928e-006,0.009773145
6.750928e-006,0.008126129
6.752928e-006,0.01118487
6.754928e-006,0.008596705
6.756928e-006,0.009302569
6.758928e-006,0.009302569
6.760928e-006,0.008126129
6.762928e-006,0.007420266
6.764928e-006,0.008361417
6.766928e-006,0.01424362
6.768928e-006,0.002243931
6.770928e-006,0.007184978
6.772928e-006,0.01283189
6.774928e-006,0.007890841
6.776928e-006,0.01142016
6.778928e-006,0.005537962
6.780928e-006,0.009773145
6.782928e-006,0.006243826
6.784928e-006,0.008831993
6.786928e-006,0.009302569
6.788928e-006,0.008596705
6.790928e-006,0.01024372
6.792928e-006,0.009302569
6.794928e-006,0.01165545
6.796928e-006,0.006243826
6.798928e-006,0.009302569
6.800928e-006,0.007890841
6.802928e-006,0.005067386
6.804928e-006,0.01118487
6.806928e-006,0.006479114
6.808928e-006,0.007655554
6.810928e-006,0.008361417
6.812928e-006,0.005302674
6.814928e-006,0.01047901
6.816928e-006,0.008831993
6.818928e-006,0.008361417
6.820928e-006,0.01047901
6.822928e-006,0.007420266
6.824928e-006,0.009773145
6.826928e-006,0.006714402
6.828928e-006,0.01189074
6.830928e-006,0.006714402
6.832928e-006,0.01024372
6.834928e-006,0.006008538
6.836928e-006,0.01165545
6.838928e-006,0.01283189
6.840928e-006,0.005537962
6.842928e-006,0.01000843
6.844928e-006,0.01000843
6.846928e-006,0.009067281
6.848928e-006,0.003655659
6.850928e-006,0.008831993
6.852928e-006,0.006714402
6.854928e-006,0.007655554
6.856928e-006,0.01189074
6.858928e-006,0.006479114
6.860928e-006,0.01165545
6.862928e-006,0.007184978
6.864928e-006,0.006243826
6.866928e-006,0.009773145
6.868928e-006,0.009302569
6.870928e-006,0.01353775
6.872928e-006,0.007420266
6.874928e-006,0.005067386
6.876928e-006,0.006479114
6.878928e-006,0.009067281
6.880928e-006,0.01024372
6.882928e-006,0.01212602
6.884928e-006,0.007655554
6.886928e-006,0.008596705
6.888928e-006,0.01165545
6.890928e-006,0.0107143
6.892928e-006,0.007420266
6.894928e-006,0.007655554
6.896928e-006,0.005067386
6.898928e-006,0.007184978
6.900928e-006,0.00577325
6.902928e-006,0.01212602
6.904928e-006,0.007420266
6.906928e-006,0.01000843
6.908928e-006,0.008126129
6.910928e-006,0.01330246
6.912928e-006,0.01024372
6.914928e-006,0.005067386
6.916928e-006,0.0107143
6.918928e-006,0.007655554
6.920928e-006,0.009773145
6.922928e-006,0.006714402
6.924928e-006,0.008831993
6.926928e-006,0.00694969
6.928928e-006,0.007890841
6.930928e-006,0.009067281
6.932928e-006,0.00694969
6.934928e-006,0.0125966
6.936928e-006,0.01400833
6.938928e-006,0.007184978
6.940928e-006,0.006714402
6.942928e-006,0.01424362
6.944928e-006,0.003185083
6.946928e-006,0.00577325
6.948928e-006,0.008361417
6.950928e-006,0.009067281
6.952928e-006,0.009302569
6.954928e-006,0.007655554
6.956928e-006,0.007655554
6.958928e-006,0.008126129
6.960928e-006,0.003420371
6.962928e-006,0.01118487
6.964928e-006,0.01377304
6.966928e-006,0.008126129
6.968928e-006,0.006479114
6.970928e-006,0.009302569
6.972928e-006,0.006479114
6.974928e-006,0.008361417
6.976928e-006,0.006008538
6.978928e-006,0.005537962
6.980928e-006,0.01353775
6.982928e-006,0.008126129
6.984928e-006,0.009773145
6.986928e-006,0.01047901
6.988928e-006,0.008361417
6.990928e-006,0.007420266
6.992928e-006,0.007184978
6.994928e-006,0.008831993
6.996928e-006,0.008596705
6.998928e-006,0.008126129
7.000928e-006,0.009302569
7.002928e-006,0.009537857
7.004928e-006,0.006243826
7.006928e-006,0.01047901
7.008928e-006,0.005537962
7.010928e-006,0.009067281
7.012928e-006,0.006243826
7.014928e-006,0.01353775
7.016928e-006,0.003655659
7.018928e-006,0.004596811
7.020928e-006,0.01142016
7.022928e-006,0.01118487
7.024928e-006,0.007184978
7.026928e-006,0.009067281
7.028928e-006,0.00577325
7.030928e-006,0.00694969
7.032928e-006,0.01236131
7.034928e-006,0.0107143
7.036928e-006,0.008126129
7.038928e-006,0.01000843
7.040928e-006,0.01142016
7.042928e-006,0.003420371
7.044928e-006,0.008596705
7.046928e-006,0.006714402
7.048928e-006,0.009067281
7.050928e-006,0.0125966
7.052928e-006,0.003655659
7.054928e-006,0.01024372
7.056928e-006,0.008831993
7.058928e-006,0.01047901
7.060928e-006,0.00694969
7.062928e-006,0.007420266
7.064928e-006,0.008361417
7.066928e-006,0.009773145
7.068928e-006,0.01024372
7.070928e-006,0.009537857
7.072928e-006,0.008596705
7.074928e-006,0.008596705
7.076928e-006,0.006479114
7.078928e-006,0.005067386
7.080928e-006,0.008596705
7.082928e-006,0.01330246
7.084928e-006,0.005537962
7.086928e-006,0.005302674
7.088928e-006,0.0125966
7.090928e-006,0.009773145
7.092928e-006,0.007420266
7.094928e-006,0.003890947
7.096928e-006,0.007890841
7.098928e-006,0.006243826
7.100928e-006,0.009302569
7.102928e-006,0.00577325
7.104928e-006,0.006479114
7.106928e-006,0.008126129
7.108928e-006,0.006479114
7.110928e-006,0.007655554
7.112928e-006,0.01236131
7.114928e-006,0.009773145
7.116928e-006,0.01047901
7.118928e-006,0.008361417
7.120928e-006,0.003420371
7.122928e-006,0.006479114
7.124928e-006,0.008361417
7.126928e-006,0.01024372
7.128928e-006,0.009773145
7.130928e-006,0.007184978
7.132928e-006,0.007655554
7.134928e-006,0.01118487
7.136928e-006,0.01024372
7.138928e-006,0.008126129
7.140928e-006,0.008831993
7.142928e-006,0.009773145
7.144928e-006,0.006479114
7.146928e-006,0.004596811
7.148928e-006,0.009773145
7.150928e-006,0.01047901
7.152928e-006,0.008361417
7.154928e-006,0.008831993
7.156928e-006,0.006008538
7.158928e-006,0.01142016
7.160928e-006,0.007890841
7.162928e-006,0.008126129
7.164928e-006,0.008361417
7.166928e-006,0.005302674
7.168928e-006,0.006008538
7.170928e-006,0.009302569
7.172928e-006,0.009537857
7.174928e-006,0.01094958
7.176928e-006,0.007420266
7.178928e-006,0.003655659
7.180928e-006,0.01236131
7.182928e-006,0.01283189
7.184928e-006,0.0001263402
7.186928e-006,0.005302674
7.188928e-006,0.009537857
7.190928e-006,0.01118487
7.192928e-006,0.007890841
7.194928e-006,0.004596811
7.196928e-006,0.009067281
7.198928e-006,0.009067281
7.200928e-006,0.003655659
7.202928e-006,0.005537962
7.204928e-006,0.01212602
7.206928e-006,0.006714402
7.208928e-006,0.008596705
7.210928e-006,0.006243826
7.212928e-006,0.005537962
7.214928e-006,0.007420266
7.216928e-006,0.005537962
7.218928e-006,0.0107143
7.220928e-006,0.009067281
7.222928e-006,0.004126235
7.224928e-006,0.006008538
7.226928e-006,0.009537857
7.228928e-006,0.009537857
7.230928e-006,0.01189074
7.232928e-006,0.00694969
7.234928e-006,0.003890947
7.236928e-006,0.009537857
7.238928e-006,0.008361417
7.240928e-006,0.004832099
7.242928e-006,0.008126129
7.244928e-006,0.0107143
7.246928e-006,0.003890947
7.248928e-006,0.008361417
7.250928e-006,0.004126235
7.252928e-006,0.01142016
7.254928e-006,0.009537857
7.256928e-006,0.004596811
7.258928e-006,0.01047901
7.260928e-006,0.01000843
7.262928e-006,0.003890947
7.264928e-006,0.01094958
7.266928e-006,0.007420266
7.268928e-006,0.01047901
7.270928e-006,0.007420266
7.272928e-006,0.01165545
7.274928e-006,0.007420266
7.276928e-006,0.006714402
7.278928e-006,0.0107143
7.280928e-006,0.01165545
7.282928e-006,0.005067386
7.284928e-006,0.005302674
7.286928e-006,0.01165545
7.288928e-006,0.009773145
7.290928e-006,0.006008538
7.292928e-006,0.01142016
7.294928e-006,0.006479114
7.296928e-006,0.00694969
7.298928e-006,0.004832099
7.300928e-006,0.009067281
7.302928e-006,0.005067386
7.304928e-006,0.009537857
7.306928e-006,0.004126235
7.308928e-006,0.01118487
7.310928e-006,0.01165545
7.312928e-006,0.007184978
7.314928e-006,0.006008538
7.316928e-006,0.009302569
7.318928e-006,0.01189074
7.320928e-006,0.006479114
7.322928e-006,0.006714402
7.324928e-006,0.007655554
7.326928e-006,0.008596705
7.328928e-006,0.007655554
7.330928e-006,0.006243826
7.332928e-006,0.008596705
7.334928e-006,0.005067386
7.336928e-006,0.009537857
7.338928e-006,0.01000843
7.340928e-006,0.005537962
7.342928e-006,0.01189074
7.344928e-006,0.007420266
7.346928e-006,0.00577325
7.348928e-006,0.008831993
7.350928e-006,0.004832099
7.352928e-006,0.01189074
7.354928e-006,0.007420266
7.356928e-006,0.00577325
7.358928e-006,0.008126129
7.360928e-006,0.01047901
7.362928e-006,0.01024372
7.364928e-006,0.006714402
7.366928e-006,0.006714402
7.368928e-006,0.008831993
7.370928e-006,0.005537962
7.372928e-006,0.00694969
7.374928e-006,0.01236131
7.376928e-006,0.01047901
7.378928e-006,0.007655554
7.380928e-006,0.004126235
7.382928e-006,0.01118487
7.384928e-006,0.006008538
7.386928e-006,0.00694969
7.388928e-006,0.009537857
7.390928e-006,0.009302569
7.392928e-006,0.005537962
7.394928e-006,0.01189074
7.396928e-006,0.0107143
7.398928e-006,0.007184978
7.400928e-006,0.006243826
7.402928e-006,0.009773145
7.404928e-006,0.008596705
7.406928e-006,0.0107143
7.408928e-006,0.008126129
7.410928e-006,0.006008538
7.412928e-006,0.01306718
7.414928e-006,0.004832099
7.416928e-006,0.007655554
7.418928e-006,0.006243826
7.420928e-006,0.007655554
7.422928e-006,0.009537857
7.424928e-006,0.009537857
7.426928e-006,0.004832099
7.428928e-006,0.008831993
7.430928e-006,0.004832099
7.432928e-006,0.008831993
7.434928e-006,0.01118487
7.436928e-006,0.002243931
7.438928e-006,0.004126235
7.440928e-006,0.00694969
7.442928e-006,0.008831993
7.444928e-006,0.008361417
7.446928e-006,0.007420266
7.448928e-006,0.008126129
7.450928e-006,0.008126129
7.452928e-006,0.007420266
7.454928e-006,0.007184978
7.456928e-006,0.006008538
7.458928e-006,0.009773145
7.460928e-006,0.00577325
7.462928e-006,0.006008538
7.464928e-006,0.005067386
7.466928e-006,0.01024372
7.468928e-006,0.01212602
7.470928e-006,0.009067281
7.472928e-006,0.007420266
7.474928e-006,0.005537962
7.476928e-006,0.0144789
7.478928e-006,0.004832099
7.480928e-006,0.007655554
7.482928e-006,0.007420266
7.484928e-006,0.007420266
7.486928e-006,0.01024372
7.488928e-006,0.006479114
7.490928e-006,0.003890947
7.492928e-006,0.01306718
7.494928e-006,0.003420371
7.496928e-006,0.01024372
7.498928e-006,0.005537962
7.500928e-006,0.008126129
7.502928e-006,0.008831993
7.504928e-006,0.008596705
7.506928e-006,0.006479114
7.508928e-006,0.009537857
7.510928e-006,0.008126129
7.512928e-006,0.007420266
7.514928e-006,0.008596705
7.516928e-006,0.008361417
7.518928e-006,0.009067281
7.520928e-006,0.009302569
7.522928e-006,0.00577325
7.524928e-006,0.005537962
7.526928e-006,0.009773145
7.528928e-006,0.007420266
7.530928e-006,0.01024372
7.532928e-006,0.00694969
7.534928e-006,0.01142016
7.536928e-006,0.003890947
7.538928e-006,0.009067281
7.540928e-006,0.009537857
7.542928e-006,0.005067386
7.544928e-006,0.007420266
7.546928e-006,0.005537962
7.548928e-006,0.008361417
7.550928e-006,0.01118487
7.552928e-006,0.00577325
7.554928e-006,0.008596705
7.556928e-006,0.008361417
7.558928e-006,0.006008538
7.560928e-006,0.005537962
7.562928e-006,0.01047901
7.564928e-006,0.01283189
7.566928e-006,0.003890947
7.568928e-006,0.004832099
7.570928e-006,0.009302569
7.572928e-006,0.008831993
7.574928e-006,0.009773145
7.576928e-006,0.01000843
7.578928e-006,0.007184978
7.580928e-006,0.002714507
7.582928e-006,0.008596705
7.584928e-006,0.006714402
7.586928e-006,0.007420266
7.588928e-006,0.01212602
7.590928e-006,0.004832099
7.592928e-006,0.008361417
7.594928e-006,0.00577325
7.596928e-006,0.009302569
7.598928e-006,0.008596705
7.600928e-006,0.006479114
7.602928e-006,0.006714402
7.604928e-006,0.007184978
7.606928e-006,0.008361417
7.608928e-006,0.005537962
7.610928e-006,0.009067281
7.612928e-006,0.006243826
7.614928e-006,0.009302569
7.616928e-006,0.003655659
7.618928e-006,0.006243826
7.620928e-006,0.009773145
7.622928e-006,0.01283189
7.624928e-006,0.006479114
7.626928e-006,0.00694969
7.628928e-006,0.007420266
7.630928e-006,0.01000843
7.632928e-006,0.008831993
7.634928e-006,0.008596705
7.636928e-006,0.004596811
7.638928e-006,0.006479114
7.640928e-006,0.009067281
7.642928e-006,0.008831993
7.644928e-006,0.007655554
7.646928e-006,0.007184978
7.648928e-006,0.007890841
7.650928e-006,0.007184978
7.652928e-006,0.008596705
7.654928e-006,0.01118487
7.656928e-006,0.007420266
7.658928e-006,0.007184978
7.660928e-006,0.008126129
7.662928e-006,0.008596705
7.664928e-006,0.004832099
7.666928e-006,0.00694969
7.668928e-006,0.008831993
7.670928e-006,0.001067492
7.672928e-006,0.01024372
7.674928e-006,0.01118487
7.676928e-006,0.007655554
7.678928e-006,0.003185083
7.680928e-006,0.007420266
7.682928e-006,0.006243826
7.684928e-006,0.00694969
7.686928e-006,0.01047901
7.688928e-006,0.01189074
7.690928e-006,0.008126129
7.692928e-006,0.008596705
7.694928e-006,0.006714402
7.696928e-006,0.01047901
7.698928e-006,0.004361523
7.700928e-006,0.009537857
7.702928e-006,0.006008538
7.704928e-006,0.009773145
7.706928e-006,0.01024372
7.708928e-006,0.004596811
7.710928e-006,0.008596705
7.712928e-006,0.006479114
7.714928e-006,0.00694969
7.716928e-006,0.006479114
7.718928e-006,0.008831993
7.720928e-006,0.007655554
7.722928e-006,0.01142016
7.724928e-006,0.01024372
7.726928e-006,0.006008538
7.728928e-006,0.003420371
7.730928e-006,0.00694969
7.732928e-006,0.008596705
7.734928e-006,0.006243826
7.736928e-006,0.004832099
7.738928e-006,0.008831993
7.740928e-006,0.0107143
7.742928e-006,0.008361417
7.744928e-006,0.007420266
7.746928e-006,0.01189074
7.748928e-006,0.009067281
7.750928e-006,0.007420266
7.752928e-006,0.006714402
7.754928e-006,0.003185083
7.756928e-006,0.004596811
7.758928e-006,0.007655554
7.760928e-006,0.01000843
7.762928e-006,0.007184978
7.764928e-006,0.01000843
7.766928e-006,0.007184978
7.768928e-006,0.008126129
7.770928e-006,0.007655554
7.772928e-006,0.005537962
7.774928e-006,0.003655659
7.776928e-006,0.008361417
7.778928e-006,0.0107143
7.780928e-006,0.01024372
7.782928e-006,0.006243826
7.784928e-006,0.01047901
7.786928e-006,0.01047901
7.788928e-006,0.009773145
7.790928e-006,0.006008538
7.792928e-006,0.005537962
7.794928e-006,0.01000843
7.796928e-006,0.007655554
7.798928e-006,0.008361417
7.800928e-006,0.006714402
7.802928e-006,0.005537962
7.804928e-006,0.01142016
7.806928e-006,0.006008538
7.808928e-006,0.01047901
7.810928e-006,0.008361417
7.812928e-006,0.005302674
7.814928e-006,0.007655554
7.816928e-006,0.007184978
7.818928e-006,0.009537857
7.820928e-006,0.002714507
7.822928e-006,0.01165545
7.824928e-006,0.008831993
7.826928e-006,0.006008538
7.828928e-006,0.008126129
7.830928e-006,0.006243826
7.832928e-006,0.006008538
7.834928e-006,0.0144789
7.836928e-006,0.009067281
7.838928e-006,0.00577325
7.840928e-006,0.00694969
7.842928e-006,0.007420266
7.844928e-006,0.007655554
7.846928e-006,0.007184978
7.848928e-006,0.006008538
7.850928e-006,0.007655554
7.852928e-006,0.01000843
7.854928e-006,0.007655554
7.856928e-006,0.004596811
7.858928e-006,0.007184978
7.860928e-006,0.006243826
7.862928e-006,0.01283189
7.864928e-006,0.004361523
7.866928e-006,0.00577325
7.868928e-006,0.009302569
7.870928e-006,0.00577325
7.872928e-006,0.007890841
7.874928e-006,0.009067281
7.876928e-006,0.009773145
7.878928e-006,0.008831993
7.880928e-006,0.00694969
7.882928e-006,0.01024372
7.884928e-006,0.006479114
7.886928e-006,0.005537962
7.888928e-006,0.009537857
7.890928e-006,0.005537962
7.892928e-006,0.009302569
7.894928e-006,0.007184978
7.896928e-006,0.007184978
7.898928e-006,0.01306718
7.900928e-006,0.004126235
7.902928e-006,0.009537857
7.904928e-006,0.005302674
7.906928e-006,0.007184978
7.908928e-006,0.01330246
7.910928e-006,0.007184978
7.912928e-006,0.008126129
7.914928e-006,0.004126235
7.916928e-006,0.009773145
7.918928e-006,0.006243826
7.920928e-006,0.009067281
7.922928e-006,0.004596811
7.924928e-006,0.00577325
7.926928e-006,0.01000843
7.928928e-006,0.0125966
7.930928e-006,0.007420266
7.932928e-006,0.004832099
7.934928e-006,0.004596811
7.936928e-006,0.009537857
7.938928e-006,0.005537962
7.940928e-006,0.009773145
7.942928e-006,0.00694969
7.944928e-006,0.007655554
7.946928e-006,0.008126129
7.948928e-006,0.003655659
7.950928e-006,0.008361417
7.952928e-006,0.008596705
7.954928e-006,0.002949795
7.956928e-006,0.009773145
7.958928e-006,0.00577325
7.960928e-006,0.01000843
7.962928e-006,0.004832099
7.964928e-006,0.01024372
7.966928e-006,0.007890841
7.968928e-006,0.008596705
7.970928e-006,0.00577325
7.972928e-006,0.006008538
7.974928e-006,0.009773145
7.976928e-006,0.01118487
7.978928e-006,0.006008538
7.980928e-006,0.006008538
7.982928e-006,0.008361417
7.984928e-006,0.009302569
7.986928e-006,0.008361417
7.988928e-006,0.006479114
7.990928e-006,0.00694969
7.992928e-006,0.005537962
7.994928e-006,0.01283189
7.996928e-006,0.003655659
7.998928e-006,0.004832099
8.000928e-006,0.00694969
8.002928e-006,0.01024372
8.004928e-006,0.003420371
8.006928e-006,0.008361417
8.008928e-006,0.006008538
8.010928e-006,0.0107143
8.012928e-006,0.003890947
8.014928e-006,0.006479114
8.016928e-006,0.009537857
8.018928e-006,0.008361417
8.020928e-006,0.01142016
8.022928e-006,0.004832099
8.024928e-006,0.00577325
8.026928e-006,0.009067281
8.028928e-006,0.004361523
8.030928e-006,0.007890841
8.032928e-006,0.007420266
8.034928e-006,0.007420266
8.036928e-006,0.009302569
8.038928e-006,0.006714402
8.040928e-006,0.00694969
8.042928e-006,0.009067281
8.044928e-006,0.006714402
8.046928e-006,0.009067281
8.048928e-006,0.004126235
8.050928e-006,0.006243826
8.052928e-006,0.009537857
8.054928e-006,0.004832099
8.056928e-006,0.01047901
8.058928e-006,0.006479114
8.060928e-006,0.007890841
8.062928e-006,0.004361523
8.064928e-006,0.006008538
8.066928e-006,0.006714402
8.068928e-006,0.005067386
8.070928e-006,0.00694969
8.072928e-006,0.008126129
8.074928e-006,0.008126129
8.076928e-006,0.007184978
8.078928e-006,0.006008538
8.080928e-006,0.00694969
8.082928e-006,0.006714402
8.084928e-006,0.00694969
8.086928e-006,0.006243826
8.088928e-006,0.007184978
8.090928e-006,0.01353775
8.092928e-006,0.005067386
8.094928e-006,0.01165545
8.096928e-006,0.005067386
8.098928e-006,0.006008538
8.100928e-006,0.008361417
8.102928e-006,0.00694969
8.104928e-006,0.009067281
8.106928e-006,0.006479114
8.108928e-006,0.008126129
8.110928e-006,0.002243931
8.112928e-006,0.008596705
8.114928e-006,0.007890841
8.116928e-006,0.00577325
8.118928e-006,0.009302569
8.120928e-006,0.004361523
8.122928e-006,0.008596705
8.124928e-006,0.01000843
8.126928e-006,0.007655554
8.128928e-006,0.006479114
8.130928e-006,0.00694969
8.132928e-006,0.007184978
8.134928e-006,0.007890841
8.136928e-006,0.004832099
8.138928e-006,0.009773145
8.140928e-006,0.01212602
8.142928e-006,0.009067281
8.144928e-006,0.004596811
8.146928e-006,0.004361523
8.148928e-006,0.006714402
8.150928e-006,0.006479114
8.152928e-006,0.009537857
8.154928e-006,0.008831993
8.156928e-006,0.007655554
8.158928e-006,0.008596705
8.160928e-006,0.005067386
8.162928e-006,0.007655554
8.164928e-006,0.006714402
8.166928e-006,0.009067281
8.168928e-006,0.007184978
8.170928e-006,0.009067281
8.172928e-006,0.008831993
8.174928e-006,0.005537962
8.176928e-006,0.004361523
8.178928e-006,0.007890841
8.180928e-006,0.007184978
8.182928e-006,0.00577325
8.184928e-006,0.003185083
8.186928e-006,0.009537857
8.188928e-006,0.0107143
8.190928e-006,0.002243931
8.192928e-006,0.007655554
8.194928e-006,0.01094958
8.196928e-006,0.003655659
8.198928e-006,0.008831993
8.200928e-006,0.004126235
8.202928e-006,0.009302569
8.204928e-006,0.007655554
8.206928e-006,0.009773145
8.208928e-006,0.005067386
8.210928e-006,0.006008538
8.212928e-006,0.009537857
8.214928e-006,0.006714402
8.216928e-006,0.004596811
8.218928e-006,0.00694969
8.220928e-006,0.01118487
8.222928e-006,0.007420266
8.224928e-006,0.006479114
8.226928e-006,0.009773145
8.228928e-006,0.002949795
8.230928e-006,0.01024372
8.232928e-006,0.006714402
8.234928e-006,0.008596705
8.236928e-006,0.006479114
8.238928e-006,0.007420266
8.240928e-006,0.004832099
8.242928e-006,0.01047901
8.244928e-006,0.002949795
8.246928e-006,0.005067386
8.248928e-006,0.003185083
8.250928e-006,0.008596705
8.252928e-006,0.003185083
8.254928e-006,0.006714402
8.256928e-006,0.006714402
8.258928e-006,0.01494948
8.260928e-006,0.008126129
8.262928e-006,0.005537962
8.264928e-006,0.008831993
8.266928e-006,0.0107143
8.268928e-006,0.00577325
8.270928e-006,0.006008538
8.272928e-006,0.004832099
8.274928e-006,0.008361417
8.276928e-006,0.00694969
8.278928e-006,0.01024372
8.280928e-006,0.01142016
8.282928e-006,0.004596811
8.284928e-006,0.007184978
8.286928e-006,0.007184978
8.288928e-006,0.007184978
8.290928e-006,0.007890841
8.292928e-006,0.003185083
8.294928e-006,0.01000843
8.296928e-006,0.008361417
8.298928e-006,0.004596811
8.300928e-006,0.009537857
8.302928e-006,0.01024372
8.304928e-006,0.002243931
8.306928e-006,0.004361523
8.308928e-006,0.007655554
8.310928e-006,0.005302674
8.312928e-006,0.005302674
8.314928e-006,0.009773145
8.316928e-006,0.008596705
8.318928e-006,0.008126129
8.320928e-006,0.006008538
8.322928e-006,0.006479114
8.324928e-006,0.005537962
8.326928e-006,0.00130278
8.328928e-006,0.008596705
8.330928e-006,0.009302569
8.332928e-006,0.001773356
8.334928e-006,0.01000843
8.336928e-006,0.007420266
8.338928e-006,0.004126235
8.340928e-006,0.008126129
8.342928e-006,0.008596705
8.344928e-006,0.009302569
8.346928e-006,0.006714402
8.348928e-006,0.004832099
8.350928e-006,0.003890947
8.352928e-006,0.01000843
8.354928e-006,0.009537857
8.356928e-006,0.008361417
8.358928e-006,0.004126235
8.360928e-006,0.005067386
8.362928e-006,0.006008538
8.364928e-006,0.00577325
8.366928e-006,0.007420266
8.368928e-006,0.007655554
8.370928e-006,0.01047901
8.372928e-006,0.005067386
8.374928e-006,0.007655554
8.376928e-006,0.006243826
8.378928e-006,0.004361523
8.380928e-006,0.002949795
8.382928e-006,0.008126129
8.384928e-006,0.007890841
8.386928e-006,0.006243826
8.388928e-006,0.004126235
8.390928e-006,0.009067281
8.392928e-006,0.01165545
8.394928e-006,0.0107143
8.396928e-006,0.004596811
8.398928e-006,0.003655659
8.400928e-006,0.009302569
8.402928e-006,0.00577325
8.404928e-006,0.00577325
8.406928e-006,0.004126235
8.408928e-006,0.01189074
8.410928e-006,0.004832099
8.412928e-006,0.003655659
8.414928e-006,0.007655554
8.416928e-006,0.005067386
8.418928e-006,0.005537962
8.420928e-006,0.009537857
8.422928e-006,0.005537962
8.424928e-006,0.007420266
8.426928e-006,0.007184978
8.428928e-006,0.006008538
8.430928e-006,0.006008538
8.432928e-006,0.006243826
8.434928e-006,0.005067386
8.436928e-006,0.006714402
8.438928e-006,0.007655554
8.440928e-006,0.007890841
8.442928e-006,0.007420266
8.444928e-006,0.01142016
8.446928e-006,0.003185083
8.448928e-006,0.006008538
8.450928e-006,0.004126235
8.452928e-006,0.006479114
8.454928e-006,0.008361417
8.456928e-006,0.007890841
8.458928e-006,0.006479114
8.460928e-006,0.006008538
8.462928e-006,0.007890841
8.464928e-006,0.007184978
8.466928e-006,0.007655554
8.468928e-006,0.01165545
8.470928e-006,0.006008538
8.472928e-006,0.008126129
8.474928e-006,0.007420266
8.476928e-006,0.004361523
8.478928e-006,0.004596811
8.480928e-006,0.007655554
8.482928e-006,0.01024372
8.484928e-006,0.004596811
8.486928e-006,0.004832099
8.488928e-006,0.004361523
8.490928e-006,0.005302674
8.492928e-006,0.005067386
8.494928e-006,0.01094958
8.496928e-006,0.006479114
8.498928e-006,0.003655659
8.500928e-006,0.007655554
8.502928e-006,0.006479114
8.504928e-006,0.00577325
8.506928e-006,0.009537857
8.508928e-006,0.008596705
8.510928e-006,0.006714402
8.512928e-006,0.003655659
8.514928e-006,0.008361417
8.516928e-006,0.004832099
8.518928e-006,0.009067281
8.520928e-006,0.004832099
8.522928e-006,0.01236131
8.524928e-006,0.005067386
8.526928e-006,0.002949795
8.528928e-006,0.009302569
8.530928e-006,0.01189074
8.532928e-006,0.002714507
8.534928e-006,0.004361523
8.536928e-006,0.006714402
8.538928e-006,0.006243826
8.540928e-006,0.00694969
8.542928e-006,0.004126235
8.544928e-006,0.007890841
8.546928e-006,0.007890841
8.548928e-006,0.009067281
8.550928e-006,0.006008538
8.552928e-006,0.004596811
8.554928e-006,0.00577325
8.556928e-006,0.002949795
8.558928e-006,0.005067386
8.560928e-006,0.008596705
8.562928e-006,0.004596811
8.564928e-006,0.01024372
8.566928e-006,0.005302674
8.568928e-006,0.004596811
8.570928e-006,0.008596705
8.572928e-006,0.009067281
8.574928e-006,0.006243826
8.576928e-006,0.006243826
8.578928e-006,0.006243826
8.580928e-006,0.00694969
8.582928e-006,0.007420266
8.584928e-006,0.008361417
8.586928e-006,0.005302674
8.588928e-006,0.006243826
8.590928e-006,0.004832099
8.592928e-006,0.006243826
8.594928e-006,0.006479114
8.596928e-006,0.007420266
8.598928e-006,0.006479114
8.600928e-006,0.0107143
8.602928e-006,0.005537962
8.604928e-006,0.002949795
8.606928e-006,0.008596705
8.608928e-006,0.008361417
8.610928e-006,0.004126235
8.612928e-006,0.008596705
8.614928e-006,0.01094958
8.616928e-006,0.005067386
8.618928e-006,0.00694969
8.620928e-006,0.006243826
8.622928e-006,0.01094958
8.624928e-006,0.004126235
8.626928e-006,0.005067386
8.628928e-006,0.002008644
8.630928e-006,0.006243826
8.632928e-006,0.0107143
8.634928e-006,0.009302569
8.636928e-006,0.003890947
8.638928e-006,0.005302674
8.640928e-006,0.00577325
8.642928e-006,0.005537962
8.644928e-006,0.01118487
8.646928e-006,0.007890841
8.648928e-006,0.008831993
8.650928e-006,0.008126129
8.652928e-006,0.003185083
8.654928e-006,0.008596705
8.656928e-006,0.005537962
8.658928e-006,0.006008538
8.660928e-006,0.006479114
8.662928e-006,0.008126129
8.664928e-006,0.006714402
8.666928e-006,0.008596705
8.668928e-006,0.005067386
8.670928e-006,0.009302569
8.672928e-006,0.00577325
8.674928e-006,0.005537962
8.676928e-006,0.003890947
8.678928e-006,0.01047901
8.680928e-006,0.007655554
8.682928e-006,0.003655659
8.684928e-006,0.006714402
8.686928e-006,0.007420266
8.688928e-006,0.004126235
8.690928e-006,0.007420266
8.692928e-006,0.005067386
8.694928e-006,0.01024372
8.696928e-006,0.006479114
8.698928e-006,0.006714402
8.700928e-006,0.007655554
8.702928e-006,0.005067386
8.704928e-006,0.00694969
8.706928e-006,0.00694969
8.708928e-006,0.005067386
8.710928e-006,0.008596705
8.712928e-006,0.004126235
8.714928e-006,0.008596705
8.716928e-006,0.008596705
8.718928e-006,0.006714402
8.720928e-006,0.005302674
8.722928e-006,0.009067281
8.724928e-006,0.003655659
8.726928e-006,0.00577325
8.728928e-006,0.0107143
8.730928e-006,0.007184978
8.732928e-006,0.008831993
8.734928e-006,0.008831993
8.736928e-006,0.007890841
8.738928e-006,0.005067386
8.740928e-006,0.01024372
8.742928e-006,0.005067386
8.744928e-006,0.00577325
8.746928e-006,0.007420266
8.748928e-006,0.007890841
8.750928e-006,0.005302674
8.752928e-006,0.006479114
8.754928e-006,0.00694969
8.756928e-006,0.005537962
8.758928e-006,0.003420371
8.760928e-006,0.008126129
8.762928e-006,0.006243826
8.764928e-006,0.008126129
8.766928e-006,0.001538068
8.768928e-006,0.01118487
8.770928e-006,0.004361523
8.772928e-006,0.00577325
8.774928e-006,0.009773145
8.776928e-006,0.006243826
8.778928e-006,0.004361523
8.780928e-006,0.006008538
8.782928e-006,0.008596705
8.784928e-006,0.002479219
8.786928e-006,0.009067281
8.788928e-006,0.008596705
8.790928e-006,0.004596811
8.792928e-006,0.004126235
8.794928e-006,0.007184978
8.796928e-006,0.005067386
8.798928e-006,0.007184978
8.800928e-006,0.004832099
8.802928e-006,0.007184978
8.804928e-006,0.006714402
8.806928e-006,0.003655659
8.808928e-006,0.009302569
8.810928e-006,0.008596705
8.812928e-006,0.00694969
8.814928e-006,0.005537962
8.816928e-006,0.003420371
8.818928e-006,0.008596705
8.820928e-006,0.007655554
8.822928e-006,0.009302569
8.824928e-006,0.006714402
8.826928e-006,0.00577325
8.828928e-006,0.006008538
8.830928e-006,0.00577325
8.832928e-006,0.005537962
8.834928e-006,0.008831993
8.836928e-006,0.004832099
8.838928e-006,0.004832099
8.840928e-006,0.01000843
8.842928e-006,0.007420266
8.844928e-006,0.003890947
8.846928e-006,0.004361523
8.848928e-006,0.007184978
8.850928e-006,0.003185083
8.852928e-006,0.007184978
8.854928e-006,0.008831993
8.856928e-006,0.005537962
8.858928e-006,0.006479114
8.860928e-006,0.006008538
8.862928e-006,0.009302569
8.864928e-006,0.009302569
8.866928e-006,0.008126129
8.868928e-006,0.00577325
8.870928e-006,0.005067386
8.872928e-006,0.00694969
8.874928e-006,0.008831993
8.876928e-006,0.005537962
8.878928e-006,0.004832099
8.880928e-006,0.001067492
8.882928e-006,0.009537857
8.884928e-006,0.004361523
8.886928e-006,0.007184978
8.888928e-006,0.01000843
8.890928e-006,0.003420371
8.892928e-006,0.00694969
8.894928e-006,0.004832099
8.896928e-006,0.006008538
8.898928e-006,0.007420266
8.900928e-006,0.004832099
8.902928e-006,0.0107143
8.904928e-006,0.007184978
8.906928e-006,0.004361523
8.908928e-006,0.006479114
8.910928e-006,0.007184978
8.912928e-006,0.007420266
8.914928e-006,0.006243826
8.916928e-006,0.003185083
8.918928e-006,0.007420266
8.920928e-006,0.008126129
8.922928e-006,0.006714402
8.924928e-006,0.006479114
8.926928e-006,0.005302674
8.928928e-006,0.00694969
8.930928e-006,0.007890841
8.932928e-006,0.001067492
8.934928e-006,0.006008538
8.936928e-006,0.005537962
8.938928e-006,0.007655554
8.940928e-006,0.002949795
8.942928e-006,0.009537857
8.944928e-006,0.008831993
8.946928e-006,0.006243826
8.948928e-006,0.00577325
8.950928e-006,0.004126235
8.952928e-006,0.007655554
8.954928e-006,0.01165545
8.956928e-006,0.004361523
8.958928e-006,0.009302569
8.960928e-006,0.004361523
8.962928e-006,0.004832099
8.964928e-006,0.003420371
8.966928e-006,0.008126129
8.968928e-006,0.00577325
8.970928e-006,0.009537857
8.972928e-006,0.008126129
8.974928e-006,0.006243826
8.976928e-006,0.004126235
8.978928e-006,0.003655659
8.980928e-006,0.01094958
8.982928e-006,0.004126235
8.984928e-006,0.01024372
8.986928e-006,0.007655554
8.988928e-006,0.007890841
8.990928e-006,0.006714402
8.992928e-006,0.006479114
8.994928e-006,0.008361417
8.996928e-006,0.007420266
8.998928e-006,0.00694969
9.000928e-006,0.000596916
