LECROYWS4054HD,18796,Waveform
Segments,1,SegmentSize,5002
Segment,TrigTime,TimeSinceSegment1
#1,04-Sep-2025 12:30:06,0                 
Time,Ampl
-1.00148e-006,-0.001378034
-9.9948e-007,0.0002689811
-9.9748e-007,0.0005042691
-9.9548e-007,0.0008572009
-9.9348e-007,-0.0007898145
-9.9148e-007,0.001798353
-9.8948e-007,-8.395073e-005
-9.8748e-007,-0.001966254
-9.8548e-007,0.003445368
-9.8348e-007,-0.00184861
-9.8148e-007,-0.003495626
-9.7948e-007,0.000739557
-9.7748e-007,0.002739504
-9.7548e-007,-0.001025102
-9.7348e-007,0.0002689811
-9.7148e-007,0.001915997
-9.6948e-007,-0.0007898145
-9.6748e-007,3.369323e-005
-9.6548e-007,-0.0009074584
-9.6348e-007,-0.00243683
-9.6148e-007,0.001210133
-9.5948e-007,0.001445421
-9.5748e-007,0.0008572009
-9.5548e-007,-0.001378034
-9.5348e-007,0.004268876
-9.5148e-007,0.001563065
-9.4948e-007,-0.001025102
-9.4748e-007,-0.001966254
-9.4548e-007,-0.003966201
-9.4348e-007,0.0008572009
-9.4148e-007,0.0003866251
-9.3948e-007,0.001327777
-9.3748e-007,0.005680603
-9.3548e-007,-0.002554474
-9.3348e-007,-8.395073e-005
-9.3148e-007,-0.001025102
-9.2948e-007,-0.0002015947
-9.2748e-007,0.003445368
-9.2548e-007,-0.002789762
-9.2348e-007,-0.0002015947
-9.2148e-007,0.0005042691
-9.1948e-007,-8.395073e-005
-9.1748e-007,-0.002789762
-9.1548e-007,-0.00126039
-9.1348e-007,0.004151232
-9.1148e-007,-0.00126039
-9.0948e-007,0.002974792
-9.0748e-007,0.001092489
-9.0548e-007,0.001445421
-9.0348e-007,-0.001378034
-9.0148e-007,-0.001613322
-8.9948e-007,0.000739557
-8.9748e-007,0.001327777
-8.9548e-007,-0.0004368826
-8.9348e-007,-0.0006721705
-8.9148e-007,-0.001025102
-8.8948e-007,0.001210133
-8.8748e-007,-0.001613322
-8.8548e-007,0.002739504
-8.8348e-007,-0.002319186
-8.8148e-007,3.369323e-005
-8.7948e-007,-0.001613322
-8.7748e-007,0.001680709
-8.7548e-007,0.00262186
-8.7348e-007,-0.0002015947
-8.7148e-007,0.002268928
-8.6948e-007,0.002033641
-8.6748e-007,-0.0005545266
-8.6548e-007,0.000739557
-8.6348e-007,0.001798353
-8.6148e-007,0.002386572
-8.5948e-007,0.001563065
-8.5748e-007,-0.00302505
-8.5548e-007,-0.001142746
-8.5348e-007,-8.395073e-005
-8.5148e-007,0.003327724
-8.4948e-007,0.0003866251
-8.4748e-007,-0.002672118
-8.4548e-007,0.004151232
-8.4348e-007,0.001915997
-8.4148e-007,0.002974792
-8.3948e-007,-0.00243683
-8.3748e-007,-0.00302505
-8.3548e-007,0.000621913
-8.3348e-007,0.001563065
-8.3148e-007,3.369323e-005
-8.2948e-007,0.0008572009
-8.2748e-007,0.001092489
-8.2548e-007,0.0009748449
-8.2348e-007,-0.0007898145
-8.2148e-007,3.369323e-005
-8.1948e-007,-0.00184861
-8.1748e-007,-0.002201542
-8.1548e-007,-0.001613322
-8.1348e-007,0.002739504
-8.1148e-007,0.002857148
-8.0948e-007,-0.004319133
-8.0748e-007,0.000739557
-8.0548e-007,-8.395073e-005
-8.0348e-007,3.369323e-005
-8.0148e-007,0.004151232
-7.9948e-007,-0.001142746
-7.9748e-007,0.0005042691
-7.9548e-007,0.0003866251
-7.9348e-007,-0.002907406
-7.9148e-007,0.001092489
-7.8948e-007,-0.001730966
-7.8748e-007,0.001680709
-7.8548e-007,0.0003866251
-7.8348e-007,0.002151284
-7.8148e-007,-0.001730966
-7.7948e-007,-0.001378034
-7.7748e-007,-8.395073e-005
-7.7548e-007,0.0009748449
-7.7348e-007,-0.001142746
-7.7148e-007,0.004151232
-7.6948e-007,-0.002319186
-7.6748e-007,-0.0005545266
-7.6548e-007,-0.001613322
-7.6348e-007,0.001680709
-7.6148e-007,-0.002201542
-7.5948e-007,-8.395073e-005
-7.5748e-007,-0.001378034
-7.5548e-007,-0.002319186
-7.5348e-007,0.001680709
-7.5148e-007,0.0003866251
-7.4948e-007,-0.002319186
-7.4748e-007,0.0008572009
-7.4548e-007,-0.0005545266
-7.4348e-007,-0.001025102
-7.4148e-007,0.0008572009
-7.3948e-007,0.0001513372
-7.3748e-007,3.369323e-005
-7.3548e-007,-0.0003192386
-7.3348e-007,0.0009748449
-7.3148e-007,0.001092489
-7.2948e-007,-0.001495678
-7.2748e-007,0.002386572
-7.2548e-007,3.369323e-005
-7.2348e-007,0.0001513372
-7.2148e-007,0.002268928
-7.1948e-007,0.0005042691
-7.1748e-007,-0.0005545266
-7.1548e-007,-0.001966254
-7.1348e-007,0.001327777
-7.1148e-007,-0.001142746
-7.0948e-007,0.001445421
-7.0748e-007,0.0003866251
-7.0548e-007,-0.0002015947
-7.0348e-007,0.0001513372
-7.0148e-007,0.002151284
-6.9948e-007,-0.002201542
-6.9748e-007,0.001092489
-6.9548e-007,0.001680709
-6.9348e-007,-0.0003192386
-6.9148e-007,-0.001966254
-6.8948e-007,0.001680709
-6.8748e-007,-8.395073e-005
-6.8548e-007,0.0001513372
-6.8348e-007,-0.0003192386
-6.8148e-007,0.001563065
-6.7948e-007,-0.002083898
-6.7748e-007,0.001915997
-6.7548e-007,-0.002201542
-6.7348e-007,-0.0007898145
-6.7148e-007,0.001210133
-6.6948e-007,0.001210133
-6.6748e-007,-0.0006721705
-6.6548e-007,0.001092489
-6.6348e-007,-0.0004368826
-6.6148e-007,0.0008572009
-6.5948e-007,0.0003866251
-6.5748e-007,-8.395073e-005
-6.5548e-007,-0.0003192386
-6.5348e-007,0.002857148
-6.5148e-007,0.001563065
-6.4948e-007,0.000621913
-6.4748e-007,-0.001613322
-6.4548e-007,-0.002201542
-6.4348e-007,0.0003866251
-6.4148e-007,-8.395073e-005
-6.3948e-007,-0.0006721705
-6.3748e-007,-0.001495678
-6.3548e-007,0.0003866251
-6.3348e-007,-0.0002015947
-6.3148e-007,0.0009748449
-6.2948e-007,-0.003142694
-6.2748e-007,-0.001378034
-6.2548e-007,0.000621913
-6.2348e-007,-0.003730913
-6.2148e-007,-0.005495573
-6.1948e-007,0.002739504
-6.1748e-007,-0.002319186
-6.1548e-007,0.0005042691
-6.1348e-007,-8.395073e-005
-6.1148e-007,0.000621913
-6.0948e-007,0.005210027
-6.0748e-007,-0.00302505
-6.0548e-007,-8.395073e-005
-6.0348e-007,0.001798353
-6.0148e-007,0.0002689811
-5.9948e-007,0.0008572009
-5.9748e-007,-0.002201542
-5.9548e-007,3.369323e-005
-5.9348e-007,-0.002554474
-5.9148e-007,0.0008572009
-5.8948e-007,0.0009748449
-5.8748e-007,0.0001513372
-5.8548e-007,0.0009748449
-5.8348e-007,-0.001966254
-5.8148e-007,0.003445368
-5.7948e-007,0.002268928
-5.7748e-007,-0.001613322
-5.7548e-007,0.002151284
-5.7348e-007,0.001798353
-5.7148e-007,3.369323e-005
-5.6948e-007,-0.00243683
-5.6748e-007,-8.395073e-005
-5.6548e-007,-0.002789762
-5.6348e-007,0.001915997
-5.6148e-007,-0.001378034
-5.5948e-007,0.0009748449
-5.5748e-007,-0.003142694
-5.5548e-007,-0.0006721705
-5.5348e-007,0.001445421
-5.5148e-007,0.0005042691
-5.4948e-007,0.003445368
-5.4748e-007,-0.0003192386
-5.4548e-007,0.001092489
-5.4348e-007,-0.003966201
-5.4148e-007,-0.001613322
-5.3948e-007,0.003092436
-5.3748e-007,-0.0007898145
-5.3548e-007,0.0009748449
-5.3348e-007,-0.006436724
-5.3148e-007,0.004151232
-5.2948e-007,0.0002689811
-5.2748e-007,-0.0006721705
-5.2548e-007,0.003092436
-5.2348e-007,-0.00184861
-5.2148e-007,-0.00126039
-5.1948e-007,0.000739557
-5.1748e-007,-0.0005545266
-5.1548e-007,-0.00243683
-5.1348e-007,0.0002689811
-5.1148e-007,-0.002554474
-5.0948e-007,0.0008572009
-5.0748e-007,0.0009748449
-5.0548e-007,-0.0006721705
-5.0348e-007,0.0003866251
-5.0148e-007,0.002504216
-4.9948e-007,-0.001142746
-4.9748e-007,0.001798353
-4.9548e-007,-0.00126039
-4.9348e-007,0.001327777
-4.9148e-007,0.001445421
-4.8948e-007,0.0005042691
-4.8748e-007,-0.00184861
-4.8548e-007,0.001680709
-4.8348e-007,-0.003730913
-4.8148e-007,0.0001513372
-4.7948e-007,-0.0004368826
-4.7748e-007,0.001563065
-4.7548e-007,-0.001378034
-4.7348e-007,-0.0003192386
-4.7148e-007,-0.001378034
-4.6948e-007,0.00262186
-4.6748e-007,0.00321008
-4.6548e-007,0.0003866251
-4.6348e-007,-0.001378034
-4.6148e-007,-0.003730913
-4.5948e-007,0.0037983
-4.5748e-007,-0.002319186
-4.5548e-007,0.00262186
-4.5348e-007,0.001915997
-4.5148e-007,3.369323e-005
-4.4948e-007,-0.0006721705
-4.4748e-007,0.000621913
-4.4548e-007,3.369323e-005
-4.4348e-007,-0.003966201
-4.4148e-007,0.004033588
-4.3948e-007,-0.00126039
-4.3748e-007,0.00262186
-4.3548e-007,-0.002319186
-4.3348e-007,0.000621913
-4.3148e-007,-0.003377982
-4.2948e-007,0.000621913
-4.2748e-007,0.002504216
-4.2548e-007,-0.0003192386
-4.2348e-007,0.002151284
-4.2148e-007,-0.00302505
-4.1948e-007,-0.002554474
-4.1748e-007,0.0009748449
-4.1548e-007,0.002739504
-4.1348e-007,-0.0002015947
-4.1148e-007,0.0002689811
-4.0948e-007,0.0009748449
-4.0748e-007,-0.0004368826
-4.0548e-007,-0.0005545266
-4.0348e-007,0.001445421
-4.0148e-007,3.369323e-005
-3.9948e-007,0.006033535
-3.9748e-007,0.004857096
-3.9548e-007,-0.002083898
-3.9348e-007,-0.0005545266
-3.9148e-007,0.002739504
-3.8948e-007,-0.004319133
-3.8748e-007,3.369323e-005
-3.8548e-007,-8.395073e-005
-3.8348e-007,0.001327777
-3.8148e-007,0.001210133
-3.7948e-007,0.003915944
-3.7748e-007,-0.00184861
-3.7548e-007,-0.00243683
-3.7348e-007,0.004621808
-3.7148e-007,-0.00243683
-3.6948e-007,-0.001730966
-3.6748e-007,0.002857148
-3.6548e-007,0.001445421
-3.6348e-007,-0.0003192386
-3.6148e-007,0.001798353
-3.5948e-007,0.0002689811
-3.5748e-007,-0.001495678
-3.5548e-007,-0.0006721705
-3.5348e-007,-0.001495678
-3.5148e-007,3.369323e-005
-3.4948e-007,-0.0005545266
-3.4748e-007,0.001915997
-3.4548e-007,0.003563012
-3.4348e-007,-8.395073e-005
-3.4148e-007,-0.00243683
-3.3948e-007,-8.395073e-005
-3.3748e-007,0.001210133
-3.3548e-007,-0.00302505
-3.3348e-007,0.0009748449
-3.3148e-007,-8.395073e-005
-3.2948e-007,0.003445368
-3.2748e-007,-0.0009074584
-3.2548e-007,-0.00126039
-3.2348e-007,-0.001378034
-3.2148e-007,-8.395073e-005
-3.1948e-007,0.001680709
-3.1748e-007,0.0009748449
-3.1548e-007,0.001092489
-3.1348e-007,0.001210133
-3.1148e-007,0.001092489
-3.0948e-007,-0.001613322
-3.0748e-007,-0.001613322
-3.0548e-007,0.002151284
-3.0348e-007,0.0008572009
-3.0148e-007,0.0005042691
-2.9948e-007,-0.005142641
-2.9748e-007,-0.00243683
-2.9548e-007,0.0009748449
-2.9348e-007,0.005445315
-2.9148e-007,0.0002689811
-2.8948e-007,0.0008572009
-2.8748e-007,-0.001613322
-2.8548e-007,3.369323e-005
-2.8348e-007,-0.003495626
-2.8148e-007,0.00438652
-2.7948e-007,0.0005042691
-2.7748e-007,0.003563012
-2.7548e-007,-0.003377982
-2.7348e-007,-0.002201542
-2.7148e-007,0.000739557
-2.6948e-007,0.001327777
-2.6748e-007,-0.001730966
-2.6548e-007,-0.001378034
-2.6348e-007,0.001798353
-2.6148e-007,0.002857148
-2.5948e-007,-0.0005545266
-2.5748e-007,0.000621913
-2.5548e-007,-0.002083898
-2.5348e-007,-8.395073e-005
-2.5148e-007,-0.0009074584
-2.4948e-007,3.369323e-005
-2.4748e-007,0.001680709
-2.4548e-007,0.001798353
-2.4348e-007,-0.005495573
-2.4148e-007,-0.0003192386
-2.3948e-007,-0.002907406
-2.3748e-007,0.004974739
-2.3548e-007,0.0008572009
-2.3348e-007,-0.0006721705
-2.3148e-007,0.0003866251
-2.2948e-007,0.002033641
-2.2748e-007,0.001210133
-2.2548e-007,0.0001513372
-2.2348e-007,0.001210133
-2.2148e-007,0.002268928
-2.1948e-007,-0.002672118
-2.1748e-007,-0.003260338
-2.1548e-007,0.001563065
-2.1348e-007,-0.002319186
-2.1148e-007,0.003092436
-2.0948e-007,0.0003866251
-2.0748e-007,0.0005042691
-2.0548e-007,0.001915997
-2.0348e-007,0.0002689811
-2.0148e-007,0.000739557
-1.9948e-007,-0.0002015947
-1.9748e-007,-0.00302505
-1.9548e-007,0.001563065
-1.9348e-007,-0.001613322
-1.9148e-007,0.003563012
-1.8948e-007,-0.003730913
-1.8748e-007,0.001092489
-1.8548e-007,0.001680709
-1.8348e-007,-0.004201489
-1.8148e-007,-0.00184861
-1.7948e-007,-0.002789762
-1.7748e-007,0.002504216
-1.7548e-007,0.0002689811
-1.7348e-007,0.001327777
-1.7148e-007,0.001092489
-1.6948e-007,0.007209975
-1.6748e-007,0.007798194
-1.6548e-007,0.006386467
-1.6348e-007,0.009915786
-1.6148e-007,0.007680551
-1.5948e-007,0.0222684
-1.5748e-007,0.01579798
-1.5548e-007,0.01026872
-1.5348e-007,0.01791557
-1.5148e-007,0.02120961
-1.4948e-007,0.02085667
-1.4748e-007,0.02156254
-1.4548e-007,0.02097432
-1.4348e-007,0.02862118
-1.4148e-007,0.02791531
-1.3948e-007,0.02556243
-1.3748e-007,0.02756238
-1.3548e-007,0.02438599
-1.3348e-007,0.03226814
-1.3148e-007,0.03685625
-1.2948e-007,0.02297427
-1.2748e-007,0.03438573
-1.2548e-007,0.02462128
-1.2348e-007,0.03238578
-1.2148e-007,0.04003264
-1.1948e-007,0.03532688
-1.1748e-007,0.039915
-1.1548e-007,0.04097379
-1.1348e-007,0.02662123
-1.1148e-007,0.04415018
-1.0948e-007,0.0300329
-1.0748e-007,0.04744421
-1.0548e-007,0.0514441
-1.0348e-007,0.03638568
-1.0148e-007,0.04450311
-9.948e-008,0.04391489
-9.748e-008,0.04544426
-9.548e-008,0.05756159
-9.348e-008,0.04544426
-9.148e-008,0.0495618
-8.948e-008,0.04438547
-8.748e-008,0.05120882
-8.548e-008,0.05967918
-8.348e-008,0.0632085
-8.148e-008,0.04803243
-7.948e-008,0.06109091
-7.748e-008,0.06203206
-7.548e-008,0.06532609
-7.348e-008,0.05662044
-7.148e-008,0.05603222
-6.948e-008,0.04603248
-6.748e-008,0.06920834
-6.548e-008,0.05179703
-6.348e-008,0.05720866
-6.148e-008,0.06485551
-5.948e-008,0.05097353
-5.748e-008,0.06167913
-5.548e-008,0.05956154
-5.348e-008,0.07262002
-5.148e-008,0.05662044
-4.948e-008,0.05897332
-4.748e-008,0.06662017
-4.548e-008,0.06956127
-4.348e-008,0.06497316
-4.148e-008,0.05991447
-3.948e-008,0.07709049
-3.748e-008,0.06403201
-3.548e-008,0.070973
-3.348e-008,0.06473787
-3.148e-008,0.08026687
-2.948e-008,0.07473761
-2.748e-008,0.07779635
-2.548e-008,0.08214918
-2.348e-008,0.07309059
-2.148e-008,0.08591378
-1.948e-008,0.06591431
-1.748e-008,0.08685493
-1.548e-008,0.08297268
-1.348e-008,0.09109012
-1.148e-008,0.0728553
-9.48e-009,0.08026687
-7.48e-009,0.09156069
-5.48e-009,0.0797963
-3.48e-009,0.07414939
-1.48e-009,0.07367881
5.2e-010,0.07591405
2.52e-009,0.08544321
4.52e-009,0.08673729
6.52e-009,0.08073745
8.52e-009,0.07403174
1.052e-008,0.08991368
1.252e-008,0.08214918
1.452e-008,0.09956048
1.652e-008,0.09132541
1.852e-008,0.08379619
2.052e-008,0.09297242
2.252e-008,0.07014949
2.452e-008,0.09332535
2.652e-008,0.09685467
2.852e-008,0.08285504
3.052e-008,0.0953253
3.252e-008,0.07626698
3.452e-008,0.08873724
3.652e-008,0.08685493
3.852e-008,0.09614881
4.052e-008,0.09356064
4.252e-008,0.09579588
4.452e-008,0.1008546
4.652e-008,0.09450179
4.852e-008,0.0982664
5.052e-008,0.1096779
5.252e-008,0.08838431
5.452e-008,0.09967813
5.652e-008,0.09908991
5.852e-008,0.105678
6.052e-008,0.09932519
6.252e-008,0.1010899
6.452e-008,0.1108543
6.652e-008,0.1134425
6.852e-008,0.09297242
7.052e-008,0.1052074
7.252e-008,0.1025016
7.452e-008,0.09873697
7.652e-008,0.1185012
7.852e-008,0.1009722
8.052e-008,0.1025016
8.252e-008,0.0942665
8.452e-008,0.102031
8.652e-008,0.1182659
8.852e-008,0.1136778
9.052e-008,0.1320302
9.252e-008,0.09850169
9.452e-008,0.1077956
9.652e-008,0.1026192
9.852e-008,0.1253245
1.0052e-007,0.1289715
1.0252e-007,0.1023839
1.0452e-007,0.09991341
1.0652e-007,0.1063838
1.0852e-007,0.1137954
1.1052e-007,0.1270892
1.1252e-007,0.1169718
1.1452e-007,0.1325008
1.1652e-007,0.1332067
1.1852e-007,0.1059133
1.2052e-007,0.1349713
1.2252e-007,0.1242657
1.2452e-007,0.1267362
1.2652e-007,0.1225011
1.2852e-007,0.1101484
1.3052e-007,0.1293244
1.3252e-007,0.1209717
1.3452e-007,0.1282656
1.3652e-007,0.1177953
1.3852e-007,0.1437946
1.4052e-007,0.1290891
1.4252e-007,0.1287362
1.4452e-007,0.1447358
1.4652e-007,0.1128542
1.4852e-007,0.1540296
1.5052e-007,0.1234422
1.5252e-007,0.1299126
1.5452e-007,0.143324
1.5652e-007,0.1362654
1.5852e-007,0.1217952
1.6052e-007,0.1516768
1.6252e-007,0.1215599
1.6452e-007,0.1394418
1.6652e-007,0.1370889
1.6852e-007,0.1345007
1.7052e-007,0.1323831
1.7252e-007,0.1279127
1.7452e-007,0.1461475
1.7652e-007,0.1395594
1.7852e-007,0.1374418
1.8052e-007,0.1216775
1.8252e-007,0.1292068
1.8452e-007,0.1470886
1.8652e-007,0.1275597
1.8852e-007,0.1372065
1.9052e-007,0.1421476
1.9252e-007,0.1342654
1.9452e-007,0.1393241
1.9652e-007,0.1369713
1.9852e-007,0.1285009
2.0052e-007,0.1381477
2.0252e-007,0.1412064
2.0452e-007,0.1255598
2.0652e-007,0.1419123
2.0852e-007,0.1355595
2.1052e-007,0.1354419
2.1252e-007,0.134736
2.1452e-007,0.1474416
2.1652e-007,0.1403829
2.1852e-007,0.1177953
2.2052e-007,0.1514415
2.2252e-007,0.1422652
2.2452e-007,0.1582648
2.2652e-007,0.1207364
2.2852e-007,0.1521473
2.3052e-007,0.119207
2.3252e-007,0.1459122
2.3452e-007,0.1365007
2.3652e-007,0.1462651
2.3852e-007,0.1353242
2.4052e-007,0.1334419
2.4252e-007,0.1408535
2.4452e-007,0.1373242
2.4652e-007,0.150265
2.4852e-007,0.1359125
2.5052e-007,0.1474416
2.5252e-007,0.1379124
2.5452e-007,0.1426182
2.5652e-007,0.1388536
2.5852e-007,0.1356772
2.6052e-007,0.141677
2.6252e-007,0.1439123
2.6452e-007,0.1377948
2.6652e-007,0.1374418
2.6852e-007,0.1386183
2.7052e-007,0.1428535
2.7252e-007,0.1533238
2.7452e-007,0.1497945
2.7652e-007,0.1246186
2.7852e-007,0.1341478
2.8052e-007,0.153912
2.8252e-007,0.1223834
2.8452e-007,0.1355595
2.8652e-007,0.1296773
2.8852e-007,0.1345007
2.9052e-007,0.1380301
2.9252e-007,0.136736
2.9452e-007,0.1442652
2.9652e-007,0.1316773
2.9852e-007,0.1388536
3.0052e-007,0.129442
3.0252e-007,0.1247363
3.0452e-007,0.1525003
3.0652e-007,0.1248539
3.0852e-007,0.1396771
3.1052e-007,0.1360301
3.1252e-007,0.1315596
3.1452e-007,0.1369713
3.1652e-007,0.1434417
3.1852e-007,0.1342654
3.2052e-007,0.122854
3.2252e-007,0.1429711
3.2452e-007,0.1368536
3.2652e-007,0.1492062
3.2852e-007,0.1181482
3.3052e-007,0.1354419
3.3252e-007,0.1226187
3.3452e-007,0.1595589
3.3652e-007,0.1321479
3.3852e-007,0.1181482
3.4052e-007,0.1348537
3.4252e-007,0.1233246
3.4452e-007,0.1182659
3.4652e-007,0.128148
3.4852e-007,0.1466181
3.5052e-007,0.1220305
3.5252e-007,0.131442
3.5452e-007,0.1408535
3.5652e-007,0.1227363
3.5852e-007,0.1450887
3.6052e-007,0.1265009
3.6252e-007,0.1263833
3.6452e-007,0.1236775
3.6652e-007,0.1393241
3.6852e-007,0.1176777
3.7052e-007,0.1406182
3.7252e-007,0.1155601
3.7452e-007,0.1429711
3.7652e-007,0.1127366
3.7852e-007,0.1150895
3.8052e-007,0.1143836
3.8252e-007,0.129442
3.8452e-007,0.1254422
3.8652e-007,0.1132072
3.8852e-007,0.1488533
3.9052e-007,0.1146189
3.9252e-007,0.1227363
3.9452e-007,0.1155601
3.9652e-007,0.1045015
3.9852e-007,0.1167365
4.0052e-007,0.09897226
4.0252e-007,0.1362654
4.0452e-007,0.122854
4.0652e-007,0.1193247
4.0852e-007,0.1125013
4.1052e-007,0.1220305
4.1252e-007,0.1145013
4.1452e-007,0.1063838
4.1652e-007,0.1283833
4.1852e-007,0.1194423
4.2052e-007,0.1063838
4.2252e-007,0.1152071
4.2452e-007,0.1194423
4.2652e-007,0.1287362
4.2852e-007,0.1112072
4.3052e-007,0.1217952
4.3252e-007,0.1156777
4.3452e-007,0.1009722
4.3652e-007,0.1140307
4.3852e-007,0.1009722
4.4052e-007,0.08967839
4.4252e-007,0.1154424
4.4452e-007,0.1060309
4.4652e-007,0.1114425
4.4852e-007,0.1081485
4.5052e-007,0.1285009
4.5252e-007,0.1032074
4.5452e-007,0.1035604
4.5652e-007,0.1045015
4.5852e-007,0.1153248
4.6052e-007,0.09814875
4.6252e-007,0.1070897
4.6452e-007,0.1179129
4.6652e-007,0.1202658
4.6852e-007,0.09908991
4.7052e-007,0.1079132
4.7252e-007,0.1103837
4.7452e-007,0.113913
4.7652e-007,0.09556059
4.7852e-007,0.1017957
4.8052e-007,0.0972076
4.8252e-007,0.0806198
4.8452e-007,0.113913
4.8652e-007,0.115913
4.8852e-007,0.1092073
4.9052e-007,0.1022663
4.9252e-007,0.1063838
4.9452e-007,0.1140307
4.9652e-007,0.1030898
4.9852e-007,0.104031
5.0052e-007,0.09967813
5.0252e-007,0.09579588
5.0452e-007,0.1017957
5.0652e-007,0.1155601
5.0852e-007,0.09544294
5.1052e-007,0.09438415
5.1252e-007,0.1043839
5.1452e-007,0.093443
5.1652e-007,0.09838404
5.1852e-007,0.1041486
5.2052e-007,0.09744289
5.2252e-007,0.08191389
5.2452e-007,0.09485472
5.2652e-007,0.102031
5.2852e-007,0.1014428
5.3052e-007,0.1046192
5.3252e-007,0.08861959
5.3452e-007,0.09991341
5.3652e-007,0.09414886
5.3852e-007,0.08520792
5.4052e-007,0.1029722
5.4252e-007,0.0846197
5.4452e-007,0.08344326
5.4652e-007,0.09556059
5.4852e-007,0.0905019
5.5052e-007,0.09497237
5.5252e-007,0.09497237
5.5452e-007,0.08603143
5.5652e-007,0.08979603
5.5852e-007,0.09756053
5.6052e-007,0.08003159
5.6252e-007,0.1059133
5.6452e-007,0.09991341
5.6652e-007,0.09697232
5.6852e-007,0.08191389
5.7052e-007,0.09591352
5.7252e-007,0.09085483
5.7452e-007,0.08979603
5.7652e-007,0.08379619
5.7852e-007,0.08732551
5.8052e-007,0.08920781
5.8252e-007,0.09097247
5.8452e-007,0.08956075
5.8652e-007,0.08509028
5.8852e-007,0.09073719
5.9052e-007,0.0894431
5.9252e-007,0.09273713
5.9452e-007,0.07179651
5.9652e-007,0.08591378
5.9852e-007,0.07909043
6.0052e-007,0.08320797
6.0252e-007,0.09944284
6.0452e-007,0.07944337
6.0652e-007,0.07744342
6.0852e-007,0.09356064
6.1052e-007,0.09438415
6.1252e-007,0.07897279
6.1452e-007,0.09061954
6.1652e-007,0.08320797
6.1852e-007,0.07767871
6.2052e-007,0.07532583
6.2252e-007,0.07956101
6.2452e-007,0.07520818
6.2652e-007,0.1059133
6.2852e-007,0.06532609
6.3052e-007,0.08873724
6.3252e-007,0.08179624
6.3452e-007,0.07756106
6.3652e-007,0.0768552
6.3852e-007,0.07332588
6.4052e-007,0.08250211
6.4252e-007,0.0768552
6.4452e-007,0.08144331
6.4652e-007,0.07567876
6.4852e-007,0.07238473
6.5052e-007,0.07520818
6.5252e-007,0.07461996
6.5452e-007,0.08909017
6.5652e-007,0.08085509
6.5852e-007,0.06791426
6.6052e-007,0.06862012
6.6252e-007,0.07461996
6.6452e-007,0.06885541
6.6652e-007,0.07403174
6.6852e-007,0.0757964
6.7052e-007,0.07497289
6.7252e-007,0.07403174
6.7452e-007,0.07014949
6.7652e-007,0.07709049
6.7852e-007,0.06438494
6.8052e-007,0.06673782
6.8252e-007,0.07073771
6.8452e-007,0.07885515
6.8652e-007,0.08109038
6.8852e-007,0.06179677
6.9052e-007,0.07026714
6.9252e-007,0.06709075
6.9452e-007,0.06167913
6.9652e-007,0.07109064
6.9852e-007,0.05850274
7.0052e-007,0.0728553
7.0252e-007,0.07920808
7.0452e-007,0.0632085
7.0652e-007,0.06603195
7.0852e-007,0.05814981
7.1052e-007,0.06862012
7.1252e-007,0.07556111
7.1452e-007,0.06473787
7.1652e-007,0.07262002
7.1852e-007,0.07026714
7.2052e-007,0.07038478
7.2252e-007,0.06497316
7.2452e-007,0.07920808
7.2652e-007,0.0602674
7.2852e-007,0.07461996
7.3052e-007,0.0650908
7.3252e-007,0.06426729
7.3452e-007,0.06932598
7.3652e-007,0.06403201
7.3852e-007,0.07614933
7.4052e-007,0.07379646
7.4252e-007,0.0621497
7.4452e-007,0.06662017
7.4652e-007,0.06873777
7.4852e-007,0.05026766
7.5052e-007,0.06685546
7.5252e-007,0.06662017
7.5452e-007,0.07132593
7.5652e-007,0.06356143
7.5852e-007,0.06203206
7.6052e-007,0.06862012
7.6252e-007,0.05685573
7.6452e-007,0.06226735
7.6652e-007,0.05003238
7.6852e-007,0.05709101
7.7052e-007,0.07050242
7.7252e-007,0.05273819
7.7452e-007,0.06097326
7.7652e-007,0.06003211
7.7852e-007,0.0768552
7.8052e-007,0.05967918
7.8252e-007,0.05520871
7.8452e-007,0.0650908
7.8652e-007,0.05650279
7.8852e-007,0.05909096
7.9052e-007,0.05826745
7.9252e-007,0.05744395
7.9452e-007,0.05273819
7.9652e-007,0.04638541
7.9852e-007,0.05132646
8.0052e-007,0.06250264
8.0252e-007,0.05097353
8.0452e-007,0.05085588
8.0652e-007,0.05367934
8.0852e-007,0.05791452
8.1052e-007,0.05909096
8.1252e-007,0.0661496
8.1452e-007,0.06038504
8.1652e-007,0.0476795
8.1852e-007,0.05979682
8.2052e-007,0.05379698
8.2252e-007,0.04944416
8.2452e-007,0.04556191
8.2652e-007,0.07273766
8.2852e-007,0.0543852
8.3052e-007,0.05909096
8.3252e-007,0.05579693
8.3452e-007,0.05379698
8.3652e-007,0.05391463
8.3852e-007,0.05332641
8.4052e-007,0.06191442
8.4252e-007,0.05897332
8.4452e-007,0.05956154
8.4652e-007,0.04732656
8.4852e-007,0.04732656
8.5052e-007,0.0514441
8.5252e-007,0.05850274
8.5452e-007,0.05050295
8.5652e-007,0.04932651
8.5852e-007,0.05991447
8.6052e-007,0.04732656
8.6252e-007,0.05003238
8.6452e-007,0.0583851
8.6652e-007,0.05909096
8.6852e-007,0.0525029
8.7052e-007,0.03756212
8.7252e-007,0.05532635
8.7452e-007,0.05273819
8.7652e-007,0.03767976
8.7852e-007,0.05214997
8.8052e-007,0.05991447
8.8252e-007,0.04497369
8.8452e-007,0.05567929
8.8652e-007,0.05026766
8.8852e-007,0.04356196
8.9052e-007,0.048503
8.9252e-007,0.05109117
8.9452e-007,0.05367934
8.9652e-007,0.0476795
8.9852e-007,0.05003238
9.0052e-007,0.05379698
9.0252e-007,0.03744447
9.0452e-007,0.04826772
9.0652e-007,0.05462049
9.0852e-007,0.05003238
9.1052e-007,0.04626777
9.1252e-007,0.05520871
9.1452e-007,0.05426756
9.1652e-007,0.05203232
9.1852e-007,0.04379725
9.2052e-007,0.04556191
9.2252e-007,0.04497369
9.2452e-007,0.04591484
9.2652e-007,0.04238552
9.2852e-007,0.05238525
9.3052e-007,0.04203259
9.3252e-007,0.04567955
9.3452e-007,0.04309138
9.3652e-007,0.05579693
9.3852e-007,0.04638541
9.4052e-007,0.03626803
9.4252e-007,0.04685599
9.4452e-007,0.04262081
9.4652e-007,0.04462075
9.4852e-007,0.04297374
9.5052e-007,0.05332641
9.5252e-007,0.03967971
9.5452e-007,0.04297374
9.5652e-007,0.05426756
9.5852e-007,0.02862118
9.6052e-007,0.03638568
9.6252e-007,0.04579719
9.6452e-007,0.03379751
9.6652e-007,0.04873829
9.6852e-007,0.05179703
9.7052e-007,0.04873829
9.7252e-007,0.03873856
9.7452e-007,0.04579719
9.7652e-007,0.0506206
9.7852e-007,0.04085615
9.8052e-007,0.04415018
9.8252e-007,0.04273845
9.8452e-007,0.04167965
9.8652e-007,0.03144463
9.8852e-007,0.03626803
9.9052e-007,0.04015028
9.9252e-007,0.03544452
9.9452e-007,0.03356222
9.9652e-007,0.03662096
9.9852e-007,0.03744447
1.00052e-006,0.03850327
1.00252e-006,0.04191494
1.00452e-006,0.04132672
1.00652e-006,0.03473866
1.00852e-006,0.0369739
1.01052e-006,0.03944442
1.01252e-006,0.03567981
1.01452e-006,0.04967944
1.01652e-006,0.0300329
1.01852e-006,0.03791505
1.02052e-006,0.05003238
1.02252e-006,0.03767976
1.02452e-006,0.04203259
1.02652e-006,0.03191521
1.02852e-006,0.039915
1.03052e-006,0.032974
1.03252e-006,0.03932678
1.03452e-006,0.03673861
1.03652e-006,0.03203285
1.03852e-006,0.03803269
1.04052e-006,0.04567955
1.04252e-006,0.02956233
1.04452e-006,0.03038583
1.04652e-006,0.04015028
1.04852e-006,0.03156227
1.05052e-006,0.03720918
1.05252e-006,0.03967971
1.05452e-006,0.0310917
1.05652e-006,0.04332667
1.05852e-006,0.03438573
1.06052e-006,0.0377974
1.06252e-006,0.03473866
1.06452e-006,0.02873882
1.06652e-006,0.03862091
1.06852e-006,0.03038583
1.07052e-006,0.03967971
1.07252e-006,0.03662096
1.07452e-006,0.02909175
1.07652e-006,0.03979735
1.07852e-006,0.03062112
1.08052e-006,0.04720892
1.08252e-006,0.03426809
1.08452e-006,0.03120934
1.08652e-006,0.03497395
1.08852e-006,0.03144463
1.09052e-006,0.03462102
1.09252e-006,0.03509159
1.09452e-006,0.02791531
1.09652e-006,0.03909149
1.09852e-006,0.03015055
1.10052e-006,0.03015055
1.10252e-006,0.04250316
1.10452e-006,0.02673887
1.10652e-006,0.03826798
1.10852e-006,0.03226814
1.11052e-006,0.03367987
1.11252e-006,0.032974
1.11452e-006,0.0388562
1.11652e-006,0.03803269
1.11852e-006,0.02685652
1.12052e-006,0.03426809
1.12252e-006,0.03356222
1.12452e-006,0.03038583
1.12652e-006,0.03862091
1.12852e-006,0.03438573
1.13052e-006,0.0310917
1.13252e-006,0.02850353
1.13452e-006,0.02720945
1.13652e-006,0.03238578
1.13852e-006,0.03556217
1.14052e-006,0.02720945
1.14252e-006,0.03144463
1.14452e-006,0.03415044
1.14652e-006,0.0359151
1.14852e-006,0.03685625
1.15052e-006,0.02426835
1.15252e-006,0.03979735
1.15452e-006,0.03026819
1.15652e-006,0.02920939
1.15852e-006,0.03709154
1.16052e-006,0.02015081
1.16252e-006,0.03179756
1.16452e-006,0.02732709
1.16652e-006,0.03226814
1.16852e-006,0.03367987
1.17052e-006,0.02438599
1.17252e-006,0.02379777
1.17452e-006,0.03026819
1.17652e-006,0.02920939
1.17852e-006,0.03944442
1.18052e-006,0.0241507
1.18252e-006,0.02920939
1.18452e-006,0.03273871
1.18652e-006,0.03191521
1.18852e-006,0.0281506
1.19052e-006,0.03497395
1.19252e-006,0.03179756
1.19452e-006,0.0300329
1.19652e-006,0.03379751
1.19852e-006,0.03520924
1.20052e-006,0.03391515
1.20252e-006,0.02603301
1.20452e-006,0.03203285
1.20652e-006,0.03520924
1.20852e-006,0.03532688
1.21052e-006,0.02909175
1.21252e-006,0.03132699
1.21452e-006,0.02579772
1.21652e-006,0.02262133
1.21852e-006,0.03391515
1.22052e-006,0.03191521
1.22252e-006,0.02379777
1.22452e-006,0.02873882
1.22652e-006,0.02897411
1.22852e-006,0.02191547
1.23052e-006,0.032974
1.23252e-006,0.02885646
1.23452e-006,0.0281506
1.23652e-006,0.02462128
1.23852e-006,0.03015055
1.24052e-006,0.02509186
1.24252e-006,0.03662096
1.24452e-006,0.02356248
1.24652e-006,0.02615065
1.24852e-006,0.01850379
1.25052e-006,0.03273871
1.25252e-006,0.02967997
1.25452e-006,0.02403306
1.25652e-006,0.02967997
1.25852e-006,0.02344484
1.26052e-006,0.02685652
1.26252e-006,0.02132725
1.26452e-006,0.03356222
1.26652e-006,0.02803296
1.26852e-006,0.02991526
1.27052e-006,0.01415097
1.27252e-006,0.02850353
1.27452e-006,0.0222684
1.27652e-006,0.02956233
1.27852e-006,0.02426835
1.28052e-006,0.02568008
1.28252e-006,0.02779767
1.28452e-006,0.02885646
1.28652e-006,0.03203285
1.28852e-006,0.03050348
1.29052e-006,0.02379777
1.29252e-006,0.02120961
1.29452e-006,0.0233272
1.29652e-006,0.02544479
1.29852e-006,0.03062112
1.30052e-006,0.02697416
1.30252e-006,0.02650358
1.30452e-006,0.02450364
1.30652e-006,0.03285636
1.30852e-006,0.01756264
1.31052e-006,0.03685625
1.31252e-006,0.01956259
1.31452e-006,0.02544479
1.31652e-006,0.02168018
1.31852e-006,0.01991552
1.32052e-006,0.01791557
1.32252e-006,0.02638594
1.32452e-006,0.02544479
1.32652e-006,0.02191547
1.32852e-006,0.02509186
1.33052e-006,0.02768002
1.33252e-006,0.01862144
1.33452e-006,0.02673887
1.33652e-006,0.02026845
1.33852e-006,0.02803296
1.34052e-006,0.02403306
1.34252e-006,0.02015081
1.34452e-006,0.02132725
1.34652e-006,0.02368013
1.34852e-006,0.02168018
1.35052e-006,0.0203861
1.35252e-006,0.02544479
1.35452e-006,0.0163862
1.35652e-006,0.01968023
1.35852e-006,0.02379777
1.36052e-006,0.02120961
1.36252e-006,0.02368013
1.36452e-006,0.02826824
1.36652e-006,0.02426835
1.36852e-006,0.02085667
1.37052e-006,0.02744474
1.37252e-006,0.02673887
1.37452e-006,0.02391542
1.37652e-006,0.02262133
1.37852e-006,0.02532714
1.38052e-006,0.01732736
1.38252e-006,0.02485657
1.38452e-006,0.02697416
1.38652e-006,0.02144489
1.38852e-006,0.0203861
1.39052e-006,0.02238605
1.39252e-006,0.01697442
1.39452e-006,0.01803322
1.39652e-006,0.02368013
1.39852e-006,0.02026845
1.40052e-006,0.02297427
1.40252e-006,0.02497421
1.40452e-006,0.02179783
1.40652e-006,0.02144489
1.40852e-006,0.02132725
1.41052e-006,0.01520976
1.41252e-006,0.01768029
1.41452e-006,0.03073877
1.41652e-006,0.01803322
1.41852e-006,0.02062139
1.42052e-006,0.01626856
1.42252e-006,0.02662123
1.42452e-006,0.01897437
1.42652e-006,0.02791531
1.42852e-006,0.01791557
1.43052e-006,0.0241507
1.43252e-006,0.01791557
1.43452e-006,0.01991552
1.43652e-006,0.02156254
1.43852e-006,0.01979788
1.44052e-006,0.02156254
1.44252e-006,0.0252095
1.44452e-006,0.02720945
1.44652e-006,0.0252095
1.44852e-006,0.01662149
1.45052e-006,0.01862144
1.45252e-006,0.0222684
1.45452e-006,0.02073903
1.45652e-006,0.02015081
1.45852e-006,0.02179783
1.46052e-006,0.02191547
1.46252e-006,0.02273898
1.46452e-006,0.01673914
1.46652e-006,0.01920966
1.46852e-006,0.02473892
1.47052e-006,0.01568034
1.47252e-006,0.01968023
1.47452e-006,0.02003317
1.47652e-006,0.01920966
1.47852e-006,0.02168018
1.48052e-006,0.017445
1.48252e-006,0.01709207
1.48452e-006,0.01979788
1.48652e-006,0.01650385
1.48852e-006,0.02026845
1.49052e-006,0.01862144
1.49252e-006,0.01462154
1.49452e-006,0.01473919
1.49652e-006,0.01438626
1.49852e-006,0.02462128
1.50052e-006,0.01673914
1.50252e-006,0.01768029
1.50452e-006,0.02262133
1.50652e-006,0.02368013
1.50852e-006,0.02356248
1.51052e-006,0.02215076
1.51252e-006,0.01673914
1.51452e-006,0.02097432
1.51652e-006,0.0163862
1.51852e-006,0.02285662
1.52052e-006,0.01238631
1.52252e-006,0.02462128
1.52452e-006,0.03120934
1.52652e-006,0.01544505
1.52852e-006,0.01720971
1.53052e-006,0.02003317
1.53252e-006,0.01779793
1.53452e-006,0.02191547
1.53652e-006,0.0193273
1.53852e-006,0.02109196
1.54052e-006,0.01968023
1.54252e-006,0.01379804
1.54452e-006,0.01226866
1.54652e-006,0.02391542
1.54852e-006,0.01709207
1.55052e-006,0.02109196
1.55252e-006,0.0134451
1.55452e-006,0.01603327
1.55652e-006,0.02438599
1.55852e-006,0.01438626
1.56052e-006,0.02026845
1.56252e-006,0.01850379
1.56452e-006,0.01685678
1.56652e-006,0.01897437
1.56852e-006,0.02262133
1.57052e-006,0.01415097
1.57252e-006,0.01026872
1.57452e-006,0.01403332
1.57652e-006,0.02073903
1.57852e-006,0.01768029
1.58052e-006,0.01391568
1.58252e-006,0.01709207
1.58452e-006,0.02532714
1.58652e-006,0.01662149
1.58852e-006,0.0222684
1.59052e-006,0.01944495
1.59252e-006,0.01650385
1.59452e-006,0.02132725
1.59652e-006,0.01473919
1.59852e-006,0.02450364
1.60052e-006,0.02403306
1.60252e-006,0.01097458
1.60452e-006,0.01768029
1.60652e-006,0.0155627
1.60852e-006,0.02120961
1.61052e-006,0.02026845
1.61252e-006,0.01379804
1.61452e-006,0.02379777
1.61652e-006,0.01662149
1.61852e-006,0.02085667
1.62052e-006,0.009327566
1.62252e-006,0.01591563
1.62452e-006,0.01568034
1.62652e-006,0.01497448
1.62852e-006,0.02238605
1.63052e-006,0.01709207
1.63252e-006,0.0222684
1.63452e-006,0.01038636
1.63652e-006,0.0155627
1.63852e-006,0.01885673
1.64052e-006,0.01709207
1.64252e-006,0.0155627
1.64452e-006,0.01709207
1.64652e-006,0.0310917
1.64852e-006,0.009680498
1.65052e-006,0.01920966
1.65252e-006,0.02215076
1.65452e-006,0.01615092
1.65652e-006,0.01250395
1.65852e-006,0.01826851
1.66052e-006,0.02085667
1.66252e-006,0.008739346
1.66452e-006,0.02344484
1.66652e-006,0.01626856
1.66852e-006,0.01885673
1.67052e-006,0.01979788
1.67252e-006,0.007092331
1.67452e-006,0.017445
1.67652e-006,0.01897437
1.67852e-006,0.01215102
1.68052e-006,0.02073903
1.68252e-006,0.02073903
1.68452e-006,0.01203338
1.68652e-006,0.01050401
1.68852e-006,0.02097432
1.69052e-006,0.01238631
1.69252e-006,0.01968023
1.69452e-006,0.01615092
1.69652e-006,0.01862144
1.69852e-006,0.01909201
1.70052e-006,0.009092278
1.70252e-006,0.01391568
1.70452e-006,0.01485683
1.70652e-006,0.01709207
1.70852e-006,0.02097432
1.71052e-006,0.01520976
1.71252e-006,0.01250395
1.71452e-006,0.02568008
1.71652e-006,0.01273924
1.71852e-006,0.01132751
1.72052e-006,0.0203861
1.72252e-006,0.01803322
1.72452e-006,0.01485683
1.72652e-006,0.01720971
1.72852e-006,0.01215102
1.73052e-006,0.01673914
1.73252e-006,0.01920966
1.73452e-006,0.01132751
1.73652e-006,0.01591563
1.73852e-006,0.01697442
1.74052e-006,0.01485683
1.74252e-006,0.01520976
1.74452e-006,0.0155627
1.74652e-006,0.01062165
1.74852e-006,0.01332746
1.75052e-006,0.01226866
1.75252e-006,0.0193273
1.75452e-006,0.01250395
1.75652e-006,0.02026845
1.75852e-006,0.02026845
1.76052e-006,0.0155627
1.76252e-006,0.02073903
1.76452e-006,0.007915838
1.76652e-006,0.01826851
1.76852e-006,0.01438626
1.77052e-006,0.01509212
1.77252e-006,0.01462154
1.77452e-006,0.01497448
1.77652e-006,0.01615092
1.77852e-006,0.01850379
1.78052e-006,0.008621702
1.78252e-006,0.006268823
1.78452e-006,0.01862144
1.78652e-006,0.01415097
1.78852e-006,0.01085694
1.79052e-006,0.01826851
1.79252e-006,0.01756264
1.79452e-006,0.01615092
1.79652e-006,0.01815086
1.79852e-006,0.02238605
1.80052e-006,0.0126216
1.80252e-006,0.01438626
1.80452e-006,0.006033535
1.80652e-006,0.01073929
1.80852e-006,0.02073903
1.81052e-006,0.01085694
1.81252e-006,0.01673914
1.81452e-006,0.02120961
1.81652e-006,0.01297453
1.81852e-006,0.0155627
1.82052e-006,0.02109196
1.82252e-006,0.01415097
1.82452e-006,0.01768029
1.82652e-006,0.01132751
1.82852e-006,0.008974634
1.83052e-006,0.01815086
1.83252e-006,0.01532741
1.83452e-006,0.01426861
1.83652e-006,0.01332746
1.83852e-006,0.008386414
1.84052e-006,0.02250369
1.84252e-006,0.01956259
1.84452e-006,0.01462154
1.84652e-006,0.01732736
1.84852e-006,0.01309217
1.85052e-006,0.01168045
1.85252e-006,0.01391568
1.85452e-006,0.01179809
1.85652e-006,0.02026845
1.85852e-006,0.008974634
1.86052e-006,0.01485683
1.86252e-006,0.0115628
1.86452e-006,0.01391568
1.86652e-006,0.01415097
1.86852e-006,0.0193273
1.87052e-006,0.01532741
1.87252e-006,0.01379804
1.87452e-006,0.01062165
1.87652e-006,0.01379804
1.87852e-006,0.01050401
1.88052e-006,0.01509212
1.88252e-006,0.01720971
1.88452e-006,0.01309217
1.88652e-006,0.01473919
1.88852e-006,0.01120987
1.89052e-006,0.01026872
1.89252e-006,0.01944495
1.89452e-006,0.02191547
1.89652e-006,0.01756264
1.89852e-006,0.01579798
1.90052e-006,0.01097458
1.90252e-006,0.009327566
1.90452e-006,0.01732736
1.90652e-006,0.01273924
1.90852e-006,0.01191573
1.91052e-006,0.01673914
1.91252e-006,0.01979788
1.91452e-006,0.009327566
1.91652e-006,0.01226866
1.91852e-006,0.01650385
1.92052e-006,0.01956259
1.92252e-006,0.01038636
1.92452e-006,0.0155627
1.92652e-006,0.00885699
1.92852e-006,0.0115628
1.93052e-006,0.01756264
1.93252e-006,0.0126216
1.93452e-006,0.0155627
1.93652e-006,0.006857043
1.93852e-006,0.01756264
1.94052e-006,0.008739346
1.94252e-006,0.01509212
1.94452e-006,0.01520976
1.94652e-006,0.01826851
1.94852e-006,0.005562959
1.95052e-006,0.01803322
1.95252e-006,0.01544505
1.95452e-006,0.01226866
1.95652e-006,0.01379804
1.95852e-006,0.02250369
1.96052e-006,0.00826877
1.96252e-006,0.007092331
1.96452e-006,0.01391568
1.96652e-006,0.01756264
1.96852e-006,0.01897437
1.97052e-006,0.01920966
1.97252e-006,0.0126216
1.97452e-006,0.003915944
1.97652e-006,0.009327566
1.97852e-006,0.009798142
1.98052e-006,0.01662149
1.98252e-006,0.01179809
1.98452e-006,0.02262133
1.98652e-006,0.01050401
1.98852e-006,0.01756264
1.99052e-006,0.01238631
1.99252e-006,0.01426861
1.99452e-006,0.01544505
1.99652e-006,0.01168045
1.99852e-006,0.01085694
2.00052e-006,0.01120987
2.00252e-006,0.01203338
2.00452e-006,0.01662149
2.00652e-006,0.01826851
2.00852e-006,0.008386414
2.01052e-006,0.01685678
2.01252e-006,0.009092278
2.01452e-006,0.01544505
2.01652e-006,0.00826877
2.01852e-006,0.0126216
2.02052e-006,0.01050401
2.02252e-006,0.01462154
2.02452e-006,0.009798142
2.02652e-006,0.0155627
2.02852e-006,0.01615092
2.03052e-006,0.008974634
2.03252e-006,0.01426861
2.03452e-006,0.009680498
2.03652e-006,0.00944521
2.03852e-006,0.01497448
2.04052e-006,0.008621702
2.04252e-006,0.01238631
2.04452e-006,0.01085694
2.04652e-006,0.01415097
2.04852e-006,0.01179809
2.05052e-006,0.01591563
2.05252e-006,0.01144516
2.05452e-006,0.01073929
2.05652e-006,0.01097458
2.05852e-006,0.006974687
2.06052e-006,0.01250395
2.06252e-006,0.01003343
2.06452e-006,0.01532741
2.06652e-006,0.01168045
2.06852e-006,0.01038636
2.07052e-006,0.0134451
2.07252e-006,0.01050401
2.07452e-006,0.01050401
2.07652e-006,0.01615092
2.07852e-006,0.01379804
2.08052e-006,0.01273924
2.08252e-006,0.01485683
2.08452e-006,0.01368039
2.08652e-006,0.02003317
2.08852e-006,0.01379804
2.09052e-006,0.01109223
2.09252e-006,0.007327619
2.09452e-006,0.01320982
2.09652e-006,0.00944521
2.09852e-006,0.0115628
2.10052e-006,0.01226866
2.10252e-006,0.01673914
2.10452e-006,0.01073929
2.10652e-006,0.01038636
2.10852e-006,0.008974634
2.11052e-006,0.01285688
2.11252e-006,0.009680498
2.11452e-006,0.009209922
2.11652e-006,0.01368039
2.11852e-006,0.01356275
2.12052e-006,0.006268823
2.12252e-006,0.01838615
2.12452e-006,0.008033482
2.12652e-006,0.01297453
2.12852e-006,0.01332746
2.13052e-006,0.00885699
2.13252e-006,0.006974687
2.13452e-006,0.0145039
2.13652e-006,0.01038636
2.13852e-006,0.01226866
2.14052e-006,0.006386467
2.14252e-006,0.0134451
2.14452e-006,0.0115628
2.14652e-006,0.01038636
2.14852e-006,0.01285688
2.15052e-006,0.008621702
2.15252e-006,0.01085694
2.15452e-006,0.01544505
2.15652e-006,0.009092278
2.15852e-006,0.01015107
2.16052e-006,0.01497448
2.16252e-006,0.009562854
2.16452e-006,0.01238631
2.16652e-006,0.008621702
2.16852e-006,0.0134451
2.17052e-006,0.01568034
2.17252e-006,0.01226866
2.17452e-006,0.01603327
2.17652e-006,0.009680498
2.17852e-006,0.01379804
2.18052e-006,0.0163862
2.18252e-006,0.007798194
2.18452e-006,0.01438626
2.18652e-006,0.009915786
2.18852e-006,0.008621702
2.19052e-006,0.01603327
2.19252e-006,0.01050401
2.19452e-006,0.00438652
2.19652e-006,0.01320982
2.19852e-006,0.01109223
2.20052e-006,0.01050401
2.20252e-006,0.01191573
2.20452e-006,0.008621702
2.20652e-006,0.009680498
2.20852e-006,0.01273924
2.21052e-006,0.009209922
2.21252e-006,0.008621702
2.21452e-006,0.01273924
2.21652e-006,0.01003343
2.21852e-006,0.009209922
2.22052e-006,0.009562854
2.22252e-006,0.0126216
2.22452e-006,0.01815086
2.22652e-006,0.01673914
2.22852e-006,0.01215102
2.23052e-006,0.007209975
2.23252e-006,0.00885699
2.23452e-006,0.01050401
2.23652e-006,0.01520976
2.23852e-006,0.01356275
2.24052e-006,0.003327724
2.24252e-006,0.01215102
2.24452e-006,0.01015107
2.24652e-006,0.0134451
2.24852e-006,0.01438626
2.25052e-006,0.01191573
2.25252e-006,0.006857043
2.25452e-006,0.01144516
2.25652e-006,0.0193273
2.25852e-006,0.00885699
2.26052e-006,0.01709207
2.26252e-006,0.008504058
2.26452e-006,0.005915891
2.26652e-006,0.01015107
2.26852e-006,0.01544505
2.27052e-006,0.01391568
2.27252e-006,0.01709207
2.27452e-006,0.01379804
2.27652e-006,0.009798142
2.27852e-006,0.007680551
2.28052e-006,0.007327619
2.28252e-006,0.0241507
2.28452e-006,0.01285688
2.28652e-006,0.01050401
2.28852e-006,0.009915786
2.29052e-006,0.01473919
2.29252e-006,0.006857043
2.29452e-006,0.01615092
2.29652e-006,0.01015107
2.29852e-006,0.01568034
2.30052e-006,0.009915786
2.30252e-006,0.00944521
2.30452e-006,0.01073929
2.30652e-006,0.01073929
2.30852e-006,0.008151126
2.31052e-006,0.01615092
2.31252e-006,0.01615092
2.31452e-006,0.01026872
2.31652e-006,0.01285688
2.31852e-006,0.01273924
2.32052e-006,0.01368039
2.32252e-006,0.0115628
2.32452e-006,0.01368039
2.32652e-006,0.006151179
2.32852e-006,0.01015107
2.33052e-006,0.01309217
2.33252e-006,0.009915786
2.33452e-006,0.008151126
2.33652e-006,0.01568034
2.33852e-006,0.01203338
2.34052e-006,0.007445263
2.34252e-006,0.01368039
2.34452e-006,0.009915786
2.34652e-006,0.01979788
2.34852e-006,0.009798142
2.35052e-006,0.01497448
2.35252e-006,0.007092331
2.35452e-006,0.01462154
2.35652e-006,0.0126216
2.35852e-006,0.01438626
2.36052e-006,0.01144516
2.36252e-006,0.009680498
2.36452e-006,0.007680551
2.36652e-006,0.008974634
2.36852e-006,0.01085694
2.37052e-006,0.01379804
2.37252e-006,0.008386414
2.37452e-006,0.006151179
2.37652e-006,0.01250395
2.37852e-006,0.006268823
2.38052e-006,0.01297453
2.38252e-006,0.01015107
2.38452e-006,0.008739346
2.38652e-006,0.0155627
2.38852e-006,0.003680656
2.39052e-006,0.006504111
2.39252e-006,0.0145039
2.39452e-006,0.007562907
2.39652e-006,0.01073929
2.39852e-006,0.01038636
2.40052e-006,0.01038636
2.40252e-006,0.01191573
2.40452e-006,0.02156254
2.40652e-006,0.007915838
2.40852e-006,0.006857043
2.41052e-006,0.01615092
2.41252e-006,0.00438652
2.41452e-006,0.007209975
2.41652e-006,0.006151179
2.41852e-006,0.01038636
2.42052e-006,0.01026872
2.42252e-006,0.006739399
2.42452e-006,0.01215102
2.42652e-006,0.00944521
2.42852e-006,0.009327566
2.43052e-006,0.01003343
2.43252e-006,0.008033482
2.43452e-006,0.007798194
2.43652e-006,0.02191547
2.43852e-006,0.006974687
2.44052e-006,0.01203338
2.44252e-006,0.01085694
2.44452e-006,0.0115628
2.44652e-006,0.01003343
2.44852e-006,0.005562959
2.45052e-006,0.01097458
2.45252e-006,0.007915838
2.45452e-006,0.01473919
2.45652e-006,0.01073929
2.45852e-006,0.006974687
2.46052e-006,0.01497448
2.46252e-006,0.006268823
2.46452e-006,0.01168045
2.46652e-006,0.006857043
2.46852e-006,0.01791557
2.47052e-006,0.01109223
2.47252e-006,0.005680603
2.47452e-006,0.01003343
2.47652e-006,0.01391568
2.47852e-006,0.006033535
2.48052e-006,0.005680603
2.48252e-006,0.008739346
2.48452e-006,0.01191573
2.48652e-006,0.007092331
2.48852e-006,0.01038636
2.49052e-006,0.009798142
2.49252e-006,0.01356275
2.49452e-006,0.01815086
2.49652e-006,0.0126216
2.49852e-006,0.008033482
2.50052e-006,0.0115628
2.50252e-006,0.01485683
2.50452e-006,0.002974792
2.50652e-006,0.0134451
2.50852e-006,0.008151126
2.51052e-006,0.009680498
2.51252e-006,0.007327619
2.51452e-006,0.008151126
2.51652e-006,0.01215102
2.51852e-006,0.0126216
2.52052e-006,0.01050401
2.52252e-006,0.005562959
2.52452e-006,0.01485683
2.52652e-006,0.01803322
2.52852e-006,0.006974687
2.53052e-006,0.01485683
2.53252e-006,0.009327566
2.53452e-006,0.009327566
2.53652e-006,0.007209975
2.53852e-006,0.01309217
2.54052e-006,0.009092278
2.54252e-006,0.01862144
2.54452e-006,0.007562907
2.54652e-006,0.01003343
2.54852e-006,0.005915891
2.55052e-006,0.005092383
2.55252e-006,0.0126216
2.55452e-006,0.01073929
2.55652e-006,0.009327566
2.55852e-006,0.00944521
2.56052e-006,0.01132751
2.56252e-006,0.006974687
2.56452e-006,0.01662149
2.56652e-006,0.01391568
2.56852e-006,0.01709207
2.57052e-006,0.01168045
2.57252e-006,0.01379804
2.57452e-006,0.005210027
2.57652e-006,0.0163862
2.57852e-006,0.01026872
2.58052e-006,0.004739452
2.58252e-006,0.009915786
2.58452e-006,0.008151126
2.58652e-006,0.01050401
2.58852e-006,0.0134451
2.59052e-006,0.008151126
2.59252e-006,0.0134451
2.59452e-006,0.008033482
2.59652e-006,0.007680551
2.59852e-006,0.01038636
2.60052e-006,0.01144516
2.60252e-006,0.01120987
2.60452e-006,0.01062165
2.60652e-006,0.01591563
2.60852e-006,0.01226866
2.61052e-006,0.009798142
2.61252e-006,0.01332746
2.61452e-006,0.006974687
2.61652e-006,0.01309217
2.61852e-006,0.008033482
2.62052e-006,0.01591563
2.62252e-006,0.01073929
2.62452e-006,0.01085694
2.62652e-006,0.009680498
2.62852e-006,0.009327566
2.63052e-006,0.01179809
2.63252e-006,0.01438626
2.63452e-006,0.008033482
2.63652e-006,0.005445315
2.63852e-006,0.007209975
2.64052e-006,0.01591563
2.64252e-006,0.00438652
2.64452e-006,0.007327619
2.64652e-006,0.008739346
2.64852e-006,0.006033535
2.65052e-006,0.009092278
2.65252e-006,0.01815086
2.65452e-006,0.01168045
2.65652e-006,0.01109223
2.65852e-006,0.01250395
2.66052e-006,0.009915786
2.66252e-006,0.01497448
2.66452e-006,0.0193273
2.66652e-006,0.005680603
2.66852e-006,0.01297453
2.67052e-006,0.006739399
2.67252e-006,0.0145039
2.67452e-006,0.0115628
2.67652e-006,0.009209922
2.67852e-006,0.01003343
2.68052e-006,0.006974687
2.68252e-006,0.01179809
2.68452e-006,0.01226866
2.68652e-006,0.0037983
2.68852e-006,0.007680551
2.69052e-006,0.0155627
2.69252e-006,0.007798194
2.69452e-006,0.009562854
2.69652e-006,0.008739346
2.69852e-006,0.009092278
2.70052e-006,0.007327619
2.70252e-006,0.007327619
2.70452e-006,0.01073929
2.70652e-006,0.009092278
2.70852e-006,0.01168045
2.71052e-006,0.006386467
2.71252e-006,0.009562854
2.71452e-006,0.01191573
2.71652e-006,0.009209922
2.71852e-006,0.01203338
2.72052e-006,0.01309217
2.72252e-006,0.006974687
2.72452e-006,0.002268928
2.72652e-006,0.01097458
2.72852e-006,0.01144516
2.73052e-006,0.01191573
2.73252e-006,0.01415097
2.73452e-006,0.00826877
2.73652e-006,0.007680551
2.73852e-006,0.005092383
2.74052e-006,0.01203338
2.74252e-006,0.00826877
2.74452e-006,0.01015107
2.74652e-006,0.009562854
2.74852e-006,0.0037983
2.75052e-006,0.01120987
2.75252e-006,0.01273924
2.75452e-006,0.00885699
2.75652e-006,0.007798194
2.75852e-006,0.006268823
2.76052e-006,0.01215102
2.76252e-006,0.009092278
2.76452e-006,0.008151126
2.76652e-006,0.008504058
2.76852e-006,0.01238631
2.77052e-006,0.007445263
2.77252e-006,0.00885699
2.77452e-006,0.01015107
2.77652e-006,0.01097458
2.77852e-006,0.008974634
2.78052e-006,0.007798194
2.78252e-006,0.008386414
2.78452e-006,0.008151126
2.78652e-006,0.01438626
2.78852e-006,0.01368039
2.79052e-006,0.004033588
2.79252e-006,0.01273924
2.79452e-006,0.01179809
2.79652e-006,0.009680498
2.79852e-006,0.009092278
2.80052e-006,0.006857043
2.80252e-006,0.01379804
2.80452e-006,0.003563012
2.80652e-006,0.01768029
2.80852e-006,0.008151126
2.81052e-006,0.009915786
2.81252e-006,0.01191573
2.81452e-006,0.006621755
2.81652e-006,0.01485683
2.81852e-006,0.004857096
2.82052e-006,0.01426861
2.82252e-006,0.004033588
2.82452e-006,0.004504164
2.82652e-006,0.01203338
2.82852e-006,0.008386414
2.83052e-006,0.006504111
2.83252e-006,0.008621702
2.83452e-006,0.01026872
2.83652e-006,0.01144516
2.83852e-006,0.00885699
2.84052e-006,0.01073929
2.84252e-006,0.01026872
2.84452e-006,0.01050401
2.84652e-006,0.01132751
2.84852e-006,0.005092383
2.85052e-006,0.0115628
2.85252e-006,0.007562907
2.85452e-006,0.009327566
2.85652e-006,0.008033482
2.85852e-006,0.01285688
2.86052e-006,0.01309217
2.86252e-006,0.00885699
2.86452e-006,0.003445368
2.86652e-006,0.009798142
2.86852e-006,0.009209922
2.87052e-006,0.006739399
2.87252e-006,0.00944521
2.87452e-006,0.004739452
2.87652e-006,0.00826877
2.87852e-006,0.01003343
2.88052e-006,0.003327724
2.88252e-006,0.01356275
2.88452e-006,-0.0004368826
2.88652e-006,0.0126216
2.88852e-006,0.004621808
2.89052e-006,0.009798142
2.89252e-006,0.008386414
2.89452e-006,0.007445263
2.89652e-006,0.006739399
2.89852e-006,0.004621808
2.90052e-006,0.01320982
2.90252e-006,0.004504164
2.90452e-006,0.01120987
2.90652e-006,0.003092436
2.90852e-006,0.008504058
2.91052e-006,0.007915838
2.91252e-006,0.01050401
2.91452e-006,0.007327619
2.91652e-006,0.00826877
2.91852e-006,0.01038636
2.92052e-006,0.01026872
2.92252e-006,0.009915786
2.92452e-006,0.01015107
2.92652e-006,0.005327671
2.92852e-006,0.01015107
2.93052e-006,0.006857043
2.93252e-006,0.01238631
2.93452e-006,0.008974634
2.93652e-006,0.007327619
2.93852e-006,0.01203338
2.94052e-006,0.01073929
2.94252e-006,0.009562854
2.94452e-006,0.003445368
2.94652e-006,0.01003343
2.94852e-006,0.00885699
2.95052e-006,0.008974634
2.95252e-006,0.00321008
2.95452e-006,0.007092331
2.95652e-006,0.006151179
2.95852e-006,0.009562854
2.96052e-006,0.009798142
2.96252e-006,0.01462154
2.96452e-006,0.009680498
2.96652e-006,0.006504111
2.96852e-006,0.002739504
2.97052e-006,0.01062165
2.97252e-006,0.008386414
2.97452e-006,0.007915838
2.97652e-006,0.009092278
2.97852e-006,0.004621808
2.98052e-006,0.01862144
2.98252e-006,0.001445421
2.98452e-006,0.01073929
2.98652e-006,0.007092331
2.98852e-006,0.01215102
2.99052e-006,0.009562854
2.99252e-006,0.007915838
2.99452e-006,0.006621755
2.99652e-006,0.008504058
2.99852e-006,0.009915786
3.00052e-006,0.003445368
3.00252e-006,0.01003343
3.00452e-006,0.007209975
3.00652e-006,0.006974687
3.00852e-006,0.01062165
3.01052e-006,0.006857043
3.01252e-006,0.006151179
3.01452e-006,0.009092278
3.01652e-006,0.01238631
3.01852e-006,0.005562959
3.02052e-006,0.00944521
3.02252e-006,0.01403332
3.02452e-006,0.009915786
3.02652e-006,0.006739399
3.02852e-006,0.005210027
3.03052e-006,0.009327566
3.03252e-006,0.01097458
3.03452e-006,0.003915944
3.03652e-006,0.007915838
3.03852e-006,0.009327566
3.04052e-006,0.009680498
3.04252e-006,0.01473919
3.04452e-006,0.008974634
3.04652e-006,0.00885699
3.04852e-006,0.004033588
3.05052e-006,0.01320982
3.05252e-006,0.004739452
3.05452e-006,0.01191573
3.05652e-006,0.01215102
3.05852e-006,0.004033588
3.06052e-006,0.008974634
3.06252e-006,0.008033482
3.06452e-006,0.009798142
3.06652e-006,0.008151126
3.06852e-006,0.01097458
3.07052e-006,0.007327619
3.07252e-006,0.006739399
3.07452e-006,0.005562959
3.07652e-006,0.003915944
3.07852e-006,0.01544505
3.08052e-006,0.01026872
3.08252e-006,0.003915944
3.08452e-006,0.003092436
3.08652e-006,0.00944521
3.08852e-006,0.006386467
3.09052e-006,0.0115628
3.09252e-006,0.007915838
3.09452e-006,0.008504058
3.09652e-006,0.004033588
3.09852e-006,0.005327671
3.10052e-006,0.01168045
3.10252e-006,0.003092436
3.10452e-006,0.009798142
3.10652e-006,0.007209975
3.10852e-006,0.01120987
3.11052e-006,0.007209975
3.11252e-006,0.007327619
3.11452e-006,0.01144516
3.11652e-006,0.006974687
3.11852e-006,0.009209922
3.12052e-006,0.01003343
3.12252e-006,0.006857043
3.12452e-006,0.01356275
3.12652e-006,0.005445315
3.12852e-006,0.009680498
3.13052e-006,0.009915786
3.13252e-006,0.007327619
3.13452e-006,0.008974634
3.13652e-006,0.007445263
3.13852e-006,0.007562907
3.14052e-006,0.009562854
3.14252e-006,0.01297453
3.14452e-006,0.004857096
3.14652e-006,0.007327619
3.14852e-006,0.007680551
3.15052e-006,0.01050401
3.15252e-006,0.01097458
3.15452e-006,0.007915838
3.15652e-006,0.009092278
3.15852e-006,0.005798247
3.16052e-006,0.008621702
3.16252e-006,0.008621702
3.16452e-006,0.009915786
3.16652e-006,0.009209922
3.16852e-006,0.005915891
3.17052e-006,0.009209922
3.17252e-006,0.00826877
3.17452e-006,0.008386414
3.17652e-006,0.007915838
3.17852e-006,0.009209922
3.18052e-006,0.007209975
3.18252e-006,0.0002689811
3.18452e-006,0.008386414
3.18652e-006,0.006386467
3.18852e-006,0.006504111
3.19052e-006,0.00885699
3.19252e-006,0.00826877
3.19452e-006,0.007562907
3.19652e-006,0.006386467
3.19852e-006,0.01250395
3.20052e-006,0.004151232
3.20252e-006,0.008974634
3.20452e-006,0.00944521
3.20652e-006,0.002151284
3.20852e-006,0.01038636
3.21052e-006,0.005210027
3.21252e-006,0.006621755
3.21452e-006,0.01226866
3.21652e-006,0.01026872
3.21852e-006,0.01426861
3.22052e-006,0.0005042691
3.22252e-006,0.01179809
3.22452e-006,0.004857096
3.22652e-006,0.003327724
3.22852e-006,0.009092278
3.23052e-006,0.005680603
3.23252e-006,0.006739399
3.23452e-006,0.01285688
3.23652e-006,0.008386414
3.23852e-006,0.007092331
3.24052e-006,0.004621808
3.24252e-006,0.01085694
3.24452e-006,0.005327671
3.24652e-006,0.005327671
3.24852e-006,0.008739346
3.25052e-006,0.007680551
3.25252e-006,0.004857096
3.25452e-006,0.0009748449
3.25652e-006,0.01238631
3.25852e-006,0.01062165
3.26052e-006,0.003327724
3.26252e-006,0.01062165
3.26452e-006,0.01097458
3.26652e-006,0.003327724
3.26852e-006,0.009327566
3.27052e-006,0.007209975
3.27252e-006,0.0115628
3.27452e-006,-8.395073e-005
3.27652e-006,0.01026872
3.27852e-006,0.008621702
3.28052e-006,0.004739452
3.28252e-006,0.01168045
3.28452e-006,0.006151179
3.28652e-006,0.01332746
3.28852e-006,0.006268823
3.29052e-006,0.006033535
3.29252e-006,0.007209975
3.29452e-006,0.01109223
3.29652e-006,0.01062165
3.29852e-006,0.007915838
3.30052e-006,0.006151179
3.30252e-006,0.01073929
3.30452e-006,0.007798194
3.30652e-006,0.007327619
3.30852e-006,0.006974687
3.31052e-006,0.007445263
3.31252e-006,0.008151126
3.31452e-006,0.006857043
3.31652e-006,0.01097458
3.31852e-006,0.006504111
3.32052e-006,0.004268876
3.32252e-006,0.01097458
3.32452e-006,0.003092436
3.32652e-006,0.01073929
3.32852e-006,0.008739346
3.33052e-006,0.006974687
3.33252e-006,0.007092331
3.33452e-006,0.005915891
3.33652e-006,0.008974634
3.33852e-006,0.007445263
3.34052e-006,0.008974634
3.34252e-006,0.009092278
3.34452e-006,0.01038636
3.34652e-006,0.006268823
3.34852e-006,0.009680498
3.35052e-006,0.01226866
3.35252e-006,0.006504111
3.35452e-006,0.006151179
3.35652e-006,0.00885699
3.35852e-006,0.01120987
3.36052e-006,0.00438652
3.36252e-006,0.006857043
3.36452e-006,0.005327671
3.36652e-006,0.002504216
3.36852e-006,0.006504111
3.37052e-006,0.007798194
3.37252e-006,0.01132751
3.37452e-006,0.006621755
3.37652e-006,0.007915838
3.37852e-006,0.01097458
3.38052e-006,0.006621755
3.38252e-006,0.006268823
3.38452e-006,0.0037983
3.38652e-006,0.008504058
3.38852e-006,0.007327619
3.39052e-006,0.007092331
3.39252e-006,0.003680656
3.39452e-006,0.01120987
3.39652e-006,0.005798247
3.39852e-006,0.00944521
3.40052e-006,0.006504111
3.40252e-006,0.002857148
3.40452e-006,0.006974687
3.40652e-006,0.01285688
3.40852e-006,0.00438652
3.41052e-006,0.005798247
3.41252e-006,0.008386414
3.41452e-006,0.005092383
3.41652e-006,0.009915786
3.41852e-006,0.004621808
3.42052e-006,0.007445263
3.42252e-006,0.004268876
3.42452e-006,0.01015107
3.42652e-006,0.007915838
3.42852e-006,0.006033535
3.43052e-006,0.009092278
3.43252e-006,0.008504058
3.43452e-006,0.006268823
3.43652e-006,0.007327619
3.43852e-006,0.00438652
3.44052e-006,0.01203338
3.44252e-006,0.007680551
3.44452e-006,0.005915891
3.44652e-006,0.006739399
3.44852e-006,0.007798194
3.45052e-006,0.005562959
3.45252e-006,0.007798194
3.45452e-006,0.005562959
3.45652e-006,0.006739399
3.45852e-006,0.01332746
3.46052e-006,0.004621808
3.46252e-006,0.01026872
3.46452e-006,0.003915944
3.46652e-006,0.007445263
3.46852e-006,0.00944521
3.47052e-006,0.007327619
3.47252e-006,0.00438652
3.47452e-006,0.004268876
3.47652e-006,0.00944521
3.47852e-006,0.005562959
3.48052e-006,0.008621702
3.48252e-006,0.006386467
3.48452e-006,0.01497448
3.48652e-006,0.000621913
3.48852e-006,0.005327671
3.49052e-006,0.008621702
3.49252e-006,0.006504111
3.49452e-006,0.005562959
3.49652e-006,0.006974687
3.49852e-006,0.01015107
3.50052e-006,-0.001495678
3.50252e-006,0.007680551
3.50452e-006,0.008621702
3.50652e-006,0.01109223
3.50852e-006,0.00321008
3.51052e-006,0.008386414
3.51252e-006,0.008974634
3.51452e-006,0.006974687
3.51652e-006,0.01132751
3.51852e-006,0.000621913
3.52052e-006,0.005915891
3.52252e-006,0.01097458
3.52452e-006,0.0008572009
3.52652e-006,0.004268876
3.52852e-006,0.006033535
3.53052e-006,0.00885699
3.53252e-006,0.005562959
3.53452e-006,0.007209975
3.53652e-006,0.008974634
3.53852e-006,0.004621808
3.54052e-006,0.00885699
3.54252e-006,0.01015107
3.54452e-006,0.004857096
3.54652e-006,0.009915786
3.54852e-006,0.01320982
3.55052e-006,0.006386467
3.55252e-006,0.007092331
3.55452e-006,0.002151284
3.55652e-006,0.004504164
3.55852e-006,0.006386467
3.56052e-006,0.008504058
3.56252e-006,0.005445315
3.56452e-006,0.002974792
3.56652e-006,0.005915891
3.56852e-006,0.01015107
3.57052e-006,0.006268823
3.57252e-006,0.009562854
3.57452e-006,0.005798247
3.57652e-006,0.006033535
3.57852e-006,0.006386467
3.58052e-006,0.007915838
3.58252e-006,0.007562907
3.58452e-006,0.006621755
3.58652e-006,0.007798194
3.58852e-006,0.01026872
3.59052e-006,0.009798142
3.59252e-006,0.007680551
3.59452e-006,0.007915838
3.59652e-006,0.01073929
3.59852e-006,0.005915891
3.60052e-006,0.005092383
3.60252e-006,0.006268823
3.60452e-006,0.004739452
3.60652e-006,0.007445263
3.60852e-006,0.007209975
3.61052e-006,0.006504111
3.61252e-006,0.007562907
3.61452e-006,0.007092331
3.61652e-006,0.002739504
3.61852e-006,0.009209922
3.62052e-006,0.009680498
3.62252e-006,0.001915997
3.62452e-006,0.004268876
3.62652e-006,0.007445263
3.62852e-006,0.007680551
3.63052e-006,0.004974739
3.63252e-006,0.005680603
3.63452e-006,0.007209975
3.63652e-006,0.00438652
3.63852e-006,0.007562907
3.64052e-006,0.006504111
3.64252e-006,0.01003343
3.64452e-006,0.000739557
3.64652e-006,0.001915997
3.64852e-006,0.009092278
3.65052e-006,0.006621755
3.65252e-006,0.003680656
3.65452e-006,0.004033588
3.65652e-006,0.003092436
3.65852e-006,0.01062165
3.66052e-006,0.006857043
3.66252e-006,0.009209922
3.66452e-006,0.0009748449
3.66652e-006,0.009798142
3.66852e-006,0.004504164
3.67052e-006,0.004974739
3.67252e-006,0.006739399
3.67452e-006,0.008739346
3.67652e-006,0.003445368
3.67852e-006,0.003445368
3.68052e-006,0.01215102
3.68252e-006,0.007680551
3.68452e-006,0.006268823
3.68652e-006,0.01015107
3.68852e-006,0.00438652
3.69052e-006,0.009798142
3.69252e-006,0.006621755
3.69452e-006,0.005445315
3.69652e-006,0.01250395
3.69852e-006,0.009327566
3.70052e-006,0.00321008
3.70252e-006,0.003680656
3.70452e-006,0.006504111
3.70652e-006,0.009327566
3.70852e-006,0.002504216
3.71052e-006,0.007680551
3.71252e-006,0.009562854
3.71452e-006,0.01062165
3.71652e-006,0.005915891
3.71852e-006,0.007915838
3.72052e-006,0.01015107
3.72252e-006,0.000739557
3.72452e-006,0.005445315
3.72652e-006,0.00885699
3.72852e-006,0.01003343
3.73052e-006,0.006151179
3.73252e-006,0.01026872
3.73452e-006,0.008151126
3.73652e-006,0.00438652
3.73852e-006,0.00826877
3.74052e-006,0.00826877
3.74252e-006,0.002857148
3.74452e-006,0.008739346
3.74652e-006,0.005092383
3.74852e-006,0.009798142
3.75052e-006,0.008033482
3.75252e-006,0.006974687
3.75452e-006,0.004739452
3.75652e-006,0.01050401
3.75852e-006,0.004621808
3.76052e-006,0.006386467
3.76252e-006,0.0115628
3.76452e-006,0.009327566
3.76652e-006,0.01015107
3.76852e-006,0.001915997
3.77052e-006,0.006268823
3.77252e-006,0.004621808
3.77452e-006,0.006151179
3.77652e-006,0.004974739
3.77852e-006,0.007092331
3.78052e-006,0.002857148
3.78252e-006,0.006621755
3.78452e-006,0.006504111
3.78652e-006,0.01109223
3.78852e-006,0.001563065
3.79052e-006,0.006857043
3.79252e-006,0.006857043
3.79452e-006,0.003327724
3.79652e-006,0.002504216
3.79852e-006,0.007915838
3.80052e-006,0.01120987
3.80252e-006,0.0005042691
3.80452e-006,0.006621755
3.80652e-006,0.007445263
3.80852e-006,0.004739452
3.81052e-006,0.006974687
3.81252e-006,0.007327619
3.81452e-006,0.003680656
3.81652e-006,0.006739399
3.81852e-006,0.006033535
3.82052e-006,0.005445315
3.82252e-006,0.005680603
3.82452e-006,0.004974739
3.82652e-006,0.008033482
3.82852e-006,0.008386414
3.83052e-006,0.008621702
3.83252e-006,0.007092331
3.83452e-006,0.005327671
3.83652e-006,0.007562907
3.83852e-006,0.005092383
3.84052e-006,-0.0005545266
3.84252e-006,0.00826877
3.84452e-006,0.007209975
3.84652e-006,0.005327671
3.84852e-006,0.008033482
3.85052e-006,0.008974634
3.85252e-006,0.009680498
3.85452e-006,0.006033535
3.85652e-006,0.004268876
3.85852e-006,0.004033588
3.86052e-006,0.01120987
3.86252e-006,0.002151284
3.86452e-006,0.005445315
3.86652e-006,0.01026872
3.86852e-006,0.008386414
3.87052e-006,0.003915944
3.87252e-006,0.007562907
3.87452e-006,0.009798142
3.87652e-006,0.005092383
3.87852e-006,0.005327671
3.88052e-006,0.009092278
3.88252e-006,0.008033482
3.88452e-006,0.000621913
3.88652e-006,0.01168045
3.88852e-006,0.002974792
3.89052e-006,0.008621702
3.89252e-006,0.002151284
3.89452e-006,0.005680603
3.89652e-006,0.002386572
3.89852e-006,0.007915838
3.90052e-006,0.005798247
3.90252e-006,0.01168045
3.90452e-006,0.001915997
3.90652e-006,0.005210027
3.90852e-006,0.008151126
3.91052e-006,0.00885699
3.91252e-006,0.004151232
3.91452e-006,0.004974739
3.91652e-006,0.003915944
3.91852e-006,0.005445315
3.92052e-006,0.002504216
3.92252e-006,0.004268876
3.92452e-006,0.009915786
3.92652e-006,0.009562854
3.92852e-006,0.005798247
3.93052e-006,0.01403332
3.93252e-006,0.001563065
3.93452e-006,0.005798247
3.93652e-006,0.006386467
3.93852e-006,0.004268876
3.94052e-006,0.009680498
3.94252e-006,0.002857148
3.94452e-006,0.003563012
3.94652e-006,0.004151232
3.94852e-006,0.009092278
3.95052e-006,0.006857043
3.95252e-006,0.004504164
3.95452e-006,0.003445368
3.95652e-006,0.005092383
3.95852e-006,0.01062165
3.96052e-006,0.0009748449
3.96252e-006,0.005798247
3.96452e-006,0.007915838
3.96652e-006,0.008739346
3.96852e-006,0.007209975
3.97052e-006,0.01015107
3.97252e-006,-0.002319186
3.97452e-006,0.002386572
3.97652e-006,0.006268823
3.97852e-006,0.008033482
3.98052e-006,0.00321008
3.98252e-006,0.01109223
3.98452e-006,0.003092436
3.98652e-006,0.004504164
3.98852e-006,0.004739452
3.99052e-006,0.01320982
3.99252e-006,0.005210027
3.99452e-006,0.005327671
3.99652e-006,0.007562907
3.99852e-006,0.005092383
4.00052e-006,0.008504058
4.00252e-006,0.009327566
4.00452e-006,0.002033641
4.00652e-006,0.004857096
4.00852e-006,0.005562959
4.01052e-006,0.0037983
4.01252e-006,0.005327671
4.01452e-006,0.01120987
4.01652e-006,0.00826877
4.01852e-006,0.002386572
4.02052e-006,0.005798247
4.02252e-006,0.006621755
4.02452e-006,0.004857096
4.02652e-006,0.004268876
4.02852e-006,0.006151179
4.03052e-006,0.009209922
4.03252e-006,0.01168045
4.03452e-006,0.003563012
4.03652e-006,0.005210027
4.03852e-006,0.002386572
4.04052e-006,0.007680551
4.04252e-006,0.009327566
4.04452e-006,0.009092278
4.04652e-006,0.00262186
4.04852e-006,0.007445263
4.05052e-006,0.008151126
4.05252e-006,-0.001025102
4.05452e-006,0.008386414
4.05652e-006,0.006857043
4.05852e-006,0.006857043
4.06052e-006,0.003563012
4.06252e-006,0.004268876
4.06452e-006,0.008504058
4.06652e-006,0.004857096
4.06852e-006,0.003092436
4.07052e-006,0.005915891
4.07252e-006,0.003445368
4.07452e-006,0.007445263
4.07652e-006,0.003563012
4.07852e-006,0.006621755
4.08052e-006,0.006268823
4.08252e-006,0.009209922
4.08452e-006,0.00826877
4.08652e-006,0.003915944
4.08852e-006,0.008033482
4.09052e-006,0.004739452
4.09252e-006,0.005798247
4.09452e-006,0.004033588
4.09652e-006,0.00262186
4.09852e-006,0.0005042691
4.10052e-006,0.008386414
4.10252e-006,0.007209975
4.10452e-006,0.007680551
4.10652e-006,0.003680656
4.10852e-006,0.01026872
4.11052e-006,0.001445421
4.11252e-006,0.001798353
4.11452e-006,0.01544505
4.11652e-006,0.005680603
4.11852e-006,0.001798353
4.12052e-006,0.007562907
4.12252e-006,0.01132751
4.12452e-006,0.007327619
4.12652e-006,0.002033641
4.12852e-006,0.009092278
4.13052e-006,-0.001142746
4.13252e-006,0.007798194
4.13452e-006,0.008386414
4.13652e-006,0.008386414
4.13852e-006,0.006386467
4.14052e-006,0.005210027
4.14252e-006,0.004739452
4.14452e-006,0.005327671
4.14652e-006,0.006621755
4.14852e-006,0.004504164
4.15052e-006,0.006386467
4.15252e-006,0.00438652
4.15452e-006,0.006268823
4.15652e-006,0.006268823
4.15852e-006,0.009209922
4.16052e-006,0.01026872
4.16252e-006,0.007445263
4.16452e-006,0.002739504
4.16652e-006,0.006386467
4.16852e-006,0.004621808
4.17052e-006,0.002504216
4.17252e-006,0.005798247
4.17452e-006,0.005798247
4.17652e-006,0.002739504
4.17852e-006,0.005680603
4.18052e-006,0.005210027
4.18252e-006,0.00321008
4.18452e-006,0.004739452
4.18652e-006,0.00438652
4.18852e-006,0.006621755
4.19052e-006,0.004621808
4.19252e-006,0.004151232
4.19452e-006,0.004504164
4.19652e-006,0.007915838
4.19852e-006,0.006739399
4.20052e-006,0.007562907
4.20252e-006,0.005915891
4.20452e-006,0.003445368
4.20652e-006,0.006974687
4.20852e-006,0.006857043
4.21052e-006,0.001915997
4.21252e-006,0.00826877
4.21452e-006,0.002151284
4.21652e-006,0.007798194
4.21852e-006,0.002504216
4.22052e-006,0.004974739
4.22252e-006,0.009092278
4.22452e-006,0.002386572
4.22652e-006,0.005915891
4.22852e-006,0.006504111
4.23052e-006,-0.001142746
4.23252e-006,0.005798247
4.23452e-006,0.004857096
4.23652e-006,0.007445263
4.23852e-006,0.004974739
4.24052e-006,0.003563012
4.24252e-006,0.004033588
4.24452e-006,0.005680603
4.24652e-006,0.00826877
4.24852e-006,0.005798247
4.25052e-006,0.0037983
4.25252e-006,0.009327566
4.25452e-006,0.008151126
4.25652e-006,0.004857096
4.25852e-006,0.007327619
4.26052e-006,0.00826877
4.26252e-006,0.002857148
4.26452e-006,0.009092278
4.26652e-006,0.006739399
4.26852e-006,0.001210133
4.27052e-006,0.006621755
4.27252e-006,0.004268876
4.27452e-006,0.0126216
4.27652e-006,0.003915944
4.27852e-006,0.006268823
4.28052e-006,0.003327724
4.28252e-006,0.007445263
4.28452e-006,0.006151179
4.28652e-006,0.01415097
4.28852e-006,0.001092489
4.29052e-006,0.00438652
4.29252e-006,0.004974739
4.29452e-006,0.005562959
4.29652e-006,0.004857096
4.29852e-006,0.006151179
4.30052e-006,0.0002689811
4.30252e-006,0.006268823
4.30452e-006,0.01026872
4.30652e-006,-8.395073e-005
4.30852e-006,0.00944521
4.31052e-006,0.006621755
4.31252e-006,0.003563012
4.31452e-006,0.007092331
4.31652e-006,0.006974687
4.31852e-006,0.0005042691
4.32052e-006,0.007915838
4.32252e-006,0.004739452
4.32452e-006,0.006621755
4.32652e-006,0.007798194
4.32852e-006,0.0008572009
4.33052e-006,0.008386414
4.33252e-006,0.002386572
4.33452e-006,0.004033588
4.33652e-006,0.0037983
4.33852e-006,0.002739504
4.34052e-006,0.009327566
4.34252e-006,-0.0003192386
4.34452e-006,3.369323e-005
4.34652e-006,0.008504058
4.34852e-006,0.007445263
4.35052e-006,0.008621702
4.35252e-006,0.001210133
4.35452e-006,0.006857043
4.35652e-006,0.006386467
4.35852e-006,0.001092489
4.36052e-006,0.007327619
4.36252e-006,0.004151232
4.36452e-006,0.007680551
4.36652e-006,-0.0003192386
4.36852e-006,0.009209922
4.37052e-006,0.004739452
4.37252e-006,0.009092278
4.37452e-006,0.0037983
4.37652e-006,0.009798142
4.37852e-006,0.004504164
4.38052e-006,0.002504216
4.38252e-006,0.007562907
4.38452e-006,0.006857043
4.38652e-006,0.002268928
4.38852e-006,0.003680656
4.39052e-006,0.006151179
4.39252e-006,0.0037983
4.39452e-006,0.008974634
4.39652e-006,0.005798247
4.39852e-006,0.0008572009
4.40052e-006,0.01120987
4.40252e-006,0.003915944
4.40452e-006,0.003563012
4.40652e-006,0.007327619
4.40852e-006,0.004504164
4.41052e-006,0.005445315
4.41252e-006,0.003915944
4.41452e-006,0.008974634
4.41652e-006,0.003327724
4.41852e-006,0.01109223
4.42052e-006,-0.0002015947
4.42252e-006,0.006857043
4.42452e-006,0.005915891
4.42652e-006,0.008151126
4.42852e-006,0.003563012
4.43052e-006,0.01003343
4.43252e-006,0.004151232
4.43452e-006,0.006739399
4.43652e-006,0.002268928
4.43852e-006,0.004504164
4.44052e-006,0.004151232
4.44252e-006,0.0002689811
4.44452e-006,0.006974687
4.44652e-006,0.001915997
4.44852e-006,0.004268876
4.45052e-006,0.009680498
4.45252e-006,0.004151232
4.45452e-006,0.00438652
4.45652e-006,0.006268823
4.45852e-006,0.005680603
4.46052e-006,0.003092436
4.46252e-006,0.007092331
4.46452e-006,0.01085694
4.46652e-006,0.00438652
4.46852e-006,0.004151232
4.47052e-006,0.002033641
4.47252e-006,0.0037983
4.47452e-006,0.001210133
4.47652e-006,0.007092331
4.47852e-006,0.004621808
4.48052e-006,0.006386467
4.48252e-006,0.007327619
4.48452e-006,0.007327619
4.48652e-006,0.002857148
4.48852e-006,0.00438652
4.49052e-006,0.005562959
4.49252e-006,0.004621808
4.49452e-006,0.005445315
4.49652e-006,0.006151179
4.49852e-006,-0.0004368826
4.50052e-006,0.006739399
4.50252e-006,0.006033535
4.50452e-006,0.00262186
4.50652e-006,0.005798247
4.50852e-006,0.004151232
4.51052e-006,0.01215102
4.51252e-006,-0.001378034
4.51452e-006,0.001680709
4.51652e-006,0.003563012
4.51852e-006,0.003915944
4.52052e-006,0.006857043
4.52252e-006,0.009680498
4.52452e-006,0.002151284
4.52652e-006,0.007092331
4.52852e-006,0.004268876
4.53052e-006,0.01297453
4.53252e-006,0.002739504
4.53452e-006,0.00885699
4.53652e-006,0.004974739
4.53852e-006,0.006974687
4.54052e-006,0.001563065
4.54252e-006,0.00885699
4.54452e-006,0.005680603
4.54652e-006,0.005092383
4.54852e-006,0.005680603
4.55052e-006,0.005798247
4.55252e-006,0.009680498
4.55452e-006,0.003327724
4.55652e-006,0.005210027
4.55852e-006,0.001680709
4.56052e-006,0.007209975
4.56252e-006,0.003092436
4.56452e-006,0.004621808
4.56652e-006,0.005092383
4.56852e-006,0.006739399
4.57052e-006,0.00321008
4.57252e-006,-0.001966254
4.57452e-006,0.007798194
4.57652e-006,0.005327671
4.57852e-006,0.006974687
4.58052e-006,0.005092383
4.58252e-006,0.005445315
4.58452e-006,0.006268823
4.58652e-006,0.008739346
4.58852e-006,0.004739452
4.59052e-006,0.008504058
4.59252e-006,0.004033588
4.59452e-006,0.008151126
4.59652e-006,0.006621755
4.59852e-006,0.002386572
4.60052e-006,0.009562854
4.60252e-006,-0.001613322
4.60452e-006,0.004504164
4.60652e-006,0.007680551
4.60852e-006,0.00885699
4.61052e-006,0.007798194
4.61252e-006,0.003563012
4.61452e-006,0.003092436
4.61652e-006,0.004151232
4.61852e-006,0.007092331
4.62052e-006,0.009915786
4.62252e-006,0.004621808
4.62452e-006,0.005562959
4.62652e-006,0.002974792
4.62852e-006,0.006151179
4.63052e-006,0.002504216
4.63252e-006,0.005562959
4.63452e-006,0.006621755
4.63652e-006,0.005210027
4.63852e-006,0.01062165
4.64052e-006,0.003563012
4.64252e-006,0.002268928
4.64452e-006,0.002974792
4.64652e-006,0.004739452
4.64852e-006,0.005327671
4.65052e-006,0.005915891
4.65252e-006,0.007209975
4.65452e-006,0.003915944
4.65652e-006,0.002386572
4.65852e-006,0.01179809
4.66052e-006,0.005327671
4.66252e-006,0.008386414
4.66452e-006,0.006739399
4.66652e-006,0.006386467
4.66852e-006,0.004974739
4.67052e-006,0.007092331
4.67252e-006,0.002033641
4.67452e-006,0.006504111
4.67652e-006,0.001445421
4.67852e-006,0.01509212
4.68052e-006,0.001445421
4.68252e-006,0.01168045
4.68452e-006,0.002033641
4.68652e-006,0.005092383
4.68852e-006,0.003445368
4.69052e-006,0.003327724
4.69252e-006,0.003563012
4.69452e-006,0.006268823
4.69652e-006,0.007327619
4.69852e-006,0.002386572
4.70052e-006,0.0115628
4.70252e-006,0.001798353
4.70452e-006,0.005680603
4.70652e-006,0.00438652
4.70852e-006,0.002268928
4.71052e-006,0.006504111
4.71252e-006,0.005327671
4.71452e-006,0.004504164
4.71652e-006,-0.001495678
4.71852e-006,0.007680551
4.72052e-006,0.006974687
4.72252e-006,0.007562907
4.72452e-006,0.005915891
4.72652e-006,0.001445421
4.72852e-006,0.004268876
4.73052e-006,0.005915891
4.73252e-006,0.005445315
4.73452e-006,0.007092331
4.73652e-006,0.002739504
4.73852e-006,0.006033535
4.74052e-006,0.006621755
4.74252e-006,0.004268876
4.74452e-006,0.009092278
4.74652e-006,0.003563012
4.74852e-006,0.008504058
4.75052e-006,0.006974687
4.75252e-006,0.005915891
4.75452e-006,0.01168045
4.75652e-006,0.00321008
4.75852e-006,0.006974687
4.76052e-006,0.006268823
4.76252e-006,0.006151179
4.76452e-006,0.005562959
4.76652e-006,0.006268823
4.76852e-006,0.008151126
4.77052e-006,0.004268876
4.77252e-006,0.003680656
4.77452e-006,0.002739504
4.77652e-006,0.008386414
4.77852e-006,0.009092278
4.78052e-006,0.0037983
4.78252e-006,0.009680498
4.78452e-006,0.002739504
4.78652e-006,0.007209975
4.78852e-006,0.003563012
4.79052e-006,0.006151179
4.79252e-006,0.003680656
4.79452e-006,0.005915891
4.79652e-006,0.004033588
4.79852e-006,0.006504111
4.80052e-006,0.01109223
4.80252e-006,0.001798353
4.80452e-006,0.006033535
4.80652e-006,0.002504216
4.80852e-006,0.01003343
4.81052e-006,0.003915944
4.81252e-006,0.0037983
4.81452e-006,0.005445315
4.81652e-006,0.004151232
4.81852e-006,0.009092278
4.82052e-006,0.002033641
4.82252e-006,0.005680603
4.82452e-006,0.006151179
4.82652e-006,0.004504164
4.82852e-006,0.01097458
4.83052e-006,-0.0007898145
4.83252e-006,0.007680551
4.83452e-006,0.005562959
4.83652e-006,0.004151232
4.83852e-006,0.008974634
4.84052e-006,0.008504058
4.84252e-006,0.00885699
4.84452e-006,0.001915997
4.84652e-006,0.007092331
4.84852e-006,0.00321008
4.85052e-006,-0.0006721705
4.85252e-006,0.00321008
4.85452e-006,0.004974739
4.85652e-006,0.006504111
4.85852e-006,0.0037983
4.86052e-006,0.006504111
4.86252e-006,0.005562959
4.86452e-006,0.01132751
4.86652e-006,0.004504164
4.86852e-006,0.006033535
4.87052e-006,0.007209975
4.87252e-006,0.01179809
4.87452e-006,0.006151179
4.87652e-006,0.0037983
4.87852e-006,0.006857043
4.88052e-006,-8.395073e-005
4.88252e-006,0.00262186
4.88452e-006,0.004621808
4.88652e-006,0.0008572009
4.88852e-006,0.008033482
4.89052e-006,0.001445421
4.89252e-006,0.007092331
4.89452e-006,0.007445263
4.89652e-006,0.006268823
4.89852e-006,0.001092489
4.90052e-006,0.005798247
4.90252e-006,0.006739399
4.90452e-006,0.005562959
4.90652e-006,0.005680603
4.90852e-006,0.005092383
4.91052e-006,0.005092383
4.91252e-006,0.008739346
4.91452e-006,0.003563012
4.91652e-006,0.002151284
4.91852e-006,0.002739504
4.92052e-006,0.007092331
4.92252e-006,0.01238631
4.92452e-006,0.002386572
4.92652e-006,0.006386467
4.92852e-006,0.005092383
4.93052e-006,0.006033535
4.93252e-006,0.002268928
4.93452e-006,0.01191573
4.93652e-006,0.007445263
4.93852e-006,0.005445315
4.94052e-006,0.003680656
4.94252e-006,0.004974739
4.94452e-006,0.002504216
4.94652e-006,0.006857043
4.94852e-006,0.003915944
4.95052e-006,0.002504216
4.95252e-006,0.006974687
4.95452e-006,0.005798247
4.95652e-006,0.00262186
4.95852e-006,0.01038636
4.96052e-006,0.000739557
4.96252e-006,0.009092278
4.96452e-006,0.002857148
4.96652e-006,0.006504111
4.96852e-006,0.004268876
4.97052e-006,0.006268823
4.97252e-006,0.004739452
4.97452e-006,0.001445421
4.97652e-006,0.008386414
4.97852e-006,0.006974687
4.98052e-006,0.002268928
4.98252e-006,0.001563065
4.98452e-006,0.0115628
4.98652e-006,0.0037983
4.98852e-006,0.004151232
4.99052e-006,0.006386467
4.99252e-006,0.003327724
4.99452e-006,0.002857148
4.99652e-006,0.001445421
4.99852e-006,0.007327619
5.00052e-006,0.007798194
5.00252e-006,0.002739504
5.00452e-006,0.006033535
5.00652e-006,0.003915944
5.00852e-006,0.0005042691
5.01052e-006,0.003445368
5.01252e-006,0.004857096
5.01452e-006,0.003445368
5.01652e-006,0.005092383
5.01852e-006,0.000739557
5.02052e-006,0.007562907
5.02252e-006,0.004739452
5.02452e-006,0.006033535
5.02652e-006,0.004151232
5.02852e-006,0.004151232
5.03052e-006,0.007327619
5.03252e-006,0.007092331
5.03452e-006,0.0005042691
5.03652e-006,0.0037983
5.03852e-006,0.003680656
5.04052e-006,0.004151232
5.04252e-006,0.004033588
5.04452e-006,0.004857096
5.04652e-006,0.01038636
5.04852e-006,0.0003866251
5.05052e-006,0.002504216
5.05252e-006,0.006033535
5.05452e-006,0.004033588
5.05652e-006,0.01062165
5.05852e-006,0.009798142
5.06052e-006,0.0009748449
5.06252e-006,0.002739504
5.06452e-006,0.007445263
5.06652e-006,0.002739504
5.06852e-006,0.008504058
5.07052e-006,0.006504111
5.07252e-006,0.0008572009
5.07452e-006,0.007562907
5.07652e-006,0.006504111
5.07852e-006,0.003680656
5.08052e-006,0.000739557
5.08252e-006,0.006857043
5.08452e-006,0.005798247
5.08652e-006,0.007327619
5.08852e-006,0.003092436
5.09052e-006,0.006386467
5.09252e-006,0.003563012
5.09452e-006,0.001327777
5.09652e-006,0.01144516
5.09852e-006,0.006386467
5.10052e-006,0.007209975
5.10252e-006,0.004739452
5.10452e-006,0.002739504
5.10652e-006,0.002033641
5.10852e-006,0.004857096
5.11052e-006,0.006033535
5.11252e-006,0.003680656
5.11452e-006,0.006857043
5.11652e-006,0.003092436
5.11852e-006,0.002386572
5.12052e-006,0.008033482
5.12252e-006,0.002974792
5.12452e-006,0.00438652
5.12652e-006,0.007327619
5.12852e-006,0.001680709
5.13052e-006,0.00438652
5.13252e-006,0.006033535
5.13452e-006,0.007209975
5.13652e-006,0.004739452
5.13852e-006,0.006151179
5.14052e-006,0.003327724
5.14252e-006,0.005445315
5.14452e-006,0.009209922
5.14652e-006,0.008151126
5.14852e-006,0.002386572
5.15052e-006,0.01273924
5.15252e-006,0.002857148
5.15452e-006,0.002151284
5.15652e-006,0.004621808
5.15852e-006,0.004033588
5.16052e-006,0.007798194
5.16252e-006,0.002386572
5.16452e-006,0.006268823
5.16652e-006,0.005915891
5.16852e-006,0.01097458
5.17052e-006,-8.395073e-005
5.17252e-006,0.004504164
5.17452e-006,0.008621702
5.17652e-006,0.0001513372
5.17852e-006,0.006386467
5.18052e-006,0.008739346
5.18252e-006,0.006504111
5.18452e-006,0.003445368
5.18652e-006,0.007209975
5.18852e-006,0.006974687
5.19052e-006,0.002974792
5.19252e-006,0.00321008
5.19452e-006,0.007680551
5.19652e-006,0.0002689811
5.19852e-006,0.003563012
5.20052e-006,-8.395073e-005
5.20252e-006,0.008386414
5.20452e-006,0.004621808
5.20652e-006,0.005092383
5.20852e-006,0.002033641
5.21052e-006,0.001915997
5.21252e-006,0.008151126
5.21452e-006,0.004739452
5.21652e-006,0.003445368
5.21852e-006,0.002857148
5.22052e-006,0.008033482
5.22252e-006,0.0037983
5.22452e-006,0.004974739
5.22652e-006,0.004739452
5.22852e-006,0.003915944
5.23052e-006,0.007798194
5.23252e-006,0.008974634
5.23452e-006,0.00262186
5.23652e-006,0.000739557
5.23852e-006,0.005327671
5.24052e-006,0.004033588
5.24252e-006,0.00262186
5.24452e-006,0.006268823
5.24652e-006,0.000739557
5.24852e-006,0.000621913
5.25052e-006,0.01120987
5.25252e-006,0.005327671
5.25452e-006,0.0005042691
5.25652e-006,-0.001495678
5.25852e-006,0.008974634
5.26052e-006,0.001915997
5.26252e-006,0.005445315
5.26452e-006,0.004504164
5.26652e-006,0.002268928
5.26852e-006,0.003915944
5.27052e-006,0.006151179
5.27252e-006,0.004268876
5.27452e-006,0.008386414
5.27652e-006,0.005327671
5.27852e-006,0.0008572009
5.28052e-006,0.002504216
5.28252e-006,0.006857043
5.28452e-006,0.004621808
5.28652e-006,0.005327671
5.28852e-006,0.007445263
5.29052e-006,0.006857043
5.29252e-006,0.003327724
5.29452e-006,0.006739399
5.29652e-006,0.002857148
5.29852e-006,0.004268876
5.30052e-006,0.001798353
5.30252e-006,0.001680709
5.30452e-006,0.007327619
5.30652e-006,0.004033588
5.30852e-006,0.00885699
5.31052e-006,0.007209975
5.31252e-006,0.0115628
5.31452e-006,-0.002319186
5.31652e-006,-0.0004368826
5.31852e-006,0.01132751
5.32052e-006,0.004033588
5.32252e-006,0.00321008
5.32452e-006,0.005915891
5.32652e-006,0.007562907
5.32852e-006,-0.002907406
5.33052e-006,0.00438652
5.33252e-006,0.00262186
5.33452e-006,0.006974687
5.33652e-006,0.006621755
5.33852e-006,0.003915944
5.34052e-006,0.00438652
5.34252e-006,0.006504111
5.34452e-006,0.008974634
5.34652e-006,0.004504164
5.34852e-006,0.004857096
5.35052e-006,0.006621755
5.35252e-006,0.005915891
5.35452e-006,0.007562907
5.35652e-006,0.005092383
5.35852e-006,-0.0003192386
5.36052e-006,0.005445315
5.36252e-006,0.005445315
5.36452e-006,0.005680603
5.36652e-006,0.007915838
5.36852e-006,0.002151284
5.37052e-006,0.003915944
5.37252e-006,0.008151126
5.37452e-006,-8.395073e-005
5.37652e-006,0.006739399
5.37852e-006,0.002033641
5.38052e-006,0.007915838
5.38252e-006,0.009092278
5.38452e-006,0.002268928
5.38652e-006,0.006857043
5.38852e-006,0.006857043
5.39052e-006,0.005562959
5.39252e-006,0.002151284
5.39452e-006,0.00438652
5.39652e-006,0.008151126
5.39852e-006,0.004268876
5.40052e-006,0.005210027
5.40252e-006,0.006621755
5.40452e-006,0.002504216
5.40652e-006,0.002386572
5.40852e-006,0.004857096
5.41052e-006,0.007680551
5.41252e-006,0.002268928
5.41452e-006,0.0009748449
5.41652e-006,0.008151126
5.41852e-006,0.006268823
5.42052e-006,0.003915944
5.42252e-006,0.001915997
5.42452e-006,0.007209975
5.42652e-006,0.008974634
5.42852e-006,0.003445368
5.43052e-006,0.003680656
5.43252e-006,0.002857148
5.43452e-006,0.002857148
5.43652e-006,0.003327724
5.43852e-006,0.002974792
5.44052e-006,0.006857043
5.44252e-006,-0.0004368826
5.44452e-006,0.00885699
5.44652e-006,0.002974792
5.44852e-006,0.01003343
5.45052e-006,0.006857043
5.45252e-006,0.004739452
5.45452e-006,-0.002319186
5.45652e-006,0.004739452
5.45852e-006,0.006033535
5.46052e-006,0.004151232
5.46252e-006,0.003563012
5.46452e-006,0.004621808
5.46652e-006,0.006974687
5.46852e-006,0.005092383
5.47052e-006,0.005915891
5.47252e-006,0.007680551
5.47452e-006,0.005915891
5.47652e-006,0.002857148
5.47852e-006,0.007092331
5.48052e-006,0.0008572009
5.48252e-006,0.005680603
5.48452e-006,0.004033588
5.48652e-006,0.006268823
5.48852e-006,0.005798247
5.49052e-006,0.003915944
5.49252e-006,0.007445263
5.49452e-006,0.002151284
5.49652e-006,0.007327619
5.49852e-006,0.006386467
5.50052e-006,-0.0004368826
5.50252e-006,0.003445368
5.50452e-006,0.005680603
5.50652e-006,0.006033535
5.50852e-006,0.001798353
5.51052e-006,0.001327777
5.51252e-006,0.004504164
5.51452e-006,0.004268876
5.51652e-006,3.369323e-005
5.51852e-006,0.006151179
5.52052e-006,0.01062165
5.52252e-006,0.005680603
5.52452e-006,-0.002201542
5.52652e-006,0.005915891
5.52852e-006,0.005445315
5.53052e-006,0.006386467
5.53252e-006,0.0009748449
5.53452e-006,0.0037983
5.53652e-006,0.005327671
5.53852e-006,0.006033535
5.54052e-006,0.0003866251
5.54252e-006,0.007209975
5.54452e-006,3.369323e-005
5.54652e-006,0.007445263
5.54852e-006,0.004268876
5.55052e-006,0.003327724
5.55252e-006,0.00438652
5.55452e-006,-0.0009074584
5.55652e-006,0.007915838
5.55852e-006,0.0003866251
5.56052e-006,0.00321008
5.56252e-006,0.007327619
5.56452e-006,0.0037983
5.56652e-006,0.002857148
5.56852e-006,0.007680551
5.57052e-006,0.008033482
5.57252e-006,0.004857096
5.57452e-006,-0.001495678
5.57652e-006,0.005915891
5.57852e-006,0.004739452
5.58052e-006,0.007092331
5.58252e-006,0.002504216
5.58452e-006,0.003445368
5.58652e-006,0.007798194
5.58852e-006,0.007798194
5.59052e-006,0.004974739
5.59252e-006,-0.0003192386
5.59452e-006,0.006974687
5.59652e-006,0.006386467
5.59852e-006,0.005915891
5.60052e-006,0.006151179
5.60252e-006,0.001563065
5.60452e-006,0.00438652
5.60652e-006,0.008974634
5.60852e-006,0.006504111
5.61052e-006,0.004739452
5.61252e-006,0.005092383
5.61452e-006,0.01132751
5.61652e-006,0.005445315
5.61852e-006,0.002857148
5.62052e-006,0.002504216
5.62252e-006,0.007209975
5.62452e-006,-0.0002015947
5.62652e-006,0.003563012
5.62852e-006,0.0037983
5.63052e-006,0.003915944
5.63252e-006,0.007209975
5.63452e-006,0.004739452
5.63652e-006,0.003915944
5.63852e-006,0.006033535
5.64052e-006,0.001798353
5.64252e-006,0.006504111
5.64452e-006,0.005798247
5.64652e-006,0.009798142
5.64852e-006,0.0037983
5.65052e-006,0.004621808
5.65252e-006,0.005680603
5.65452e-006,0.008033482
5.65652e-006,-0.001025102
5.65852e-006,0.006386467
5.66052e-006,0.008033482
5.66252e-006,0.00321008
5.66452e-006,0.007915838
5.66652e-006,0.004621808
5.66852e-006,-0.001142746
5.67052e-006,0.006151179
5.67252e-006,0.004739452
5.67452e-006,0.003327724
5.67652e-006,0.002151284
5.67852e-006,0.003563012
5.68052e-006,0.005562959
5.68252e-006,-0.0002015947
5.68452e-006,0.007915838
5.68652e-006,0.005445315
5.68852e-006,0.001327777
5.69052e-006,0.004739452
5.69252e-006,0.004739452
5.69452e-006,0.003092436
5.69652e-006,0.006268823
5.69852e-006,0.002857148
5.70052e-006,0.006386467
5.70252e-006,0.001563065
5.70452e-006,0.0001513372
5.70652e-006,0.002504216
5.70852e-006,0.007562907
5.71052e-006,0.0009748449
5.71252e-006,0.000739557
5.71452e-006,0.00438652
5.71652e-006,0.002033641
5.71852e-006,0.004621808
5.72052e-006,0.005327671
5.72252e-006,0.004974739
5.72452e-006,0.003915944
5.72652e-006,0.003327724
5.72852e-006,0.005327671
5.73052e-006,0.008033482
5.73252e-006,-0.00126039
5.73452e-006,0.006974687
5.73652e-006,0.005798247
5.73852e-006,0.004151232
5.74052e-006,0.002151284
5.74252e-006,0.005680603
5.74452e-006,-0.0002015947
5.74652e-006,0.004268876
5.74852e-006,0.01062165
5.75052e-006,-0.0002015947
5.75252e-006,0.002268928
5.75452e-006,0.0009748449
5.75652e-006,0.005445315
5.75852e-006,0.005327671
5.76052e-006,0.002857148
5.76252e-006,0.00438652
5.76452e-006,0.003680656
5.76652e-006,0.00321008
5.76852e-006,0.001798353
5.77052e-006,0.004268876
5.77252e-006,0.007327619
5.77452e-006,0.0037983
5.77652e-006,0.006974687
5.77852e-006,0.006033535
5.78052e-006,0.002739504
5.78252e-006,0.0037983
5.78452e-006,0.009915786
5.78652e-006,0.0002689811
5.78852e-006,0.007915838
5.79052e-006,0.003092436
5.79252e-006,0.005798247
5.79452e-006,0.004504164
5.79652e-006,0.003680656
5.79852e-006,0.006033535
5.80052e-006,0.001327777
5.80252e-006,0.006386467
5.80452e-006,0.004974739
5.80652e-006,0.009092278
5.80852e-006,-0.0007898145
5.81052e-006,0.001798353
5.81252e-006,0.004621808
5.81452e-006,0.001445421
5.81652e-006,0.006033535
5.81852e-006,0.007327619
5.82052e-006,0.002504216
5.82252e-006,-0.0002015947
5.82452e-006,0.001680709
5.82652e-006,0.006974687
5.82852e-006,0.004033588
5.83052e-006,0.00321008
5.83252e-006,0.002268928
5.83452e-006,0.004621808
5.83652e-006,0.006504111
5.83852e-006,0.001445421
5.84052e-006,-8.395073e-005
5.84252e-006,0.002268928
5.84452e-006,0.00262186
5.84652e-006,0.002857148
5.84852e-006,0.005092383
5.85052e-006,0.003092436
5.85252e-006,0.001327777
5.85452e-006,0.004621808
5.85652e-006,0.007092331
5.85852e-006,0.00438652
5.86052e-006,0.002386572
5.86252e-006,0.00438652
5.86452e-006,0.005562959
5.86652e-006,0.006033535
5.86852e-006,0.006386467
5.87052e-006,3.369323e-005
5.87252e-006,3.369323e-005
5.87452e-006,0.004504164
5.87652e-006,0.001798353
5.87852e-006,0.001915997
5.88052e-006,0.005915891
5.88252e-006,0.001445421
5.88452e-006,0.007092331
5.88652e-006,0.004033588
5.88852e-006,0.006386467
5.89052e-006,0.006151179
5.89252e-006,0.006151179
5.89452e-006,0.005915891
5.89652e-006,0.001327777
5.89852e-006,0.004857096
5.90052e-006,0.007327619
5.90252e-006,0.001798353
5.90452e-006,0.004974739
5.90652e-006,0.006268823
5.90852e-006,0.00262186
5.91052e-006,0.006268823
5.91252e-006,0.004268876
5.91452e-006,0.005092383
5.91652e-006,0.002504216
5.91852e-006,0.003915944
5.92052e-006,0.007915838
5.92252e-006,0.0005042691
5.92452e-006,0.003327724
5.92652e-006,0.001563065
5.92852e-006,0.006151179
5.93052e-006,0.005680603
5.93252e-006,0.004504164
5.93452e-006,0.002857148
5.93652e-006,0.006268823
5.93852e-006,0.004621808
5.94052e-006,0.00826877
5.94252e-006,0.004151232
5.94452e-006,0.00438652
5.94652e-006,0.00438652
5.94852e-006,0.008151126
5.95052e-006,0.003092436
5.95252e-006,0.01073929
5.95452e-006,0.008033482
5.95652e-006,0.006268823
5.95852e-006,0.002504216
5.96052e-006,0.004974739
5.96252e-006,0.006033535
5.96452e-006,0.000739557
5.96652e-006,0.001680709
5.96852e-006,0.005915891
5.97052e-006,0.005680603
5.97252e-006,0.005680603
5.97452e-006,0.005327671
5.97652e-006,0.00321008
5.97852e-006,0.003915944
5.98052e-006,0.003445368
5.98252e-006,0.00262186
5.98452e-006,0.006268823
5.98652e-006,0.003915944
5.98852e-006,0.003563012
5.99052e-006,-0.0006721705
5.99252e-006,0.01085694
5.99452e-006,0.005327671
5.99652e-006,0.0001513372
5.99852e-006,0.003327724
6.00052e-006,0.001798353
6.00252e-006,0.004621808
6.00452e-006,0.002151284
6.00652e-006,0.005915891
6.00852e-006,0.006386467
6.01052e-006,0.005915891
6.01252e-006,0.003915944
6.01452e-006,0.002974792
6.01652e-006,0.00321008
6.01852e-006,0.00262186
6.02052e-006,-0.001730966
6.02252e-006,0.004504164
6.02452e-006,0.003445368
6.02652e-006,-8.395073e-005
6.02852e-006,0.004151232
6.03052e-006,0.003445368
6.03252e-006,0.001563065
6.03452e-006,0.003092436
6.03652e-006,0.002268928
6.03852e-006,0.006386467
6.04052e-006,0.005327671
6.04252e-006,0.00321008
6.04452e-006,0.006151179
6.04652e-006,0.003563012
6.04852e-006,0.003327724
6.05052e-006,0.001092489
6.05252e-006,0.002033641
6.05452e-006,0.004268876
6.05652e-006,0.007915838
6.05852e-006,0.0037983
6.06052e-006,0.004504164
6.06252e-006,3.369323e-005
6.06452e-006,0.009209922
6.06652e-006,0.004739452
6.06852e-006,0.009092278
6.07052e-006,0.006151179
6.07252e-006,0.002974792
6.07452e-006,-0.002083898
6.07652e-006,0.007092331
6.07852e-006,0.0037983
6.08052e-006,0.001563065
6.08252e-006,0.005680603
6.08452e-006,0.003563012
6.08652e-006,0.005915891
6.08852e-006,0.007092331
6.09052e-006,0.0008572009
6.09252e-006,0.000621913
6.09452e-006,0.003680656
6.09652e-006,0.002386572
6.09852e-006,0.005562959
6.10052e-006,0.004621808
6.10252e-006,0.007562907
6.10452e-006,0.0009748449
6.10652e-006,0.001327777
6.10852e-006,0.00321008
6.11052e-006,0.005445315
6.11252e-006,0.00262186
6.11452e-006,0.004268876
6.11652e-006,0.003092436
6.11852e-006,0.006033535
6.12052e-006,0.006268823
6.12252e-006,0.009915786
6.12452e-006,0.004268876
6.12652e-006,0.0001513372
6.12852e-006,0.005445315
6.13052e-006,0.006386467
6.13252e-006,0.005210027
6.13452e-006,0.002504216
6.13652e-006,0.001915997
6.13852e-006,0.002151284
6.14052e-006,0.007562907
6.14252e-006,0.001327777
6.14452e-006,0.004268876
6.14652e-006,0.001445421
6.14852e-006,0.006974687
6.15052e-006,0.006386467
6.15252e-006,0.006033535
6.15452e-006,0.003327724
6.15652e-006,0.002033641
6.15852e-006,0.004268876
6.16052e-006,0.001798353
6.16252e-006,0.006033535
6.16452e-006,0.003327724
6.16652e-006,0.00321008
6.16852e-006,0.008386414
6.17052e-006,0.000621913
6.17252e-006,0.004857096
6.17452e-006,0.002974792
6.17652e-006,0.007680551
6.17852e-006,0.002974792
6.18052e-006,0.005092383
6.18252e-006,0.007209975
6.18452e-006,0.004268876
6.18652e-006,0.001915997
6.18852e-006,0.005680603
6.19052e-006,0.006268823
6.19252e-006,0.005445315
6.19452e-006,0.005210027
6.19652e-006,0.003563012
6.19852e-006,0.001915997
6.20052e-006,0.005680603
6.20252e-006,0.007915838
6.20452e-006,0.004857096
6.20652e-006,0.006033535
6.20852e-006,0.001445421
6.21052e-006,0.004268876
6.21252e-006,0.005562959
6.21452e-006,0.004621808
6.21652e-006,0.005562959
6.21852e-006,0.001915997
6.22052e-006,0.002151284
6.22252e-006,0.006857043
6.22452e-006,0.004151232
6.22652e-006,0.003445368
6.22852e-006,0.001563065
6.23052e-006,0.005680603
6.23252e-006,0.004033588
6.23452e-006,0.007915838
6.23652e-006,0.007209975
6.23852e-006,0.00262186
6.24052e-006,0.0002689811
6.24252e-006,0.004739452
6.24452e-006,0.005915891
6.24652e-006,0.006974687
6.24852e-006,-0.001378034
6.25052e-006,0.006386467
6.25252e-006,0.005327671
6.25452e-006,0.00321008
6.25652e-006,0.002033641
6.25852e-006,0.003563012
6.26052e-006,0.003563012
6.26252e-006,0.007327619
6.26452e-006,0.005092383
6.26652e-006,0.001915997
6.26852e-006,0.004268876
6.27052e-006,0.002033641
6.27252e-006,0.003327724
6.27452e-006,-0.0003192386
6.27652e-006,0.002268928
6.27852e-006,0.00321008
6.28052e-006,0.006739399
6.28252e-006,0.005680603
6.28452e-006,0.002504216
6.28652e-006,0.00321008
6.28852e-006,0.004739452
6.29052e-006,0.006739399
6.29252e-006,-0.001495678
6.29452e-006,0.005092383
6.29652e-006,0.004857096
6.29852e-006,0.003445368
6.30052e-006,0.007562907
6.30252e-006,-0.002083898
6.30452e-006,0.006504111
6.30652e-006,0.001327777
6.30852e-006,0.003915944
6.31052e-006,0.006033535
6.31252e-006,0.002504216
6.31452e-006,0.0002689811
6.31652e-006,0.007680551
6.31852e-006,0.002857148
6.32052e-006,0.002033641
6.32252e-006,0.005210027
6.32452e-006,0.0037983
6.32652e-006,0.0005042691
6.32852e-006,0.004621808
6.33052e-006,0.002386572
6.33252e-006,0.005798247
6.33452e-006,-0.0007898145
6.33652e-006,0.005092383
6.33852e-006,0.001798353
6.34052e-006,0.008504058
6.34252e-006,0.005327671
6.34452e-006,0.00262186
6.34652e-006,0.003092436
6.34852e-006,0.006739399
6.35052e-006,0.003092436
6.35252e-006,0.001680709
6.35452e-006,0.006033535
6.35652e-006,0.004151232
6.35852e-006,0.004621808
6.36052e-006,0.003680656
6.36252e-006,0.006739399
6.36452e-006,0.005445315
6.36652e-006,0.006268823
6.36852e-006,0.005327671
6.37052e-006,0.006268823
6.37252e-006,0.002739504
6.37452e-006,0.00262186
6.37652e-006,0.003092436
6.37852e-006,0.002268928
6.38052e-006,0.005445315
6.38252e-006,0.005210027
6.38452e-006,0.000621913
6.38652e-006,0.005562959
6.38852e-006,0.005798247
6.39052e-006,0.002974792
6.39252e-006,0.002974792
6.39452e-006,0.002974792
6.39652e-006,0.003563012
6.39852e-006,-0.0003192386
6.40052e-006,0.007680551
6.40252e-006,0.006386467
6.40452e-006,0.002151284
6.40652e-006,0.003563012
6.40852e-006,0.005092383
6.41052e-006,0.003092436
6.41252e-006,0.007798194
6.41452e-006,0.006504111
6.41652e-006,0.002974792
6.41852e-006,0.005680603
6.42052e-006,0.005327671
6.42252e-006,0.001563065
6.42452e-006,0.003327724
6.42652e-006,-0.001495678
6.42852e-006,0.004268876
6.43052e-006,0.008974634
6.43252e-006,0.006033535
6.43452e-006,0.0003866251
6.43652e-006,0.004857096
6.43852e-006,0.0002689811
6.44052e-006,0.005092383
6.44252e-006,0.006386467
6.44452e-006,0.007092331
6.44652e-006,0.001915997
6.44852e-006,0.007798194
6.45052e-006,0.007092331
6.45252e-006,0.002268928
6.45452e-006,0.004268876
6.45652e-006,0.002151284
6.45852e-006,0.006739399
6.46052e-006,0.003327724
6.46252e-006,0.0002689811
6.46452e-006,0.001680709
6.46652e-006,0.001680709
6.46852e-006,0.001445421
6.47052e-006,0.003327724
6.47252e-006,0.006268823
6.47452e-006,0.006033535
6.47652e-006,0.0001513372
6.47852e-006,0.005445315
6.48052e-006,0.002033641
6.48252e-006,0.00321008
6.48452e-006,0.009209922
6.48652e-006,0.002974792
6.48852e-006,0.0003866251
6.49052e-006,0.000739557
6.49252e-006,0.006386467
6.49452e-006,0.0002689811
6.49652e-006,0.007680551
6.49852e-006,0.00262186
6.50052e-006,0.002857148
6.50252e-006,0.002739504
6.50452e-006,0.008974634
6.50652e-006,0.0008572009
6.50852e-006,0.003915944
6.51052e-006,0.001798353
6.51252e-006,0.003445368
6.51452e-006,0.006033535
6.51652e-006,0.004504164
6.51852e-006,-0.0002015947
6.52052e-006,0.003563012
6.52252e-006,0.002033641
6.52452e-006,0.002151284
6.52652e-006,0.002268928
6.52852e-006,0.003680656
6.53052e-006,0.006739399
6.53252e-006,0.003915944
6.53452e-006,0.004857096
6.53652e-006,0.005798247
6.53852e-006,0.004739452
6.54052e-006,0.002974792
6.54252e-006,0.006268823
6.54452e-006,0.005798247
6.54652e-006,0.005680603
6.54852e-006,0.005092383
6.55052e-006,0.005210027
6.55252e-006,0.0001513372
6.55452e-006,0.006504111
6.55652e-006,0.004268876
6.55852e-006,0.006974687
6.56052e-006,0.004151232
6.56252e-006,-0.0004368826
6.56452e-006,0.006621755
6.56652e-006,0.006386467
6.56852e-006,0.004033588
6.57052e-006,0.000739557
6.57252e-006,0.002386572
6.57452e-006,0.004857096
6.57652e-006,0.006621755
6.57852e-006,0.004033588
6.58052e-006,0.002386572
6.58252e-006,0.003445368
6.58452e-006,0.001680709
6.58652e-006,0.00262186
6.58852e-006,0.006151179
6.59052e-006,0.000621913
6.59252e-006,0.006386467
6.59452e-006,0.005562959
6.59652e-006,0.002974792
6.59852e-006,0.002739504
6.60052e-006,0.00262186
6.60252e-006,-0.0006721705
6.60452e-006,0.004857096
6.60652e-006,0.006268823
6.60852e-006,0.008386414
6.61052e-006,0.004857096
6.61252e-006,0.001210133
6.61452e-006,0.00321008
6.61652e-006,0.001798353
6.61852e-006,-0.00302505
6.62052e-006,0.003680656
6.62252e-006,0.004504164
6.62452e-006,0.0002689811
6.62652e-006,0.007562907
6.62852e-006,0.002386572
6.63052e-006,0.004268876
6.63252e-006,0.006857043
6.63452e-006,0.006268823
6.63652e-006,0.005798247
6.63852e-006,0.006504111
6.64052e-006,0.003327724
6.64252e-006,0.0005042691
6.64452e-006,0.00262186
6.64652e-006,0.004857096
6.64852e-006,0.002268928
6.65052e-006,0.00438652
6.65252e-006,0.00826877
6.65452e-006,0.004857096
6.65652e-006,0.002033641
6.65852e-006,0.005327671
6.66052e-006,0.003680656
6.66252e-006,0.005092383
6.66452e-006,0.003680656
6.66652e-006,0.005798247
6.66852e-006,0.004151232
6.67052e-006,-8.395073e-005
6.67252e-006,0.008504058
6.67452e-006,0.003915944
6.67652e-006,0.002857148
6.67852e-006,-0.0006721705
6.68052e-006,0.005798247
6.68252e-006,0.007562907
6.68452e-006,0.007092331
6.68652e-006,-0.001495678
6.68852e-006,0.005092383
6.69052e-006,0.004151232
6.69252e-006,-0.00184861
6.69452e-006,0.004857096
6.69652e-006,0.008033482
6.69852e-006,0.001092489
6.70052e-006,0.002857148
6.70252e-006,0.005327671
6.70452e-006,0.007798194
6.70652e-006,-0.0005545266
6.70852e-006,0.002386572
6.71052e-006,0.003563012
6.71252e-006,0.004974739
6.71452e-006,0.004033588
6.71652e-006,0.001680709
6.71852e-006,0.004739452
6.72052e-006,0.008739346
6.72252e-006,-0.002319186
6.72452e-006,0.007092331
6.72652e-006,0.004033588
6.72852e-006,0.009327566
6.73052e-006,-0.0009074584
6.73252e-006,0.005915891
6.73452e-006,0.003915944
6.73652e-006,-0.0005545266
6.73852e-006,0.003563012
6.74052e-006,0.004739452
6.74252e-006,0.004033588
6.74452e-006,0.002033641
6.74652e-006,0.002857148
6.74852e-006,0.003445368
6.75052e-006,0.0002689811
6.75252e-006,0.006857043
6.75452e-006,0.002974792
6.75652e-006,0.005327671
6.75852e-006,0.002386572
6.76052e-006,0.004504164
6.76252e-006,0.008621702
6.76452e-006,0.001445421
6.76652e-006,0.007915838
6.76852e-006,0.002739504
6.77052e-006,0.004739452
6.77252e-006,0.005798247
6.77452e-006,0.006268823
6.77652e-006,0.001445421
6.77852e-006,0.005445315
6.78052e-006,-0.001378034
6.78252e-006,0.007092331
6.78452e-006,0.005092383
6.78652e-006,0.001915997
6.78852e-006,-0.0002015947
6.79052e-006,0.005210027
6.79252e-006,0.006151179
6.79452e-006,0.00262186
6.79652e-006,0.001445421
6.79852e-006,0.005210027
6.80052e-006,0.004739452
6.80252e-006,0.00438652
6.80452e-006,0.009092278
6.80652e-006,0.003445368
6.80852e-006,0.001563065
6.81052e-006,0.003092436
6.81252e-006,0.006621755
6.81452e-006,0.0002689811
6.81652e-006,0.003327724
6.81852e-006,0.004033588
6.82052e-006,-0.0007898145
6.82252e-006,0.004621808
6.82452e-006,0.005445315
6.82652e-006,0.001563065
6.82852e-006,0.004739452
6.83052e-006,0.004033588
6.83252e-006,0.00826877
6.83452e-006,0.002386572
6.83652e-006,0.001210133
6.83852e-006,0.001798353
6.84052e-006,0.006151179
6.84252e-006,0.005798247
6.84452e-006,0.005327671
6.84652e-006,0.007445263
6.84852e-006,0.001092489
6.85052e-006,0.001798353
6.85252e-006,0.001680709
6.85452e-006,0.004504164
6.85652e-006,0.002739504
6.85852e-006,0.001680709
6.86052e-006,0.003445368
6.86252e-006,0.002151284
6.86452e-006,0.006504111
6.86652e-006,0.001798353
6.86852e-006,0.007798194
6.87052e-006,0.003563012
6.87252e-006,0.004739452
6.87452e-006,0.005210027
6.87652e-006,0.005210027
6.87852e-006,3.369323e-005
6.88052e-006,0.002151284
6.88252e-006,0.0009748449
6.88452e-006,0.001327777
6.88652e-006,0.004739452
6.88852e-006,0.000739557
6.89052e-006,0.006268823
6.89252e-006,0.007092331
6.89452e-006,0.0009748449
6.89652e-006,0.002739504
6.89852e-006,0.001327777
6.90052e-006,0.004621808
6.90252e-006,0.005210027
6.90452e-006,0.006974687
6.90652e-006,0.001798353
6.90852e-006,0.006621755
6.91052e-006,-0.002789762
6.91252e-006,0.005092383
6.91452e-006,0.00438652
6.91652e-006,0.0001513372
6.91852e-006,0.005210027
6.92052e-006,0.004739452
6.92252e-006,0.002151284
6.92452e-006,-0.002789762
6.92652e-006,0.003327724
6.92852e-006,0.006504111
6.93052e-006,0.006739399
6.93252e-006,0.002857148
6.93452e-006,0.007915838
6.93652e-006,0.006268823
6.93852e-006,0.002739504
6.94052e-006,0.005445315
6.94252e-006,0.002857148
6.94452e-006,0.003563012
6.94652e-006,0.00262186
6.94852e-006,0.001915997
6.95052e-006,0.0037983
6.95252e-006,-0.0004368826
6.95452e-006,0.003327724
6.95652e-006,0.003563012
6.95852e-006,0.007209975
6.96052e-006,0.004268876
6.96252e-006,0.005327671
6.96452e-006,0.0003866251
6.96652e-006,0.002739504
6.96852e-006,0.006268823
6.97052e-006,0.005680603
6.97252e-006,0.006033535
6.97452e-006,0.002739504
6.97652e-006,0.00885699
6.97852e-006,0.005798247
6.98052e-006,0.0001513372
6.98252e-006,0.004974739
6.98452e-006,0.0005042691
6.98652e-006,0.005327671
6.98852e-006,0.002151284
6.99052e-006,0.004621808
6.99252e-006,0.001680709
6.99452e-006,0.003327724
6.99652e-006,0.002033641
6.99852e-006,0.005562959
7.00052e-006,0.007209975
7.00252e-006,0.004974739
7.00452e-006,0.005210027
7.00652e-006,0.00321008
7.00852e-006,0.001445421
7.01052e-006,-0.0009074584
7.01252e-006,0.002857148
7.01452e-006,0.004974739
7.01652e-006,0.001327777
7.01852e-006,0.009562854
7.02052e-006,-0.00126039
7.02252e-006,0.00885699
7.02452e-006,0.002504216
7.02652e-006,-0.0009074584
7.02852e-006,-0.00126039
7.03052e-006,0.007445263
7.03252e-006,0.002033641
7.03452e-006,0.003563012
7.03652e-006,-0.0009074584
7.03852e-006,0.002151284
7.04052e-006,0.002151284
7.04252e-006,0.005680603
7.04452e-006,0.005915891
7.04652e-006,0.0002689811
7.04852e-006,0.003680656
7.05052e-006,0.004504164
7.05252e-006,0.003680656
7.05452e-006,0.001092489
7.05652e-006,0.004151232
7.05852e-006,0.006974687
7.06052e-006,0.00438652
7.06252e-006,0.002504216
7.06452e-006,0.002857148
7.06652e-006,0.00438652
7.06852e-006,0.001563065
7.07052e-006,0.004033588
7.07252e-006,0.001798353
7.07452e-006,0.004621808
7.07652e-006,0.006621755
7.07852e-006,0.004504164
7.08052e-006,0.006739399
7.08252e-006,0.006386467
7.08452e-006,0.00321008
7.08652e-006,-0.00184861
7.08852e-006,0.003445368
7.09052e-006,0.001210133
7.09252e-006,0.002739504
7.09452e-006,-0.0002015947
7.09652e-006,0.004857096
7.09852e-006,0.002268928
7.10052e-006,-0.0006721705
7.10252e-006,0.005092383
7.10452e-006,0.002033641
7.10652e-006,0.005680603
7.10852e-006,0.005092383
7.11052e-006,0.0009748449
7.11252e-006,0.002033641
7.11452e-006,0.003327724
7.11652e-006,0.005210027
7.11852e-006,0.006504111
7.12052e-006,0.001210133
7.12252e-006,0.009092278
7.12452e-006,0.0002689811
7.12652e-006,0.002504216
7.12852e-006,0.001445421
7.13052e-006,0.005092383
7.13252e-006,0.00885699
7.13452e-006,0.0003866251
7.13652e-006,0.007445263
7.13852e-006,0.00321008
7.14052e-006,0.001210133
7.14252e-006,0.004621808
7.14452e-006,0.004857096
7.14652e-006,0.002739504
7.14852e-006,0.002033641
7.15052e-006,0.004739452
7.15252e-006,0.005327671
7.15452e-006,0.001915997
7.15652e-006,0.000621913
7.15852e-006,0.005210027
7.16052e-006,0.005798247
7.16252e-006,0.003092436
7.16452e-006,-0.0005545266
7.16652e-006,0.001680709
7.16852e-006,0.004033588
7.17052e-006,0.00262186
7.17252e-006,0.01097458
7.17452e-006,-0.002789762
7.17652e-006,0.006504111
7.17852e-006,0.006974687
7.18052e-006,-0.001378034
7.18252e-006,0.006621755
7.18452e-006,0.006739399
7.18652e-006,0.001915997
7.18852e-006,0.0008572009
7.19052e-006,0.004504164
7.19252e-006,0.005092383
7.19452e-006,0.002504216
7.19652e-006,0.005445315
7.19852e-006,0.004151232
7.20052e-006,0.001445421
7.20252e-006,0.002857148
7.20452e-006,-0.001378034
7.20652e-006,0.009209922
7.20852e-006,0.00944521
7.21052e-006,-0.002554474
7.21252e-006,0.005798247
7.21452e-006,0.002504216
7.21652e-006,0.004621808
7.21852e-006,0.001210133
7.22052e-006,0.005210027
7.22252e-006,0.002857148
7.22452e-006,0.005327671
7.22652e-006,0.005210027
7.22852e-006,0.003327724
7.23052e-006,0.005327671
7.23252e-006,-0.002907406
7.23452e-006,0.00321008
7.23652e-006,0.001915997
7.23852e-006,0.005562959
7.24052e-006,0.002857148
7.24252e-006,0.002033641
7.24452e-006,0.003915944
7.24652e-006,0.005092383
7.24852e-006,0.007327619
7.25052e-006,0.002739504
7.25252e-006,-0.00184861
7.25452e-006,0.004504164
7.25652e-006,0.007915838
7.25852e-006,0.002739504
7.26052e-006,-0.00126039
7.26252e-006,0.0037983
7.26452e-006,0.006974687
7.26652e-006,0.000739557
7.26852e-006,0.003445368
7.27052e-006,0.00826877
7.27252e-006,-0.001495678
7.27452e-006,0.002974792
7.27652e-006,0.001798353
7.27852e-006,-0.0009074584
7.28052e-006,0.004151232
7.28252e-006,0.006268823
7.28452e-006,0.004268876
7.28652e-006,0.000739557
7.28852e-006,0.01144516
7.29052e-006,0.00262186
7.29252e-006,0.002857148
7.29452e-006,0.002739504
7.29652e-006,0.0037983
7.29852e-006,0.002974792
7.30052e-006,0.005092383
7.30252e-006,0.00438652
7.30452e-006,0.002033641
7.30652e-006,0.003327724
7.30852e-006,0.004857096
7.31052e-006,0.004033588
7.31252e-006,0.002268928
7.31452e-006,0.001680709
7.31652e-006,0.005798247
7.31852e-006,-0.0002015947
7.32052e-006,0.003915944
7.32252e-006,0.003915944
7.32452e-006,0.00321008
7.32652e-006,0.004857096
7.32852e-006,0.004621808
7.33052e-006,0.005210027
7.33252e-006,0.006504111
7.33452e-006,0.004033588
7.33652e-006,0.00321008
7.33852e-006,0.006621755
7.34052e-006,0.004151232
7.34252e-006,0.003327724
7.34452e-006,-0.002319186
7.34652e-006,0.003327724
7.34852e-006,0.002857148
7.35052e-006,0.004857096
7.35252e-006,0.004621808
7.35452e-006,0.007798194
7.35652e-006,0.005915891
7.35852e-006,0.0003866251
7.36052e-006,0.004739452
7.36252e-006,0.001680709
7.36452e-006,0.004974739
7.36652e-006,0.003680656
7.36852e-006,0.002268928
7.37052e-006,0.00262186
7.37252e-006,0.006739399
7.37452e-006,0.003327724
7.37652e-006,0.001327777
7.37852e-006,0.004268876
7.38052e-006,0.006974687
7.38252e-006,0.0037983
7.38452e-006,0.005327671
7.38652e-006,0.002033641
7.38852e-006,0.001563065
7.39052e-006,0.0037983
7.39252e-006,0.004974739
7.39452e-006,0.00262186
7.39652e-006,0.00438652
7.39852e-006,0.000621913
7.40052e-006,0.006504111
7.40252e-006,0.006386467
7.40452e-006,-0.00184861
7.40652e-006,3.369323e-005
7.40852e-006,0.00438652
7.41052e-006,0.0005042691
7.41252e-006,0.002739504
7.41452e-006,0.006268823
7.41652e-006,0.005092383
7.41852e-006,0.005798247
7.42052e-006,0.00438652
7.42252e-006,0.009092278
7.42452e-006,-0.0005545266
7.42652e-006,0.005915891
7.42852e-006,0.01250395
7.43052e-006,0.004504164
7.43252e-006,-0.0002015947
7.43452e-006,0.002033641
7.43652e-006,0.006386467
7.43852e-006,0.001680709
7.44052e-006,0.002504216
7.44252e-006,0.003327724
7.44452e-006,0.0001513372
7.44652e-006,0.006151179
7.44852e-006,0.007327619
7.45052e-006,-0.001378034
7.45252e-006,-0.001025102
7.45452e-006,0.008621702
7.45652e-006,0.002857148
7.45852e-006,0.003563012
7.46052e-006,0.0008572009
7.46252e-006,0.006504111
7.46452e-006,0.007562907
7.46652e-006,-0.0006721705
7.46852e-006,-0.001025102
7.47052e-006,0.004504164
7.47252e-006,0.0008572009
7.47452e-006,0.005445315
7.47652e-006,-0.001142746
7.47852e-006,0.006151179
7.48052e-006,0.006033535
7.48252e-006,0.002033641
7.48452e-006,-0.001730966
7.48652e-006,0.003092436
7.48852e-006,0.006739399
7.49052e-006,0.008621702
7.49252e-006,-0.0004368826
7.49452e-006,0.004739452
7.49652e-006,0.0001513372
7.49852e-006,0.007327619
7.50052e-006,0.004504164
7.50252e-006,-0.0003192386
7.50452e-006,0.001915997
7.50652e-006,0.0003866251
7.50852e-006,0.004621808
7.51052e-006,0.0037983
7.51252e-006,0.004504164
7.51452e-006,0.003327724
7.51652e-006,0.003680656
7.51852e-006,0.002386572
7.52052e-006,0.002268928
7.52252e-006,0.004621808
7.52452e-006,0.005092383
7.52652e-006,0.00321008
7.52852e-006,0.007562907
7.53052e-006,0.004151232
7.53252e-006,0.002151284
7.53452e-006,0.002386572
7.53652e-006,0.004857096
7.53852e-006,0.002974792
7.54052e-006,0.0005042691
7.54252e-006,0.001092489
7.54452e-006,-0.00126039
7.54652e-006,0.004857096
7.54852e-006,0.002386572
7.55052e-006,0.0001513372
7.55252e-006,-0.0002015947
7.55452e-006,0.003915944
7.55652e-006,0.004504164
7.55852e-006,-0.001142746
7.56052e-006,0.007209975
7.56252e-006,0.002386572
7.56452e-006,0.003680656
7.56652e-006,0.00262186
7.56852e-006,-0.0009074584
7.57052e-006,0.006268823
7.57252e-006,0.003445368
7.57452e-006,0.001210133
7.57652e-006,0.007562907
7.57852e-006,0.003327724
7.58052e-006,0.002504216
7.58252e-006,0.006033535
7.58452e-006,0.004033588
7.58652e-006,-0.002319186
7.58852e-006,0.003092436
7.59052e-006,0.006974687
7.59252e-006,0.004033588
7.59452e-006,0.000621913
7.59652e-006,0.004151232
7.59852e-006,0.007915838
7.60052e-006,0.007445263
7.60252e-006,0.003092436
7.60452e-006,0.003445368
7.60652e-006,0.001092489
7.60852e-006,0.002151284
7.61052e-006,0.003563012
7.61252e-006,0.002739504
7.61452e-006,-0.0007898145
7.61652e-006,0.005915891
7.61852e-006,0.002857148
7.62052e-006,0.001915997
7.62252e-006,0.006857043
7.62452e-006,0.005562959
7.62652e-006,0.005798247
7.62852e-006,0.003563012
7.63052e-006,0.002857148
7.63252e-006,0.001915997
7.63452e-006,0.002739504
7.63652e-006,0.000621913
7.63852e-006,0.004151232
7.64052e-006,0.003563012
7.64252e-006,-0.0002015947
7.64452e-006,0.004504164
7.64652e-006,0.006504111
7.64852e-006,0.005798247
7.65052e-006,-0.002201542
7.65252e-006,0.005092383
7.65452e-006,0.004033588
7.65652e-006,0.003563012
7.65852e-006,-0.0006721705
7.66052e-006,0.001798353
7.66252e-006,0.005445315
7.66452e-006,0.003915944
7.66652e-006,0.00321008
7.66852e-006,0.001563065
7.67052e-006,0.00262186
7.67252e-006,0.003327724
7.67452e-006,-8.395073e-005
7.67652e-006,0.007445263
7.67852e-006,0.001445421
7.68052e-006,0.002151284
7.68252e-006,0.003563012
7.68452e-006,0.000621913
7.68652e-006,0.00438652
7.68852e-006,0.002386572
7.69052e-006,0.005798247
7.69252e-006,0.004033588
7.69452e-006,0.004268876
7.69652e-006,-8.395073e-005
7.69852e-006,0.001563065
7.70052e-006,0.002504216
7.70252e-006,0.005445315
7.70452e-006,0.006504111
7.70652e-006,0.0003866251
7.70852e-006,0.001210133
7.71052e-006,3.369323e-005
7.71252e-006,-0.001966254
7.71452e-006,0.006268823
7.71652e-006,0.003915944
7.71852e-006,0.0001513372
7.72052e-006,0.005327671
7.72252e-006,-0.0007898145
7.72452e-006,0.003327724
7.72652e-006,0.003563012
7.72852e-006,0.00321008
7.73052e-006,0.007445263
7.73252e-006,0.002151284
7.73452e-006,0.003092436
7.73652e-006,0.0001513372
7.73852e-006,0.004268876
7.74052e-006,0.004504164
7.74252e-006,0.001445421
7.74452e-006,0.005680603
7.74652e-006,0.005445315
7.74852e-006,0.00262186
7.75052e-006,0.004974739
7.75252e-006,-0.0003192386
7.75452e-006,0.003915944
7.75652e-006,0.002268928
7.75852e-006,0.004621808
7.76052e-006,0.005445315
7.76252e-006,-0.0004368826
7.76452e-006,-0.002672118
7.76652e-006,0.007562907
7.76852e-006,0.008739346
7.77052e-006,0.002504216
7.77252e-006,0.005210027
7.77452e-006,0.002386572
7.77652e-006,-0.0002015947
7.77852e-006,0.007798194
7.78052e-006,0.001915997
7.78252e-006,-0.001613322
7.78452e-006,0.004268876
7.78652e-006,0.006857043
7.78852e-006,0.001680709
7.79052e-006,0.005680603
7.79252e-006,0.005210027
7.79452e-006,-8.395073e-005
7.79652e-006,0.002857148
7.79852e-006,0.003445368
7.80052e-006,0.004504164
7.80252e-006,0.002857148
7.80452e-006,0.004504164
7.80652e-006,-0.0002015947
7.80852e-006,0.006621755
7.81052e-006,-0.001966254
7.81252e-006,0.004151232
7.81452e-006,0.006621755
7.81652e-006,3.369323e-005
7.81852e-006,0.001915997
7.82052e-006,0.0009748449
7.82252e-006,0.001445421
7.82452e-006,0.000739557
7.82652e-006,0.002739504
7.82852e-006,0.000739557
7.83052e-006,0.005092383
7.83252e-006,0.0037983
7.83452e-006,0.0009748449
7.83652e-006,0.002268928
7.83852e-006,0.006268823
7.84052e-006,0.003445368
7.84252e-006,0.00438652
7.84452e-006,0.001915997
7.84652e-006,0.001563065
7.84852e-006,0.003327724
7.85052e-006,0.001915997
7.85252e-006,0.004621808
7.85452e-006,0.004033588
7.85652e-006,0.0037983
7.85852e-006,0.00262186
7.86052e-006,0.004621808
7.86252e-006,0.001092489
7.86452e-006,-0.0006721705
7.86652e-006,0.005092383
7.86852e-006,0.005092383
7.87052e-006,0.004033588
7.87252e-006,0.001445421
7.87452e-006,0.001092489
7.87652e-006,0.004621808
7.87852e-006,0.006857043
7.88052e-006,-0.001495678
7.88252e-006,0.002268928
7.88452e-006,0.004504164
7.88652e-006,0.003327724
7.88852e-006,0.0003866251
7.89052e-006,-0.0007898145
7.89252e-006,0.002504216
7.89452e-006,0.007445263
7.89652e-006,0.0037983
7.89852e-006,0.001327777
7.90052e-006,0.003092436
7.90252e-006,0.006033535
7.90452e-006,0.004151232
7.90652e-006,0.002974792
7.90852e-006,0.001327777
7.91052e-006,0.0005042691
7.91252e-006,0.002504216
7.91452e-006,0.0037983
7.91652e-006,0.00321008
7.91852e-006,0.0001513372
7.92052e-006,0.004151232
7.92252e-006,0.003445368
7.92452e-006,0.007327619
7.92652e-006,-0.001025102
7.92852e-006,0.006268823
7.93052e-006,0.003680656
7.93252e-006,0.001915997
7.93452e-006,0.004857096
7.93652e-006,0.0002689811
7.93852e-006,0.003563012
7.94052e-006,0.006857043
7.94252e-006,0.00321008
7.94452e-006,0.002033641
7.94652e-006,0.003680656
7.94852e-006,0.0003866251
7.95052e-006,0.004268876
7.95252e-006,0.00438652
7.95452e-006,0.001680709
7.95652e-006,0.004504164
7.95852e-006,0.006504111
7.96052e-006,0.002974792
7.96252e-006,0.002857148
7.96452e-006,0.000739557
7.96652e-006,0.00885699
7.96852e-006,0.002268928
7.97052e-006,-0.003966201
7.97252e-006,0.002386572
7.97452e-006,0.002151284
7.97652e-006,0.002974792
7.97852e-006,0.001210133
7.98052e-006,0.002739504
7.98252e-006,0.006386467
7.98452e-006,0.002033641
7.98652e-006,0.006386467
7.98852e-006,0.0003866251
7.99052e-006,0.001092489
7.99252e-006,0.000621913
7.99452e-006,0.003092436
7.99652e-006,0.00321008
7.99852e-006,0.0001513372
8.00052e-006,0.00438652
8.00252e-006,0.00438652
8.00452e-006,0.003092436
8.00652e-006,0.005210027
8.00852e-006,0.0037983
8.01052e-006,0.001798353
8.01252e-006,0.005327671
8.01452e-006,0.003445368
8.01652e-006,0.003563012
8.01852e-006,0.002739504
8.02052e-006,0.003915944
8.02252e-006,0.003092436
8.02452e-006,0.001210133
8.02652e-006,0.0037983
8.02852e-006,0.001092489
8.03052e-006,0.000739557
8.03252e-006,0.007680551
8.03452e-006,0.001680709
8.03652e-006,0.002974792
8.03852e-006,0.002739504
8.04052e-006,0.005092383
8.04252e-006,0.003680656
8.04452e-006,0.003092436
8.04652e-006,0.002504216
8.04852e-006,-0.0002015947
8.05052e-006,0.002974792
8.05252e-006,0.0009748449
8.05452e-006,-0.0005545266
8.05652e-006,0.001563065
8.05852e-006,-0.00126039
8.06052e-006,0.003092436
8.06252e-006,0.0005042691
8.06452e-006,0.004033588
8.06652e-006,-0.0004368826
8.06852e-006,0.004857096
8.07052e-006,0.001798353
8.07252e-006,0.002974792
8.07452e-006,0.002268928
8.07652e-006,0.005445315
8.07852e-006,0.003327724
8.08052e-006,0.004857096
8.08252e-006,0.004739452
8.08452e-006,0.002504216
8.08652e-006,0.0037983
8.08852e-006,0.0037983
8.09052e-006,0.004033588
8.09252e-006,0.002268928
8.09452e-006,3.369323e-005
8.09652e-006,0.00438652
8.09852e-006,0.0009748449
8.10052e-006,0.003327724
8.10252e-006,0.0003866251
8.10452e-006,0.005092383
8.10652e-006,0.004739452
8.10852e-006,0.001445421
8.11052e-006,0.005210027
8.11252e-006,-0.0003192386
8.11452e-006,0.003445368
8.11652e-006,0.004151232
8.11852e-006,0.005210027
8.12052e-006,0.00321008
8.12252e-006,0.002504216
8.12452e-006,-0.0009074584
8.12652e-006,0.005445315
8.12852e-006,0.002268928
8.13052e-006,0.0037983
8.13252e-006,0.002151284
8.13452e-006,-0.0004368826
8.13652e-006,0.004621808
8.13852e-006,0.005092383
8.14052e-006,3.369323e-005
8.14252e-006,0.005092383
8.14452e-006,0.002151284
8.14652e-006,0.0037983
8.14852e-006,-0.0006721705
8.15052e-006,0.00321008
8.15252e-006,0.001915997
8.15452e-006,0.003563012
8.15652e-006,0.002857148
8.15852e-006,0.005798247
8.16052e-006,0.005798247
8.16252e-006,0.001092489
8.16452e-006,-0.0007898145
8.16652e-006,0.009092278
8.16852e-006,0.0005042691
8.17052e-006,0.004621808
8.17252e-006,0.002386572
8.17452e-006,0.004739452
8.17652e-006,0.004033588
8.17852e-006,0.005798247
8.18052e-006,0.004504164
8.18252e-006,0.006268823
8.18452e-006,0.007327619
8.18652e-006,0.001210133
8.18852e-006,0.004151232
8.19052e-006,-0.001730966
8.19252e-006,0.003680656
8.19452e-006,0.001563065
8.19652e-006,0.004974739
8.19852e-006,0.007209975
8.20052e-006,0.002033641
8.20252e-006,0.001563065
8.20452e-006,-0.0005545266
8.20652e-006,0.006504111
8.20852e-006,0.00321008
8.21052e-006,0.00262186
8.21252e-006,0.001915997
8.21452e-006,0.0001513372
8.21652e-006,0.003915944
8.21852e-006,0.004268876
8.22052e-006,0.006386467
8.22252e-006,0.002151284
8.22452e-006,-0.001495678
8.22652e-006,0.006386467
8.22852e-006,0.00321008
8.23052e-006,0.002033641
8.23252e-006,0.006386467
8.23452e-006,-0.0009074584
8.23652e-006,3.369323e-005
8.23852e-006,0.002386572
8.24052e-006,0.001210133
8.24252e-006,0.004739452
8.24452e-006,0.001680709
8.24652e-006,0.001680709
8.24852e-006,0.004268876
8.25052e-006,0.003327724
8.25252e-006,0.008739346
8.25452e-006,0.003563012
8.25652e-006,0.002857148
8.25852e-006,0.004974739
8.26052e-006,0.001680709
8.26252e-006,0.001327777
8.26452e-006,0.003327724
8.26652e-006,0.001915997
8.26852e-006,-0.0005545266
8.27052e-006,0.0037983
8.27252e-006,0.004504164
8.27452e-006,0.004504164
8.27652e-006,-0.002789762
8.27852e-006,0.00262186
8.28052e-006,0.00321008
8.28252e-006,0.001445421
8.28452e-006,0.001680709
8.28652e-006,0.001798353
8.28852e-006,0.001210133
8.29052e-006,0.004504164
8.29252e-006,0.004504164
8.29452e-006,0.003092436
8.29652e-006,0.003915944
8.29852e-006,0.003680656
8.30052e-006,0.006974687
8.30252e-006,0.00885699
8.30452e-006,0.002033641
8.30652e-006,-0.0006721705
8.30852e-006,0.003327724
8.31052e-006,0.003092436
8.31252e-006,0.004857096
8.31452e-006,0.005210027
8.31652e-006,0.002504216
8.31852e-006,-0.001730966
8.32052e-006,-0.001142746
8.32252e-006,0.003092436
8.32452e-006,0.003915944
8.32652e-006,0.002033641
8.32852e-006,0.007327619
8.33052e-006,-0.002201542
8.33252e-006,0.003092436
8.33452e-006,0.006621755
8.33652e-006,0.0002689811
8.33852e-006,0.006386467
8.34052e-006,0.005327671
8.34252e-006,-0.001142746
8.34452e-006,0.001563065
8.34652e-006,0.004033588
8.34852e-006,0.003092436
8.35052e-006,0.007562907
8.35252e-006,-0.0005545266
8.35452e-006,0.004974739
8.35652e-006,0.002151284
8.35852e-006,0.001563065
8.36052e-006,-0.0007898145
8.36252e-006,-0.001495678
8.36452e-006,0.004268876
8.36652e-006,0.003092436
8.36852e-006,0.005798247
8.37052e-006,-0.0004368826
8.37252e-006,0.003563012
8.37452e-006,0.001445421
8.37652e-006,0.002739504
8.37852e-006,0.005210027
8.38052e-006,0.001680709
8.38252e-006,0.001210133
8.38452e-006,-8.395073e-005
8.38652e-006,0.007562907
8.38852e-006,0.0037983
8.39052e-006,0.003680656
8.39252e-006,0.001210133
8.39452e-006,0.01003343
8.39652e-006,0.002739504
8.39852e-006,0.004151232
8.40052e-006,0.003327724
8.40252e-006,0.002974792
8.40452e-006,-0.003848557
8.40652e-006,0.005562959
8.40852e-006,0.005210027
8.41052e-006,0.000621913
8.41252e-006,0.004033588
8.41452e-006,0.006974687
8.41652e-006,0.007915838
8.41852e-006,0.002857148
8.42052e-006,0.004268876
8.42252e-006,-0.0009074584
8.42452e-006,0.005445315
8.42652e-006,0.002033641
8.42852e-006,0.0009748449
8.43052e-006,-0.0002015947
8.43252e-006,0.01191573
8.43452e-006,0.003327724
8.43652e-006,0.002033641
8.43852e-006,0.004621808
8.44052e-006,0.0003866251
8.44252e-006,0.002974792
8.44452e-006,0.003327724
8.44652e-006,0.00321008
8.44852e-006,0.0001513372
8.45052e-006,0.003680656
8.45252e-006,0.004033588
8.45452e-006,0.001680709
8.45652e-006,0.001798353
8.45852e-006,-0.0005545266
8.46052e-006,0.004857096
8.46252e-006,0.0009748449
8.46452e-006,0.00262186
8.46652e-006,0.004621808
8.46852e-006,0.0037983
8.47052e-006,0.005092383
8.47252e-006,0.0003866251
8.47452e-006,0.001798353
8.47652e-006,0.00262186
8.47852e-006,0.00262186
8.48052e-006,0.003915944
8.48252e-006,-0.0002015947
8.48452e-006,0.0002689811
8.48652e-006,0.004268876
8.48852e-006,0.003915944
8.49052e-006,0.00321008
8.49252e-006,0.005798247
8.49452e-006,0.001680709
8.49652e-006,0.001798353
8.49852e-006,0.004621808
8.50052e-006,0.001680709
8.50252e-006,0.002504216
8.50452e-006,0.003092436
8.50652e-006,0.000621913
8.50852e-006,0.008151126
8.51052e-006,0.001563065
8.51252e-006,0.001798353
8.51452e-006,0.003915944
8.51652e-006,0.004621808
8.51852e-006,0.00826877
8.52052e-006,0.001210133
8.52252e-006,0.001210133
8.52452e-006,0.007092331
8.52652e-006,0.001680709
8.52852e-006,0.004739452
8.53052e-006,-0.001613322
8.53252e-006,0.003092436
8.53452e-006,0.002386572
8.53652e-006,0.004151232
8.53852e-006,0.0037983
8.54052e-006,0.002386572
8.54252e-006,0.001798353
8.54452e-006,0.001915997
8.54652e-006,0.001092489
8.54852e-006,-0.001142746
8.55052e-006,0.003563012
8.55252e-006,0.004504164
8.55452e-006,-0.0003192386
8.55652e-006,-0.002789762
8.55852e-006,0.004739452
8.56052e-006,0.004974739
8.56252e-006,0.004504164
8.56452e-006,-0.001142746
8.56652e-006,0.001798353
8.56852e-006,0.004268876
8.57052e-006,0.001915997
8.57252e-006,0.00438652
8.57452e-006,0.002857148
8.57652e-006,0.006857043
8.57852e-006,0.004739452
8.58052e-006,0.001327777
8.58252e-006,0.005562959
8.58452e-006,0.004857096
8.58652e-006,0.005210027
8.58852e-006,0.004504164
8.59052e-006,-0.002907406
8.59252e-006,0.001915997
8.59452e-006,0.00321008
8.59652e-006,0.004268876
8.59852e-006,0.003915944
8.60052e-006,0.0005042691
8.60252e-006,0.001327777
8.60452e-006,0.003680656
8.60652e-006,0.000621913
8.60852e-006,0.002504216
8.61052e-006,0.004974739
8.61252e-006,0.002151284
8.61452e-006,0.0001513372
8.61652e-006,0.002033641
8.61852e-006,0.0037983
8.62052e-006,0.0001513372
8.62252e-006,0.001798353
8.62452e-006,0.002974792
8.62652e-006,0.003445368
8.62852e-006,0.003563012
8.63052e-006,0.0002689811
8.63252e-006,-0.0004368826
8.63452e-006,0.003915944
8.63652e-006,-0.001613322
8.63852e-006,0.006739399
8.64052e-006,-0.0009074584
8.64252e-006,0.002268928
8.64452e-006,0.006268823
8.64652e-006,-0.0004368826
8.64852e-006,0.005092383
8.65052e-006,0.00321008
8.65252e-006,-0.0005545266
8.65452e-006,0.006268823
8.65652e-006,-0.004907353
8.65852e-006,0.004268876
8.66052e-006,0.003327724
8.66252e-006,0.0005042691
8.66452e-006,0.003915944
8.66652e-006,0.002268928
8.66852e-006,0.003327724
8.67052e-006,0.003680656
8.67252e-006,0.004974739
8.67452e-006,-0.0004368826
8.67652e-006,0.001563065
8.67852e-006,-0.001025102
8.68052e-006,-0.0004368826
8.68252e-006,0.002033641
8.68452e-006,0.002504216
8.68652e-006,0.000739557
8.68852e-006,0.001210133
8.69052e-006,0.004033588
8.69252e-006,0.003680656
8.69452e-006,0.0002689811
8.69652e-006,0.003092436
8.69852e-006,0.003563012
8.70052e-006,-0.0002015947
8.70252e-006,0.003680656
8.70452e-006,0.001092489
8.70652e-006,0.007327619
8.70852e-006,0.00321008
8.71052e-006,-0.0005545266
8.71252e-006,0.005092383
8.71452e-006,0.004033588
8.71652e-006,0.002033641
8.71852e-006,0.004621808
8.72052e-006,0.002151284
8.72252e-006,0.003445368
8.72452e-006,0.006386467
8.72652e-006,0.001798353
8.72852e-006,0.001563065
8.73052e-006,0.004504164
8.73252e-006,0.005915891
8.73452e-006,0.00438652
8.73652e-006,0.003327724
8.73852e-006,-0.004319133
8.74052e-006,0.003680656
8.74252e-006,0.004268876
8.74452e-006,-0.00302505
8.74652e-006,0.004974739
8.74852e-006,0.003445368
8.75052e-006,0.001563065
8.75252e-006,0.00262186
8.75452e-006,0.001798353
8.75652e-006,0.002386572
8.75852e-006,0.004739452
8.76052e-006,0.003915944
8.76252e-006,-0.0006721705
8.76452e-006,0.003445368
8.76652e-006,0.001445421
8.76852e-006,0.003327724
8.77052e-006,-0.0004368826
8.77252e-006,0.002268928
8.77452e-006,0.005092383
8.77652e-006,0.00321008
8.77852e-006,0.001563065
8.78052e-006,-0.0009074584
8.78252e-006,0.003915944
8.78452e-006,0.006857043
8.78652e-006,-0.0004368826
8.78852e-006,0.004268876
8.79052e-006,-0.0005545266
8.79252e-006,0.006739399
8.79452e-006,0.001563065
8.79652e-006,0.002504216
8.79852e-006,0.0005042691
8.80052e-006,0.002268928
8.80252e-006,0.004151232
8.80452e-006,0.005562959
8.80652e-006,0.005562959
8.80852e-006,0.002857148
8.81052e-006,0.00438652
8.81252e-006,0.000739557
8.81452e-006,0.0037983
8.81652e-006,0.001445421
8.81852e-006,0.0001513372
8.82052e-006,0.00885699
8.82252e-006,0.005092383
8.82452e-006,0.005562959
8.82652e-006,0.002974792
8.82852e-006,0.006974687
8.83052e-006,0.002033641
8.83252e-006,0.003092436
8.83452e-006,0.003327724
8.83652e-006,0.002268928
8.83852e-006,0.001563065
8.84052e-006,0.002386572
8.84252e-006,0.007327619
8.84452e-006,-0.001378034
8.84652e-006,0.002504216
8.84852e-006,0.00438652
8.85052e-006,0.002739504
8.85252e-006,-8.395073e-005
8.85452e-006,0.003915944
8.85652e-006,0.002974792
8.85852e-006,0.003915944
8.86052e-006,0.002857148
8.86252e-006,0.002268928
8.86452e-006,-0.0002015947
8.86652e-006,0.001327777
8.86852e-006,0.0009748449
8.87052e-006,0.002268928
8.87252e-006,0.004033588
8.87452e-006,0.002504216
8.87652e-006,0.003092436
8.87852e-006,0.005327671
8.88052e-006,0.002268928
8.88252e-006,-8.395073e-005
8.88452e-006,0.003445368
8.88652e-006,-0.0002015947
8.88852e-006,0.001092489
8.89052e-006,3.369323e-005
8.89252e-006,0.002386572
8.89452e-006,0.0005042691
8.89652e-006,0.001798353
8.89852e-006,0.006033535
8.90052e-006,0.002268928
8.90252e-006,0.000739557
8.90452e-006,0.002151284
8.90652e-006,0.005092383
8.90852e-006,0.006621755
8.91052e-006,0.0008572009
8.91252e-006,-0.00243683
8.91452e-006,0.00262186
8.91652e-006,0.002857148
8.91852e-006,0.001445421
8.92052e-006,0.004151232
8.92252e-006,-0.0002015947
8.92452e-006,0.006268823
8.92652e-006,0.004739452
8.92852e-006,0.000739557
8.93052e-006,0.0001513372
8.93252e-006,0.002504216
8.93452e-006,0.002033641
8.93652e-006,0.004033588
8.93852e-006,-0.0005545266
8.94052e-006,0.001915997
8.94252e-006,0.0003866251
8.94452e-006,0.001680709
8.94652e-006,0.003092436
8.94852e-006,0.004151232
8.95052e-006,0.006739399
8.95252e-006,0.0003866251
8.95452e-006,0.002504216
8.95652e-006,0.002974792
8.95852e-006,0.001680709
8.96052e-006,-0.0002015947
8.96252e-006,0.001563065
8.96452e-006,0.004739452
8.96652e-006,0.0009748449
8.96852e-006,0.000739557
8.97052e-006,0.005327671
8.97252e-006,0.003563012
8.97452e-006,0.003915944
8.97652e-006,3.369323e-005
8.97852e-006,0.003915944
8.98052e-006,-0.001495678
8.98252e-006,-0.0006721705
8.98452e-006,0.006974687
8.98652e-006,0.005562959
8.98852e-006,0.003680656
8.99052e-006,-0.002083898
8.99252e-006,0.0037983
8.99452e-006,0.002151284
8.99652e-006,0.004739452
8.99852e-006,0.001563065
9.00052e-006,-0.00126039
