LECROYWS4054HD,18796,Waveform
Segments,1,SegmentSize,5002
Segment,TrigTime,TimeSinceSegment1
#1,04-Sep-2025 12:30:06,0                 
Time,Ampl
-1.000708e-006,-0.0043159258
-9.98708e-007,-0.0010689525
-9.96708e-007,-0.00097483737
-9.94708e-007,0.0024603662
-9.92708e-007,0.00071923563
-9.90708e-007,-0.0032336014
-9.88708e-007,0.00316623
-9.86708e-007,-0.0014924708
-9.84708e-007,-0.00041014637
-9.82708e-007,0.0016603873
-9.80708e-007,0.0013309842
-9.78708e-007,-0.0025277376
-9.76708e-007,-0.00097483737
-9.74708e-007,-8.0743284e-005
-9.72708e-007,-0.0029512559
-9.70708e-007,-0.0018689315
-9.68708e-007,0.00043689013
-9.66708e-007,0.0037779786
-9.64708e-007,-0.0015395284
-9.62708e-007,0.0005310053
-9.60708e-007,-0.00012780087
-9.58708e-007,-3.3685701e-005
-9.56708e-007,0.00034277497
-9.54708e-007,-0.0024336225
-9.52708e-007,0.0030250572
-9.50708e-007,-0.0010689525
-9.48708e-007,-0.00078660704
-9.46708e-007,-0.001351298
-9.44708e-007,-0.0014454132
-9.42708e-007,0.00010748705
-9.40708e-007,0.00034277497
-9.38708e-007,-0.0019630466
-9.36708e-007,0.0038720937
-9.34708e-007,0.00062512047
-9.32708e-007,-0.0021983345
-9.30708e-007,-0.002715968
-9.28708e-007,0.0018956752
-9.26708e-007,-0.0034218317
-9.24708e-007,-8.0743284e-005
-9.22708e-007,-0.00026897362
-9.20708e-007,-0.0037041772
-9.18708e-007,-3.3685701e-005
-9.16708e-007,0.0019897904
-9.14708e-007,-0.0035630045
-9.12708e-007,0.0018015601
-9.10708e-007,-0.0021042194
-9.08708e-007,0.0012839266
-9.06708e-007,-0.0012101253
-9.04708e-007,0.00010748705
-9.02708e-007,-0.0012571829
-9.00708e-007,0.0005310053
-8.98708e-007,-0.0025277376
-8.96708e-007,-0.0022924497
-8.94708e-007,0.00062512047
-8.92708e-007,0.0033074027
-8.90708e-007,0.00015454463
-8.88708e-007,-0.0028571407
-8.86708e-007,0.0012368691
-8.84708e-007,0.0015662721
-8.82708e-007,-0.00064543429
-8.80708e-007,-0.0031865438
-8.78708e-007,0.00076629322
-8.76708e-007,0.00090746597
-8.74708e-007,-0.00097483737
-8.72708e-007,-0.00092777979
-8.70708e-007,-0.0022924497
-8.68708e-007,-0.0012101253
-8.66708e-007,6.0429466e-005
-8.64708e-007,0.0012839266
-8.62708e-007,-0.0037512348
-8.60708e-007,0.0024603662
-8.58708e-007,-0.0017277587
-8.56708e-007,-0.0017748163
-8.54708e-007,-0.002151277
-8.52708e-007,-0.00078660704
-8.50708e-007,0.0027897693
-8.48708e-007,-0.0003160312
-8.46708e-007,0.00015454463
-8.44708e-007,0.0018956752
-8.42708e-007,-0.00026897362
-8.40708e-007,-0.0018218739
-8.38708e-007,0.0012839266
-8.36708e-007,-0.0037512348
-8.34708e-007,0.00029571738
-8.32708e-007,-0.0003160312
-8.30708e-007,0.0012368691
-8.28708e-007,0.00043689013
-8.26708e-007,0.00076629322
-8.24708e-007,-0.0012101253
-8.22708e-007,-0.0030924286
-8.20708e-007,0.0022721359
-8.18708e-007,0.0013309842
-8.16708e-007,-0.0011630677
-8.14708e-007,-0.0029512559
-8.12708e-007,0.0029779996
-8.10708e-007,0.00010748705
-8.08708e-007,-0.0018689315
-8.06708e-007,0.00048394772
-8.04708e-007,0.0016133297
-8.02708e-007,-0.0029041983
-8.00708e-007,-0.0028100831
-7.98708e-007,0.00048394772
-7.96708e-007,0.00076629322
-7.94708e-007,0.00062512047
-7.92708e-007,-0.0020101042
-7.90708e-007,-3.3685701e-005
-7.88708e-007,0.00010748705
-7.86708e-007,0.0002486598
-7.84708e-007,-8.0743284e-005
-7.82708e-007,-0.0037982924
-7.80708e-007,0.0024133086
-7.78708e-007,0.0024603662
-7.76708e-007,-0.00073954945
-7.74708e-007,-0.0028571407
-7.72708e-007,0.0010956963
-7.70708e-007,-0.00012780087
-7.68708e-007,0.0038720937
-7.66708e-007,-0.00050426153
-7.64708e-007,0.0027427117
-7.62708e-007,-0.00073954945
-7.60708e-007,0.00038983255
-7.58708e-007,-0.001021895
-7.56708e-007,-0.0022453921
-7.54708e-007,-0.0014454132
-7.52708e-007,0.0012839266
-7.50708e-007,0.00029571738
-7.48708e-007,-0.0029041983
-7.46708e-007,0.0023191935
-7.44708e-007,0.0024133086
-7.42708e-007,6.0429466e-005
-7.40708e-007,-0.00041014637
-7.38708e-007,0.0023191935
-7.36708e-007,-0.00036308878
-7.34708e-007,-0.0021042194
-7.32708e-007,0.0012839266
-7.30708e-007,0.0015192146
-7.28708e-007,-0.001351298
-7.26708e-007,-0.0032336014
-7.24708e-007,-0.0027630255
-7.22708e-007,0.0010015811
-7.20708e-007,-0.0011160101
-7.18708e-007,0.0002486598
-7.16708e-007,0.00086040838
-7.14708e-007,0.0028368269
-7.12708e-007,-0.0022924497
-7.10708e-007,-0.0008807222
-7.08708e-007,0.002601539
-7.06708e-007,-0.0012571829
-7.04708e-007,0.00043689013
-7.02708e-007,-0.001021895
-7.00708e-007,-0.0010689525
-6.98708e-007,0.0018956752
-6.96708e-007,-0.0015395284
-6.94708e-007,0.00034277497
-6.92708e-007,-0.00078660704
-6.90708e-007,0.0010015811
-6.88708e-007,0.0010486387
-6.86708e-007,0.0012839266
-6.84708e-007,-0.00050426153
-6.82708e-007,-0.0020571618
-6.80708e-007,-0.001915989
-6.78708e-007,0.0017545025
-6.76708e-007,0.0014250994
-6.74708e-007,-0.00017485845
-6.72708e-007,-0.0028571407
-6.70708e-007,0.00034277497
-6.68708e-007,-0.0025277376
-6.66708e-007,0.0012839266
-6.64708e-007,-0.0016807011
-6.62708e-007,-0.0025277376
-6.60708e-007,0.0019897904
-6.58708e-007,-0.00069249187
-6.56708e-007,0.0010956963
-6.54708e-007,-0.0037041772
-6.52708e-007,0.0013780418
-6.50708e-007,-0.001021895
-6.48708e-007,6.0429466e-005
-6.46708e-007,-0.0005983767
-6.44708e-007,-0.0020571618
-6.42708e-007,0.0027427117
-6.40708e-007,-0.001915989
-6.38708e-007,-0.0022924497
-6.36708e-007,0.00095452355
-6.34708e-007,0.00095452355
-6.32708e-007,-0.00045720395
-6.30708e-007,6.0429466e-005
-6.28708e-007,-0.0026689104
-6.26708e-007,-0.001021895
-6.24708e-007,-0.00069249187
-6.22708e-007,-8.0743284e-005
-6.20708e-007,0.0013309842
-6.18708e-007,0.00020160222
-6.16708e-007,-0.0013983556
-6.14708e-007,0.0014250994
-6.12708e-007,-0.0012571829
-6.10708e-007,0.0027897693
-6.08708e-007,0.00043689013
-6.06708e-007,0.00076629322
-6.04708e-007,-0.0017748163
-6.02708e-007,-0.00078660704
-6.00708e-007,0.0015662721
-5.98708e-007,0.00095452355
-5.96708e-007,-0.0034688893
-5.94708e-007,0.0026485966
-5.92708e-007,0.00057806288
-5.90708e-007,-0.0012101253
-5.88708e-007,0.00010748705
-5.86708e-007,0.0002486598
-5.84708e-007,-0.0023865649
-5.82708e-007,0.0010486387
-5.80708e-007,-8.0743284e-005
-5.78708e-007,-0.00026897362
-5.76708e-007,-0.00069249187
-5.74708e-007,-0.0003160312
-5.72708e-007,0.00071923563
-5.70708e-007,-0.0020101042
-5.68708e-007,0.0034015179
-5.66708e-007,-0.0029983135
-5.64708e-007,0.0023191935
-5.62708e-007,0.00062512047
-5.60708e-007,0.00048394772
-5.58708e-007,-0.00012780087
-5.56708e-007,-0.00083366462
-5.54708e-007,-0.00022191603
-5.52708e-007,6.0429466e-005
-5.50708e-007,-0.001021895
-5.48708e-007,-0.0019630466
-5.46708e-007,-0.0019630466
-5.44708e-007,-0.0010689525
-5.42708e-007,-0.0008807222
-5.40708e-007,0.0012368691
-5.38708e-007,-0.00069249187
-5.36708e-007,0.0045308999
-5.34708e-007,0.0005310053
-5.32708e-007,-0.0025277376
-5.30708e-007,-0.0046923865
-5.28708e-007,0.0025074238
-5.26708e-007,-0.00083366462
-5.24708e-007,0.0013309842
-5.22708e-007,0.0010015811
-5.20708e-007,-0.0018689315
-5.18708e-007,0.0005310053
-5.16708e-007,-0.00041014637
-5.14708e-007,0.0023191935
-5.12708e-007,-0.001351298
-5.10708e-007,0.0018486176
-5.08708e-007,-0.0014454132
-5.06708e-007,0.00043689013
-5.04708e-007,0.0025544814
-5.02708e-007,-0.0039865227
-5.00708e-007,0.0017074449
-4.98708e-007,-0.0022453921
-4.96708e-007,-0.00069249187
-4.94708e-007,-0.00017485845
-4.92708e-007,0.0002486598
-4.90708e-007,-0.0040806379
-4.88708e-007,0.0002486598
-4.86708e-007,-0.00050426153
-4.84708e-007,-0.00083366462
-4.82708e-007,-0.0003160312
-4.80708e-007,-0.0011630677
-4.78708e-007,0.0012839266
-4.76708e-007,-0.0030924286
-4.74708e-007,-0.001351298
-4.72708e-007,-0.0016336435
-4.70708e-007,1.3371883e-005
-4.68708e-007,-0.0015395284
-4.66708e-007,0.00034277497
-4.64708e-007,1.3371883e-005
-4.62708e-007,-0.0026689104
-4.60708e-007,-0.00045720395
-4.58708e-007,0.0022721359
-4.56708e-007,-3.3685701e-005
-4.54708e-007,-8.0743284e-005
-4.52708e-007,-0.0023395073
-4.50708e-007,-0.0018689315
-4.48708e-007,0.0008133508
-4.46708e-007,-0.00055131912
-4.44708e-007,-0.00078660704
-4.42708e-007,-3.3685701e-005
-4.40708e-007,0.0019427328
-4.38708e-007,-0.0013983556
-4.36708e-007,0.0011427539
-4.34708e-007,-0.0013983556
-4.32708e-007,0.0010486387
-4.30708e-007,-0.00017485845
-4.28708e-007,0.0010956963
-4.26708e-007,0.0021309631
-4.24708e-007,-0.004739444
-4.22708e-007,-0.0031865438
-4.20708e-007,0.0025544814
-4.18708e-007,-0.0011160101
-4.16708e-007,-0.0019630466
-4.14708e-007,0.0041544392
-4.12708e-007,-0.0020571618
-4.10708e-007,-0.0028571407
-4.08708e-007,0.0017545025
-4.06708e-007,-0.0011630677
-4.04708e-007,0.0020839056
-4.02708e-007,-0.00248068
-4.00708e-007,-0.00083366462
-3.98708e-007,0.00010748705
-3.96708e-007,-0.00045720395
-3.94708e-007,0.0023662511
-3.92708e-007,-0.0008807222
-3.90708e-007,-0.00041014637
-3.88708e-007,0.0013780418
-3.86708e-007,-0.0015395284
-3.84708e-007,0.00067217805
-3.82708e-007,0.0017074449
-3.80708e-007,0.00029571738
-3.78708e-007,-0.0030924286
-3.76708e-007,-0.001586586
-3.74708e-007,-0.001351298
-3.72708e-007,0.0023191935
-3.70708e-007,0.00015454463
-3.68708e-007,0.00057806288
-3.66708e-007,0.0002486598
-3.64708e-007,-0.0025277376
-3.62708e-007,0.00090746597
-3.60708e-007,-0.00097483737
-3.58708e-007,-0.00055131912
-3.56708e-007,-0.001021895
-3.54708e-007,0.0002486598
-3.52708e-007,-0.00050426153
-3.50708e-007,-0.00041014637
-3.48708e-007,0.0025544814
-3.46708e-007,-0.0033747741
-3.44708e-007,0.00010748705
-3.42708e-007,0.00043689013
-3.40708e-007,0.00029571738
-3.38708e-007,-0.0025277376
-3.36708e-007,0.0012839266
-3.34708e-007,0.0014250994
-3.32708e-007,-0.0027630255
-3.30708e-007,0.0023191935
-3.28708e-007,-0.00083366462
-3.26708e-007,-0.0026218528
-3.24708e-007,0.00029571738
-3.22708e-007,-0.0010689525
-3.20708e-007,-0.00022191603
-3.18708e-007,0.00010748705
-3.16708e-007,0.00076629322
-3.14708e-007,-0.0003160312
-3.12708e-007,-0.0019630466
-3.10708e-007,0.0023191935
-3.08708e-007,-0.0025277376
-3.06708e-007,0.0005310053
-3.04708e-007,-0.0025747952
-3.02708e-007,0.00057806288
-3.00708e-007,0.0017545025
-2.98708e-007,-0.00055131912
-2.96708e-007,-0.0013983556
-2.94708e-007,0.00062512047
-2.92708e-007,-0.00092777979
-2.90708e-007,0.00043689013
-2.88708e-007,0.0011898115
-2.86708e-007,-0.0011630677
-2.84708e-007,-0.00073954945
-2.82708e-007,-0.00097483737
-2.80708e-007,-0.00041014637
-2.78708e-007,-0.00064543429
-2.76708e-007,0.00095452355
-2.74708e-007,-0.00092777979
-2.72708e-007,-0.0015395284
-2.70708e-007,0.0005310053
-2.68708e-007,-0.0029983135
-2.66708e-007,-0.001021895
-2.64708e-007,0.0031191724
-2.62708e-007,-0.0028571407
-2.60708e-007,0.0014250994
-2.58708e-007,-0.0026689104
-2.56708e-007,0.0036838634
-2.54708e-007,-0.0050688471
-2.52708e-007,0.0032603451
-2.50708e-007,-0.0014454132
-2.48708e-007,0.00010748705
-2.46708e-007,-0.00017485845
-2.44708e-007,-0.00097483737
-2.42708e-007,0.00010748705
-2.40708e-007,-0.0010689525
-2.38708e-007,0.0025074238
-2.36708e-007,-0.00073954945
-2.34708e-007,0.0024603662
-2.32708e-007,-0.0037041772
-2.30708e-007,0.0027427117
-2.28708e-007,-0.0023395073
-2.26708e-007,0.0011427539
-2.24708e-007,0.00076629322
-2.22708e-007,0.0012368691
-2.20708e-007,0.00057806288
-2.18708e-007,-8.0743284e-005
-2.16708e-007,-0.0031865438
-2.14708e-007,0.0019427328
-2.12708e-007,0.0012839266
-2.10708e-007,-0.0010689525
-2.08708e-007,-0.00022191603
-2.06708e-007,0.00086040838
-2.04708e-007,0.0020839056
-2.02708e-007,-0.0053511926
-2.00708e-007,-0.00055131912
-1.98708e-007,1.3371883e-005
-1.96708e-007,0.00048394772
-1.94708e-007,-0.001021895
-1.92708e-007,-0.0013983556
-1.90708e-007,-0.0034218317
-1.88708e-007,0.00043689013
-1.86708e-007,0.0024133086
-1.84708e-007,0.00076629322
-1.82708e-007,0.00034277497
-1.80708e-007,-0.0019630466
-1.78708e-007,0.00057806288
-1.76708e-007,-0.0031865438
-1.74708e-007,0.0016133297
-1.72708e-007,-0.0011630677
-1.70708e-007,-0.00050426153
-1.68708e-007,-0.0019630466
-1.66708e-007,0.0005310053
-1.64708e-007,0.0010486387
-1.62708e-007,0.0038720937
-1.60708e-007,0.00048394772
-1.58708e-007,-0.0041276955
-1.56708e-007,0.0002486598
-1.54708e-007,0.0045308999
-1.52708e-007,-0.00036308878
-1.50708e-007,-0.00055131912
-1.48708e-007,0.0019427328
-1.46708e-007,0.0010015811
-1.44708e-007,0.0019897904
-1.42708e-007,-0.001351298
-1.40708e-007,0.0028838845
-1.38708e-007,-0.00055131912
-1.36708e-007,0.0035426906
-1.34708e-007,-0.00055131912
-1.32708e-007,-0.0020571618
-1.30708e-007,0.0018015601
-1.28708e-007,0.0015192146
-1.26708e-007,0.00095452355
-1.24708e-007,0.0019897904
-1.22708e-007,0.00071923563
-1.20708e-007,0.0024603662
-1.18708e-007,-0.00064543429
-1.16708e-007,0.0030721148
-1.14708e-007,0.0031191724
-1.12708e-007,0.00038983255
-1.10708e-007,0.0023662511
-1.08708e-007,0.0010015811
-1.06708e-007,0.0026485966
-1.04708e-007,0.0017545025
-1.02708e-007,0.00090746597
-1.00708e-007,0.0032132876
-9.8708e-008,0.0019427328
-9.6708e-008,0.0041544392
-9.4708e-008,0.0061308577
-9.2708e-008,0.00071923563
-9.0708e-008,-0.00069249187
-8.8708e-008,0.0034015179
-8.6708e-008,0.0034015179
-8.4708e-008,-0.0029041983
-8.2708e-008,0.0068367215
-8.0708e-008,-0.0010689525
-7.8708e-008,0.0023662511
-7.6708e-008,0.0024133086
-7.4708e-008,0.0029309421
-7.2708e-008,0.0037779786
-7.0708e-008,0.0015192146
-6.8708e-008,0.0034485755
-6.6708e-008,0.0023662511
-6.4708e-008,-0.00055131912
-6.2708e-008,0.0043426696
-6.0708e-008,0.0034956331
-5.8708e-008,0.0058014546
-5.6708e-008,-0.0020101042
-5.4708e-008,0.0048132454
-5.2708e-008,0.0015662721
-5.0708e-008,0.0019427328
-4.8708e-008,0.0067896639
-4.6708e-008,0.0025074238
-4.4708e-008,0.0017545025
-4.2708e-008,0.0067896639
-4.0708e-008,-8.0743284e-005
-3.8708e-008,0.0028368269
-3.6708e-008,0.0040132665
-3.4708e-008,0.0030721148
-3.2708e-008,0.0010956963
-3.0708e-008,0.0062720305
-2.8708e-008,0.0033544603
-2.6708e-008,-0.0015395284
-2.4708e-008,0.0059426274
-2.2708e-008,0.005424994
-2.0708e-008,0.00010748705
-1.8708e-008,0.0063190881
-1.6708e-008,0.0029309421
-1.4708e-008,0.0012368691
-1.2708e-008,0.0029779996
-1.0708e-008,0.0031191724
-8.708e-009,0.0010015811
-6.708e-009,0.0058955698
-4.708e-009,0.0020839056
-2.708e-009,0.0068837791
-7.08e-010,0.0022250783
1.292e-009,0.0066484911
3.292e-009,0.0044367847
5.292e-009,0.002601539
7.292e-009,0.0049073606
9.292e-009,0.0023191935
1.1292e-008,0.0036368058
1.3292e-008,0.0065073184
1.5292e-008,0.0022250783
1.7292e-008,0.0040132665
1.9292e-008,0.0045779575
2.1292e-008,0.0023662511
2.3292e-008,0.0062720305
2.5292e-008,0.0047191302
2.7292e-008,0.0013309842
2.9292e-008,0.0052838212
3.1292e-008,0.0041073816
3.3292e-008,0.0021780207
3.5292e-008,0.0068367215
3.7292e-008,0.0060838001
3.9292e-008,0.0064132032
4.1292e-008,0.0049544181
4.3292e-008,0.0048132454
4.5292e-008,0.0018486176
4.7292e-008,0.0036368058
4.9292e-008,0.0027427117
5.1292e-008,0.0049073606
5.3292e-008,0.0072602397
5.5292e-008,0.005424994
5.7292e-008,0.0032603451
5.9292e-008,0.0059426274
6.1292e-008,0.0058485122
6.3292e-008,0.001472157
6.5292e-008,0.0067896639
6.7292e-008,0.0019427328
6.9292e-008,0.010224867
7.1292e-008,0.00020160222
7.3292e-008,0.0090013703
7.5292e-008,0.0044838423
7.7292e-008,0.0056132243
7.9292e-008,0.002036848
8.1292e-008,0.0020839056
8.3292e-008,0.0059426274
8.5292e-008,0.0045308999
8.7292e-008,0.002601539
8.9292e-008,0.0055661667
9.1292e-008,0.0089072551
9.3292e-008,0.0047191302
9.5292e-008,0.004295612
9.7292e-008,0.0049073606
9.9292e-008,0.0050014757
1.01292e-007,0.0052367636
1.03292e-007,0.0045779575
1.05292e-007,0.008248449
1.07292e-007,0.0019897904
1.09292e-007,0.0055191091
1.11292e-007,0.0031191724
1.13292e-007,0.0033544603
1.15292e-007,0.0040603241
1.17292e-007,0.0055661667
1.19292e-007,0.0047661878
1.21292e-007,0.0070720094
1.23292e-007,0.007119067
1.25292e-007,0.0036368058
1.27292e-007,0.0039662089
1.29292e-007,0.0049073606
1.31292e-007,0.0068837791
1.33292e-007,0.0064132032
1.35292e-007,0.0090484279
1.37292e-007,0.0036838634
1.39292e-007,0.0060838001
1.41292e-007,0.0077778731
1.43292e-007,0.0074955276
1.45292e-007,0.0010956963
1.47292e-007,0.0050955909
1.49292e-007,0.0057073395
1.51292e-007,0.0060838001
1.53292e-007,0.0049544181
1.55292e-007,0.0069778942
1.57292e-007,0.0050955909
1.59292e-007,0.0080131611
1.61292e-007,0.0059426274
1.63292e-007,0.0047191302
1.65292e-007,0.0032603451
1.67292e-007,0.005424994
1.69292e-007,0.0060838001
1.71292e-007,0.0075896428
1.73292e-007,0.0050955909
1.75292e-007,0.0052367636
1.77292e-007,0.0022250783
1.79292e-007,0.0034956331
1.81292e-007,0.0072131821
1.83292e-007,0.0051426485
1.85292e-007,0.0077308156
1.87292e-007,0.0034956331
1.89292e-007,0.005989685
1.91292e-007,0.0067426063
1.93292e-007,0.0062249729
1.95292e-007,0.0034015179
1.97292e-007,0.0082955066
1.99292e-007,0.0069308366
2.01292e-007,0.0030250572
2.03292e-007,0.0049073606
2.05292e-007,0.0087190248
2.07292e-007,0.0026956541
2.09292e-007,0.0066955487
2.11292e-007,0.0085307945
2.13292e-007,0.0048132454
2.15292e-007,0.0082955066
2.17292e-007,0.0034485755
2.19292e-007,0.0080131611
2.21292e-007,0.0011427539
2.23292e-007,0.0069778942
2.25292e-007,0.0069778942
2.27292e-007,0.0058014546
2.29292e-007,0.0078249307
2.31292e-007,0.0030721148
2.33292e-007,0.0087190248
2.35292e-007,0.0042485544
2.37292e-007,0.0061779153
2.39292e-007,0.0070249518
2.41292e-007,0.0038720937
2.43292e-007,0.005989685
2.45292e-007,0.0058485122
2.47292e-007,0.0027427117
2.49292e-007,0.0072131821
2.51292e-007,0.0061779153
2.53292e-007,0.0042014968
2.55292e-007,0.0055191091
2.57292e-007,0.0036838634
2.59292e-007,0.0070249518
2.61292e-007,0.0055661667
2.63292e-007,0.0089543127
2.65292e-007,0.0040132665
2.67292e-007,0.0067426063
2.69292e-007,0.0052838212
2.71292e-007,0.0039662089
2.73292e-007,0.010648386
2.75292e-007,0.0016133297
2.77292e-007,0.0064602608
2.79292e-007,0.0038250361
2.81292e-007,0.0058955698
2.83292e-007,0.0067896639
2.85292e-007,0.0056602819
2.87292e-007,0.0054720516
2.89292e-007,0.0080602186
2.91292e-007,0.0038250361
2.93292e-007,0.0077308156
2.95292e-007,0.0069778942
2.97292e-007,0.0060838001
2.99292e-007,0.0057543971
3.01292e-007,0.0081543338
3.03292e-007,0.0044838423
3.05292e-007,0.0026956541
3.07292e-007,0.0064602608
3.09292e-007,0.0056132243
3.11292e-007,0.0038250361
3.13292e-007,0.0040603241
3.15292e-007,0.00881314
3.17292e-007,0.0075425852
3.19292e-007,0.0014250994
3.21292e-007,0.0067896639
3.23292e-007,0.0026956541
3.25292e-007,0.0045308999
3.27292e-007,0.0081543338
3.29292e-007,0.0014250994
3.31292e-007,0.0050955909
3.33292e-007,0.0066014336
3.35292e-007,0.0069308366
3.37292e-007,0.0053308788
3.39292e-007,0.0085778521
3.41292e-007,0.0077778731
3.43292e-007,0.0032132876
3.45292e-007,0.0012839266
3.47292e-007,0.006554376
3.49292e-007,0.009942522
3.51292e-007,0.0019897904
3.53292e-007,0.0053308788
3.55292e-007,0.0052367636
3.57292e-007,0.0044367847
3.59292e-007,0.0040132665
3.61292e-007,0.0075425852
3.63292e-007,0.0063661456
3.65292e-007,0.0025074238
3.67292e-007,0.0045779575
3.69292e-007,0.012154228
3.71292e-007,0.0023191935
3.73292e-007,0.0034015179
3.75292e-007,0.0050955909
3.77292e-007,0.0050955909
3.79292e-007,0.0053779364
3.81292e-007,0.0034015179
3.83292e-007,0.0068837791
3.85292e-007,0.0050485333
3.87292e-007,0.006554376
3.89292e-007,0.0072131821
3.91292e-007,0.0018956752
3.93292e-007,0.0037779786
3.95292e-007,0.0045779575
3.97292e-007,0.0033074027
3.99292e-007,0.0061779153
4.01292e-007,0.0061779153
4.03292e-007,0.0035426906
4.05292e-007,0.0064602608
4.07292e-007,0.0042014968
4.09292e-007,0.004860303
4.11292e-007,0.0051897061
4.13292e-007,0.0028838845
4.15292e-007,0.0062249729
4.17292e-007,0.0040132665
4.19292e-007,0.0033074027
4.21292e-007,0.0043426696
4.23292e-007,0.0055661667
4.25292e-007,0.0039191513
4.27292e-007,0.0044838423
4.29292e-007,0.0017074449
4.31292e-007,0.0053779364
4.33292e-007,0.0052838212
4.35292e-007,0.005424994
4.37292e-007,0.0063190881
4.39292e-007,0.0017074449
4.41292e-007,0.0086719672
4.43292e-007,0.0043897271
4.45292e-007,0.0049544181
4.47292e-007,0.0050955909
4.49292e-007,0.0047661878
4.51292e-007,0.0065073184
4.53292e-007,0.0035426906
4.55292e-007,0.0067426063
4.57292e-007,0.0023662511
4.59292e-007,0.0045308999
4.61292e-007,0.0053308788
4.63292e-007,0.007119067
4.65292e-007,0.00010748705
4.67292e-007,0.00881314
4.69292e-007,0.0012368691
4.71292e-007,0.0098484068
4.73292e-007,0.0043897271
4.75292e-007,0.0034485755
4.77292e-007,0.0037779786
4.79292e-007,0.0030250572
4.81292e-007,0.0040603241
4.83292e-007,0.0042014968
4.85292e-007,0.0061308577
4.87292e-007,0.0027427117
4.89292e-007,0.0024603662
4.91292e-007,0.004295612
4.93292e-007,0.0084837369
4.95292e-007,0.0046250151
4.97292e-007,0.0039662089
4.99292e-007,0.0050014757
5.01292e-007,-0.00045720395
5.03292e-007,0.0044367847
5.05292e-007,0.0064132032
5.07292e-007,0.0046720726
5.09292e-007,0.0040603241
5.11292e-007,0.0026485966
5.13292e-007,0.0043897271
5.15292e-007,0.0060838001
5.17292e-007,0.0049544181
5.19292e-007,0.0050014757
5.21292e-007,0.0010486387
5.23292e-007,0.0064132032
5.25292e-007,0.0025074238
5.27292e-007,0.0015662721
5.29292e-007,0.0029779996
5.31292e-007,0.0045779575
5.33292e-007,0.0053308788
5.35292e-007,0.00038983255
5.37292e-007,0.0047661878
5.39292e-007,0.0057073395
5.41292e-007,0.0034485755
5.43292e-007,0.0055661667
5.45292e-007,0.0044838423
5.47292e-007,0.0059426274
5.49292e-007,-0.00073954945
5.51292e-007,0.00010748705
5.53292e-007,0.005989685
5.55292e-007,0.0060367426
5.57292e-007,0.0048132454
5.59292e-007,0.0042485544
5.61292e-007,0.0020839056
5.63292e-007,0.0015662721
5.65292e-007,0.0063190881
5.67292e-007,0.0020839056
5.69292e-007,0.0027427117
5.71292e-007,0.0034956331
5.73292e-007,0.00316623
5.75292e-007,0.0041073816
5.77292e-007,0.0042485544
5.79292e-007,0.004295612
5.81292e-007,0.0049073606
5.83292e-007,0.0011898115
5.85292e-007,0.0074484701
5.87292e-007,0.003730921
5.89292e-007,0.0025074238
5.91292e-007,0.002036848
5.93292e-007,0.0045308999
5.95292e-007,-0.0003160312
5.97292e-007,0.0090484279
5.99292e-007,0.0018956752
6.01292e-007,0.0047191302
6.03292e-007,0.0028838845
6.05292e-007,0.0016133297
6.07292e-007,0.0041073816
6.09292e-007,0.0055661667
6.11292e-007,-0.0013983556
6.13292e-007,0.0060838001
6.15292e-007,0.00316623
6.17292e-007,0.00086040838
6.19292e-007,0.0050014757
6.21292e-007,0.0041073816
6.23292e-007,0.00029571738
6.25292e-007,0.0056132243
6.27292e-007,0.002601539
6.29292e-007,0.0030721148
6.31292e-007,0.0015662721
6.33292e-007,0.0043897271
6.35292e-007,0.0041544392
6.37292e-007,0.0050955909
6.39292e-007,0.0010956963
6.41292e-007,0.0033544603
6.43292e-007,0.005989685
6.45292e-007,0.0053308788
6.47292e-007,0.0025074238
6.49292e-007,0.00086040838
6.51292e-007,0.0035897482
6.53292e-007,0.0028838845
6.55292e-007,0.0051426485
6.57292e-007,0.0020839056
6.59292e-007,0.0028838845
6.61292e-007,0.0036368058
6.63292e-007,0.001472157
6.65292e-007,0.0013780418
6.67292e-007,0.0040603241
6.69292e-007,0.0050955909
6.71292e-007,-0.0005983767
6.73292e-007,0.0050485333
6.75292e-007,0.0035426906
6.77292e-007,-0.00069249187
6.79292e-007,0.0039662089
6.81292e-007,0.0042014968
6.83292e-007,0.0042485544
6.85292e-007,0.0029779996
6.87292e-007,0.00067217805
6.89292e-007,0.0029309421
6.91292e-007,0.0042485544
6.93292e-007,0.0044367847
6.95292e-007,0.00086040838
6.97292e-007,0.00071923563
6.99292e-007,0.0029779996
7.01292e-007,0.0028368269
7.03292e-007,0.00020160222
7.05292e-007,0.0053779364
7.07292e-007,0.0053779364
7.09292e-007,0.0020839056
7.11292e-007,0.0027427117
7.13292e-007,0.0021309631
7.15292e-007,0.001472157
7.17292e-007,0.0042485544
7.19292e-007,0.0011898115
7.21292e-007,0.0019897904
7.23292e-007,0.0046250151
7.25292e-007,0.0032603451
7.27292e-007,0.0027897693
7.29292e-007,0.005424994
7.31292e-007,0.0026485966
7.33292e-007,0.0024603662
7.35292e-007,0.0030250572
7.37292e-007,0.0013780418
7.39292e-007,0.0019897904
7.41292e-007,0.0044367847
7.43292e-007,0.0050014757
7.45292e-007,0.00067217805
7.47292e-007,0.0043426696
7.49292e-007,0.0030250572
7.51292e-007,0.0017074449
7.53292e-007,0.0043426696
7.55292e-007,0.0063661456
7.57292e-007,0.0015192146
7.59292e-007,0.00020160222
7.61292e-007,0.0045779575
7.63292e-007,0.00062512047
7.65292e-007,0.0047191302
7.67292e-007,0.0039191513
7.69292e-007,-0.00050426153
7.71292e-007,0.005424994
7.73292e-007,0.00062512047
7.75292e-007,0.0066014336
7.77292e-007,0.0015662721
7.79292e-007,0.0031191724
7.81292e-007,0.0017074449
7.83292e-007,0.0038720937
7.85292e-007,0.0024603662
7.87292e-007,0.00316623
7.89292e-007,0.0005310053
7.91292e-007,0.0058955698
7.93292e-007,0.0027897693
7.95292e-007,0.002601539
7.97292e-007,0.00086040838
7.99292e-007,0.0016603873
8.01292e-007,0.0028838845
8.03292e-007,0.0034485755
8.05292e-007,0.0027427117
8.07292e-007,0.00034277497
8.09292e-007,0.0034956331
8.11292e-007,0.00020160222
8.13292e-007,0.0040603241
8.15292e-007,0.0036838634
8.17292e-007,0.0019427328
8.19292e-007,0.0019897904
8.21292e-007,0.0030250572
8.23292e-007,0.002036848
8.25292e-007,0.002601539
8.27292e-007,0.0011427539
8.29292e-007,0.0039662089
8.31292e-007,0.0022721359
8.33292e-007,0.0017074449
8.35292e-007,0.0050485333
8.37292e-007,-0.00073954945
8.39292e-007,0.0015662721
8.41292e-007,0.0019427328
8.43292e-007,0.0019897904
8.45292e-007,0.0031191724
8.47292e-007,0.0012368691
8.49292e-007,0.0028368269
8.51292e-007,0.0034015179
8.53292e-007,0.0021309631
8.55292e-007,0.0023662511
8.57292e-007,0.0032603451
8.59292e-007,0.0032132876
8.61292e-007,0.0030250572
8.63292e-007,0.0036368058
8.65292e-007,0.002036848
8.67292e-007,0.0013309842
8.69292e-007,0.0013309842
8.71292e-007,-0.00036308878
8.73292e-007,0.0021309631
8.75292e-007,0.00076629322
8.77292e-007,0.0024133086
8.79292e-007,0.0040132665
8.81292e-007,0.0016603873
8.83292e-007,0.00086040838
8.85292e-007,0.0052838212
8.87292e-007,0.0010956963
8.89292e-007,0.00090746597
8.91292e-007,0.0027897693
8.93292e-007,-0.00022191603
8.95292e-007,0.0046250151
8.97292e-007,0.00043689013
8.99292e-007,0.0023662511
9.01292e-007,0.0048132454
9.03292e-007,0.0010486387
9.05292e-007,0.0029309421
9.07292e-007,-0.00041014637
9.09292e-007,0.0046720726
9.11292e-007,-0.00083366462
9.13292e-007,0.0056602819
9.15292e-007,-0.0025277376
9.17292e-007,0.002601539
9.19292e-007,0.0050955909
9.21292e-007,0.0019427328
9.23292e-007,-0.00026897362
9.25292e-007,0.0048132454
9.27292e-007,0.0014250994
9.29292e-007,0.00038983255
9.31292e-007,0.0027897693
9.33292e-007,0.00020160222
9.35292e-007,0.003730921
9.37292e-007,0.00015454463
9.39292e-007,0.0052367636
9.41292e-007,0.00029571738
9.43292e-007,0.0024133086
9.45292e-007,0.0078719883
9.47292e-007,0.00067217805
9.49292e-007,0.00034277497
9.51292e-007,0.0022250783
9.53292e-007,0.0050014757
9.55292e-007,0.0016133297
9.57292e-007,0.00067217805
9.59292e-007,0.003730921
9.61292e-007,0.00067217805
9.63292e-007,0.0018015601
9.65292e-007,0.00043689013
9.67292e-007,0.0012839266
9.69292e-007,0.0043426696
9.71292e-007,0.00095452355
9.73292e-007,0.0032603451
9.75292e-007,-0.00055131912
9.77292e-007,0.0045308999
9.79292e-007,0.0010015811
9.81292e-007,0.0034485755
9.83292e-007,0.0022721359
9.85292e-007,0.0022721359
9.87292e-007,0.0033074027
9.89292e-007,0.0026485966
9.91292e-007,0.00043689013
9.93292e-007,0.00076629322
9.95292e-007,0.0030250572
9.97292e-007,0.0005310053
9.99292e-007,0.0010956963
1.001292e-006,0.0039662089
1.003292e-006,0.0030250572
1.005292e-006,-0.0015395284
1.007292e-006,0.00067217805
1.009292e-006,0.0066484911
1.011292e-006,0.0018015601
1.013292e-006,0.00038983255
1.015292e-006,0.0027427117
1.017292e-006,0.0033544603
1.019292e-006,0.0018486176
1.021292e-006,0.0040603241
1.023292e-006,0.0024133086
1.025292e-006,0.0008133508
1.027292e-006,0.0035426906
1.029292e-006,-0.0013042405
1.031292e-006,0.00316623
1.033292e-006,0.0010486387
1.035292e-006,0.00029571738
1.037292e-006,0.00071923563
1.039292e-006,0.001472157
1.041292e-006,0.00090746597
1.043292e-006,-0.00012780087
1.045292e-006,0.0040132665
1.047292e-006,0.0012839266
1.049292e-006,0.002601539
1.051292e-006,0.0046720726
1.053292e-006,-0.00017485845
1.055292e-006,0.0021309631
1.057292e-006,0.0008133508
1.059292e-006,-0.0020101042
1.061292e-006,0.0027427117
1.063292e-006,0.0017545025
1.065292e-006,0.0039191513
1.067292e-006,-0.00026897362
1.069292e-006,0.0045308999
1.071292e-006,0.0011427539
1.073292e-006,0.00038983255
1.075292e-006,0.00086040838
1.077292e-006,0.0038720937
1.079292e-006,0.0037779786
1.081292e-006,0.0018486176
1.083292e-006,-0.0037512348
1.085292e-006,-0.0017748163
1.087292e-006,0.0051426485
1.089292e-006,0.0017545025
1.091292e-006,0.0011898115
1.093292e-006,-0.00069249187
1.095292e-006,0.0026485966
1.097292e-006,-0.00069249187
1.099292e-006,0.0051897061
1.101292e-006,0.0015662721
1.103292e-006,6.0429466e-005
1.105292e-006,0.00062512047
1.107292e-006,0.0041073816
1.109292e-006,0.00010748705
1.111292e-006,0.0031191724
1.113292e-006,0.002036848
1.115292e-006,-0.00097483737
1.117292e-006,0.0018486176
1.119292e-006,0.0046250151
1.121292e-006,0.002601539
1.123292e-006,-0.001586586
1.125292e-006,0.0019897904
1.127292e-006,0.0050014757
1.129292e-006,-0.0017748163
1.131292e-006,0.0043897271
1.133292e-006,0.0018015601
1.135292e-006,0.00062512047
1.137292e-006,0.00067217805
1.139292e-006,-0.00022191603
1.141292e-006,0.0022721359
1.143292e-006,0.0032603451
1.145292e-006,-0.0010689525
1.147292e-006,0.0034485755
1.149292e-006,0.0018486176
1.151292e-006,0.0016603873
1.153292e-006,0.0043897271
1.155292e-006,-0.0011630677
1.157292e-006,0.0033544603
1.159292e-006,0.0017074449
1.161292e-006,0.00076629322
1.163292e-006,0.0012839266
1.165292e-006,0.0046250151
1.167292e-006,0.0016603873
1.169292e-006,0.0028368269
1.171292e-006,-0.001351298
1.173292e-006,0.0028368269
1.175292e-006,-0.001021895
1.177292e-006,0.005989685
1.179292e-006,-0.001351298
1.181292e-006,0.0005310053
1.183292e-006,0.0014250994
1.185292e-006,0.00043689013
1.187292e-006,0.0016133297
1.189292e-006,-3.3685701e-005
1.191292e-006,0.0010486387
1.193292e-006,0.0086249096
1.195292e-006,-0.00064543429
1.197292e-006,-0.00017485845
1.199292e-006,0.0052367636
1.201292e-006,6.0429466e-005
1.203292e-006,0.005424994
1.205292e-006,-0.001021895
1.207292e-006,0.00071923563
1.209292e-006,0.0046250151
1.211292e-006,0.0027427117
1.213292e-006,0.00034277497
1.215292e-006,0.0016603873
1.217292e-006,-0.0016336435
1.219292e-006,0.0019897904
1.221292e-006,0.0008133508
1.223292e-006,0.0021309631
1.225292e-006,0.0022250783
1.227292e-006,0.0034015179
1.229292e-006,0.0010486387
1.231292e-006,0.0018486176
1.233292e-006,0.0026485966
1.235292e-006,0.0022721359
1.237292e-006,0.0028368269
1.239292e-006,-0.001021895
1.241292e-006,0.0026485966
1.243292e-006,0.00062512047
1.245292e-006,0.0042014968
1.247292e-006,-0.00017485845
1.249292e-006,0.00038983255
1.251292e-006,0.0050955909
1.253292e-006,0.0033074027
1.255292e-006,0.0029309421
1.257292e-006,0.0019897904
1.259292e-006,0.0016133297
1.261292e-006,-0.00036308878
1.263292e-006,0.0019427328
1.265292e-006,0.0017545025
1.267292e-006,0.0027427117
1.269292e-006,0.0014250994
1.271292e-006,0.0035897482
1.273292e-006,0.00015454463
1.275292e-006,0.002601539
1.277292e-006,0.0024133086
1.279292e-006,0.00029571738
1.281292e-006,0.00010748705
1.283292e-006,0.0053308788
1.285292e-006,-0.00069249187
1.287292e-006,0.0025544814
1.289292e-006,-0.0012571829
1.291292e-006,0.0019897904
1.293292e-006,0.0016603873
1.295292e-006,0.00043689013
1.297292e-006,0.0013780418
1.299292e-006,0.00015454463
1.301292e-006,0.0042485544
1.303292e-006,0.0012839266
1.305292e-006,-0.001021895
1.307292e-006,0.0012368691
1.309292e-006,0.0019427328
1.311292e-006,0.00048394772
1.313292e-006,0.0019427328
1.315292e-006,-0.00036308878
1.317292e-006,0.0019427328
1.319292e-006,0.0026956541
1.321292e-006,0.00057806288
1.323292e-006,0.0019897904
1.325292e-006,-0.00064543429
1.327292e-006,0.0035426906
1.329292e-006,0.0010956963
1.331292e-006,1.3371883e-005
1.333292e-006,-0.00083366462
1.335292e-006,0.00020160222
1.337292e-006,0.0036838634
1.339292e-006,0.0020839056
1.341292e-006,0.0018956752
1.343292e-006,-0.0029512559
1.345292e-006,0.0050485333
1.347292e-006,0.0024603662
1.349292e-006,-0.0013042405
1.351292e-006,0.0028368269
1.353292e-006,6.0429466e-005
1.355292e-006,0.0034956331
1.357292e-006,0.002036848
1.359292e-006,0.00029571738
1.361292e-006,-0.00064543429
1.363292e-006,0.0024603662
1.365292e-006,-0.0013983556
1.367292e-006,0.0050485333
1.369292e-006,0.00071923563
1.371292e-006,0.0020839056
1.373292e-006,0.0011427539
1.375292e-006,0.00034277497
1.377292e-006,0.0040132665
1.379292e-006,-0.0042218106
1.381292e-006,0.0028368269
1.383292e-006,0.0022721359
1.385292e-006,0.0010486387
1.387292e-006,0.0024603662
1.389292e-006,0.00062512047
1.391292e-006,0.0032603451
1.393292e-006,0.00076629322
1.395292e-006,0.003730921
1.397292e-006,0.0021309631
1.399292e-006,0.0022250783
1.401292e-006,0.0026485966
1.403292e-006,0.0047191302
1.405292e-006,-0.001021895
1.407292e-006,0.0010956963
1.409292e-006,0.0026485966
1.411292e-006,-0.0010689525
1.413292e-006,0.0032603451
1.415292e-006,0.00062512047
1.417292e-006,0.0040603241
1.419292e-006,0.0018015601
1.421292e-006,-0.00041014637
1.423292e-006,0.0019897904
1.425292e-006,0.0034015179
1.427292e-006,-0.00050426153
1.429292e-006,0.0034956331
1.431292e-006,-0.0018689315
1.433292e-006,0.0036368058
1.435292e-006,0.00015454463
1.437292e-006,0.0023191935
1.439292e-006,0.0040603241
1.441292e-006,-0.001021895
1.443292e-006,0.0036368058
1.445292e-006,0.0019897904
1.447292e-006,-8.0743284e-005
1.449292e-006,0.002601539
1.451292e-006,-0.00055131912
1.453292e-006,0.0018956752
1.455292e-006,0.0032603451
1.457292e-006,-0.00092777979
1.459292e-006,0.004295612
1.461292e-006,0.00015454463
1.463292e-006,0.002036848
1.465292e-006,0.00010748705
1.467292e-006,0.0023662511
1.469292e-006,0.0005310053
1.471292e-006,0.0010015811
1.473292e-006,0.0026956541
1.475292e-006,0.0034485755
1.477292e-006,0.0016133297
1.479292e-006,0.00076629322
1.481292e-006,-0.0010689525
1.483292e-006,0.0012839266
1.485292e-006,0.0034485755
1.487292e-006,-0.00026897362
1.489292e-006,0.0008133508
1.491292e-006,0.0017074449
1.493292e-006,0.0028838845
1.495292e-006,-0.0003160312
1.497292e-006,0.0012368691
1.499292e-006,0.00038983255
1.501292e-006,0.005989685
1.503292e-006,0.0018486176
1.505292e-006,0.0027897693
1.507292e-006,0.0005310053
1.509292e-006,0.0012839266
1.511292e-006,0.00071923563
1.513292e-006,0.00048394772
1.515292e-006,0.0016133297
1.517292e-006,0.0014250994
1.519292e-006,-0.00092777979
1.521292e-006,0.001472157
1.523292e-006,-0.00041014637
1.525292e-006,0.0020839056
1.527292e-006,0.0023662511
1.529292e-006,0.0029309421
1.531292e-006,0.0017074449
1.533292e-006,0.0012839266
1.535292e-006,-0.002715968
1.537292e-006,0.0023662511
1.539292e-006,0.0038720937
1.541292e-006,-0.0013042405
1.543292e-006,0.0035897482
1.545292e-006,0.0010956963
1.547292e-006,0.0023662511
1.549292e-006,0.0024133086
1.551292e-006,-0.0022924497
1.553292e-006,0.00029571738
1.555292e-006,0.0023662511
1.557292e-006,0.0020839056
1.559292e-006,-0.00022191603
1.561292e-006,0.00057806288
1.563292e-006,0.0019427328
1.565292e-006,0.0014250994
1.567292e-006,0.0017545025
1.569292e-006,-0.0028571407
1.571292e-006,0.0023191935
1.573292e-006,0.0031191724
1.575292e-006,-0.0017277587
1.577292e-006,0.0011898115
1.579292e-006,0.0015662721
1.581292e-006,0.0011898115
1.583292e-006,0.00086040838
1.585292e-006,0.0010015811
1.587292e-006,-0.0021983345
1.589292e-006,0.00057806288
1.591292e-006,6.0429466e-005
1.593292e-006,0.0044367847
1.595292e-006,0.0011898115
1.597292e-006,0.0030250572
1.599292e-006,0.0013780418
1.601292e-006,-8.0743284e-005
1.603292e-006,0.0028838845
1.605292e-006,-0.00064543429
1.607292e-006,0.00062512047
1.609292e-006,0.00010748705
1.611292e-006,0.0032603451
1.613292e-006,-0.001021895
1.615292e-006,0.0022721359
1.617292e-006,0.0010486387
1.619292e-006,0.0021780207
1.621292e-006,-0.00036308878
1.623292e-006,0.0027427117
1.625292e-006,0.0042014968
1.627292e-006,-0.00041014637
1.629292e-006,0.0030250572
1.631292e-006,-0.0028100831
1.633292e-006,0.0023191935
1.635292e-006,0.0002486598
1.637292e-006,-0.00017485845
1.639292e-006,0.0044838423
1.641292e-006,-0.00078660704
1.643292e-006,0.0024603662
1.645292e-006,0.0018486176
1.647292e-006,0.00086040838
1.649292e-006,0.0028838845
1.651292e-006,-0.00041014637
1.653292e-006,0.0032603451
1.655292e-006,0.0020839056
1.657292e-006,-0.0014454132
1.659292e-006,0.0002486598
1.661292e-006,0.0014250994
1.663292e-006,0.0030250572
1.665292e-006,-0.00050426153
1.667292e-006,0.0018486176
1.669292e-006,0.0014250994
1.671292e-006,0.00057806288
1.673292e-006,-0.00017485845
1.675292e-006,0.0027897693
1.677292e-006,0.0028368269
1.679292e-006,-0.0016336435
1.681292e-006,0.0024133086
1.683292e-006,0.00057806288
1.685292e-006,0.0010486387
1.687292e-006,0.0012368691
1.689292e-006,-0.00092777979
1.691292e-006,0.0022721359
1.693292e-006,0.0033544603
1.695292e-006,0.00015454463
1.697292e-006,-0.00078660704
1.699292e-006,0.0016603873
1.701292e-006,0.0050485333
1.703292e-006,-0.0028100831
1.705292e-006,0.0020839056
1.707292e-006,0.00316623
1.709292e-006,0.0025074238
1.711292e-006,0.0012839266
1.713292e-006,-0.0013042405
1.715292e-006,-0.00083366462
1.717292e-006,0.0043897271
1.719292e-006,0.0012839266
1.721292e-006,0.001472157
1.723292e-006,0.00015454463
1.725292e-006,-0.00026897362
1.727292e-006,0.0030721148
1.729292e-006,0.00057806288
1.731292e-006,0.0031191724
1.733292e-006,0.0022250783
1.735292e-006,0.0011427539
1.737292e-006,-0.0013042405
1.739292e-006,0.0038720937
1.741292e-006,-0.0023395073
1.743292e-006,0.0044838423
1.745292e-006,-0.00036308878
1.747292e-006,0.0005310053
1.749292e-006,0.00090746597
1.751292e-006,0.0029779996
1.753292e-006,-0.0023395073
1.755292e-006,0.00020160222
1.757292e-006,0.0051897061
1.759292e-006,0.0034485755
1.761292e-006,-0.0027630255
1.763292e-006,-8.0743284e-005
1.765292e-006,0.00316623
1.767292e-006,0.0018486176
1.769292e-006,-0.00092777979
1.771292e-006,-0.0011160101
1.773292e-006,0.0023662511
1.775292e-006,0.0017545025
1.777292e-006,-0.00073954945
1.779292e-006,0.0039191513
1.781292e-006,0.0024603662
1.783292e-006,-0.001915989
1.785292e-006,-0.00050426153
1.787292e-006,0.0034956331
1.789292e-006,0.0013309842
1.791292e-006,0.002601539
1.793292e-006,-0.0012571829
1.795292e-006,0.00067217805
1.797292e-006,1.3371883e-005
1.799292e-006,0.0011427539
1.801292e-006,0.0018015601
1.803292e-006,0.0024133086
1.805292e-006,0.0064132032
1.807292e-006,-0.0028571407
1.809292e-006,0.0011427539
1.811292e-006,-0.00092777979
1.813292e-006,-0.00092777979
1.815292e-006,0.0021309631
1.817292e-006,0.0002486598
1.819292e-006,0.0026956541
1.821292e-006,0.0022250783
1.823292e-006,-0.00097483737
1.825292e-006,0.0054720516
1.827292e-006,-0.003610062
1.829292e-006,0.0049544181
1.831292e-006,0.0012368691
1.833292e-006,0.0025074238
1.835292e-006,0.00020160222
1.837292e-006,0.0013309842
1.839292e-006,0.0032603451
1.841292e-006,0.0029779996
1.843292e-006,-0.0011630677
1.845292e-006,-0.00036308878
1.847292e-006,0.0029309421
1.849292e-006,0.0027427117
1.851292e-006,-0.0017748163
1.853292e-006,0.001472157
1.855292e-006,0.0039191513
1.857292e-006,-0.0016807011
1.859292e-006,0.0008133508
1.861292e-006,-0.0010689525
1.863292e-006,0.0010956963
1.865292e-006,0.00034277497
1.867292e-006,-0.00097483737
1.869292e-006,0.0019897904
1.871292e-006,0.00067217805
1.873292e-006,-0.00073954945
1.875292e-006,0.0015192146
1.877292e-006,0.0032603451
1.879292e-006,-0.00036308878
1.881292e-006,-0.00055131912
1.883292e-006,0.0015192146
1.885292e-006,0.0013780418
1.887292e-006,0.0033074027
1.889292e-006,0.00095452355
1.891292e-006,0.0012839266
1.893292e-006,0.0022721359
1.895292e-006,0.0027897693
1.897292e-006,0.00067217805
1.899292e-006,0.0013780418
1.901292e-006,0.0017074449
1.903292e-006,0.00086040838
1.905292e-006,0.0013309842
1.907292e-006,0.00034277497
1.909292e-006,0.0024133086
1.911292e-006,0.0018015601
1.913292e-006,-0.00022191603
1.915292e-006,0.00043689013
1.917292e-006,-0.0016807011
1.919292e-006,0.00090746597
1.921292e-006,0.0042485544
1.923292e-006,0.0010015811
1.925292e-006,0.00015454463
1.927292e-006,0.0018015601
1.929292e-006,0.0020839056
1.931292e-006,0.0010956963
1.933292e-006,-0.00012780087
1.935292e-006,0.0022250783
1.937292e-006,-0.0018689315
1.939292e-006,0.0029309421
1.941292e-006,0.0036838634
1.943292e-006,0.0015192146
1.945292e-006,0.00086040838
1.947292e-006,0.0039191513
1.949292e-006,0.0027427117
1.951292e-006,-8.0743284e-005
1.953292e-006,-0.0013983556
1.955292e-006,0.0035426906
1.957292e-006,-0.0017277587
1.959292e-006,0.0031191724
1.961292e-006,-3.3685701e-005
1.963292e-006,0.0034485755
1.965292e-006,0.0030721148
1.967292e-006,0.0015662721
1.969292e-006,-8.0743284e-005
1.971292e-006,0.0042485544
1.973292e-006,0.00067217805
1.975292e-006,0.00071923563
1.977292e-006,0.0023662511
1.979292e-006,0.0015192146
1.981292e-006,0.00020160222
1.983292e-006,0.0023191935
1.985292e-006,-0.00064543429
1.987292e-006,0.002036848
1.989292e-006,-0.00045720395
1.991292e-006,-0.0016807011
1.993292e-006,0.0033074027
1.995292e-006,6.0429466e-005
1.997292e-006,-0.0022453921
1.999292e-006,0.0023191935
2.001292e-006,-0.00050426153
2.003292e-006,0.0013780418
2.005292e-006,0.0036838634
2.007292e-006,-0.0013983556
2.009292e-006,-0.0011630677
2.011292e-006,0.0027427117
2.013292e-006,0.0040603241
2.015292e-006,-0.0022924497
2.017292e-006,0.0014250994
2.019292e-006,0.0011427539
2.021292e-006,0.0013309842
2.023292e-006,0.00010748705
2.025292e-006,0.00076629322
2.027292e-006,0.0027427117
2.029292e-006,-0.0003160312
2.031292e-006,0.00048394772
2.033292e-006,0.0018486176
2.035292e-006,0.0024133086
2.037292e-006,0.0018956752
2.039292e-006,-0.0029512559
2.041292e-006,-0.0011160101
2.043292e-006,0.00038983255
2.045292e-006,0.0037779786
2.047292e-006,-0.0010689525
2.049292e-006,0.0034485755
2.051292e-006,0.0002486598
2.053292e-006,0.0040132665
2.055292e-006,-0.0020571618
2.057292e-006,0.00048394772
2.059292e-006,0.00048394772
2.061292e-006,0.0002486598
2.063292e-006,0.0021780207
2.065292e-006,-0.0020101042
2.067292e-006,0.0029779996
2.069292e-006,0.0017074449
2.071292e-006,0.00029571738
2.073292e-006,0.00020160222
2.075292e-006,0.00043689013
2.077292e-006,-0.0005983767
2.079292e-006,-0.00026897362
2.081292e-006,0.0027897693
2.083292e-006,0.0008133508
2.085292e-006,0.00086040838
2.087292e-006,-0.00055131912
2.089292e-006,0.0033074027
2.091292e-006,0.0016603873
2.093292e-006,0.0022721359
2.095292e-006,-0.00069249187
2.097292e-006,0.0020839056
2.099292e-006,0.002601539
2.101292e-006,0.00038983255
2.103292e-006,0.001472157
2.105292e-006,-0.00097483737
2.107292e-006,0.0023662511
2.109292e-006,0.002036848
2.111292e-006,-0.00055131912
2.113292e-006,-0.00022191603
2.115292e-006,0.0010015811
2.117292e-006,-0.00026897362
2.119292e-006,-0.00069249187
2.121292e-006,0.0029779996
2.123292e-006,0.0018015601
2.125292e-006,-0.00055131912
2.127292e-006,0.0011898115
2.129292e-006,0.0025074238
2.131292e-006,0.0011898115
2.133292e-006,-0.0010689525
2.135292e-006,0.0036838634
2.137292e-006,-0.00097483737
2.139292e-006,0.0015662721
2.141292e-006,0.00090746597
2.143292e-006,0.0041073816
2.145292e-006,0.0008133508
2.147292e-006,0.00015454463
2.149292e-006,0.0011898115
2.151292e-006,0.0018486176
2.153292e-006,0.00071923563
2.155292e-006,0.0033074027
2.157292e-006,-0.0012571829
2.159292e-006,0.0013309842
2.161292e-006,0.0017545025
2.163292e-006,-0.0019630466
2.165292e-006,0.0033544603
2.167292e-006,0.0030250572
2.169292e-006,0.0041073816
2.171292e-006,0.0012368691
2.173292e-006,-0.0025747952
2.175292e-006,0.0034485755
2.177292e-006,-0.0014924708
2.179292e-006,0.0011427539
2.181292e-006,0.0010015811
2.183292e-006,0.0025074238
2.185292e-006,-0.00026897362
2.187292e-006,6.0429466e-005
2.189292e-006,0.0023662511
2.191292e-006,-0.00022191603
2.193292e-006,0.00015454463
2.195292e-006,0.0022721359
2.197292e-006,0.0026485966
2.199292e-006,0.0041544392
2.201292e-006,-0.0012571829
2.203292e-006,0.0024133086
2.205292e-006,-0.0014924708
2.207292e-006,0.0014250994
2.209292e-006,0.0010015811
2.211292e-006,0.0010956963
2.213292e-006,0.00010748705
2.215292e-006,0.0038720937
2.217292e-006,-0.00078660704
2.219292e-006,-0.0010689525
2.221292e-006,1.3371883e-005
2.223292e-006,-0.0016807011
2.225292e-006,0.0025544814
2.227292e-006,0.00067217805
2.229292e-006,0.0008133508
2.231292e-006,0.00029571738
2.233292e-006,-0.0011160101
2.235292e-006,0.0017074449
2.237292e-006,0.0011898115
2.239292e-006,0.0028368269
2.241292e-006,-0.00041014637
2.243292e-006,0.00015454463
2.245292e-006,0.00029571738
2.247292e-006,-0.00078660704
2.249292e-006,-0.00012780087
2.251292e-006,0.0036368058
2.253292e-006,0.0023191935
2.255292e-006,-8.0743284e-005
2.257292e-006,-0.001351298
2.259292e-006,0.0034015179
2.261292e-006,-0.0011630677
2.263292e-006,0.0022250783
2.265292e-006,0.00090746597
2.267292e-006,0.0023191935
2.269292e-006,0.0032603451
2.271292e-006,0.0026956541
2.273292e-006,-0.00078660704
2.275292e-006,0.00043689013
2.277292e-006,-0.00041014637
2.279292e-006,-0.0005983767
2.281292e-006,0.0043897271
2.283292e-006,-0.00041014637
2.285292e-006,0.0027897693
2.287292e-006,-0.00017485845
2.289292e-006,0.0016133297
2.291292e-006,0.00062512047
2.293292e-006,0.00076629322
2.295292e-006,0.0040132665
2.297292e-006,0.00029571738
2.299292e-006,-0.00022191603
2.301292e-006,0.0038720937
2.303292e-006,-0.0008807222
2.305292e-006,0.0025074238
2.307292e-006,0.0005310053
2.309292e-006,-0.00041014637
2.311292e-006,0.00043689013
2.313292e-006,0.00034277497
2.315292e-006,0.0027897693
2.317292e-006,-0.00022191603
2.319292e-006,0.0045308999
2.321292e-006,0.0030250572
2.323292e-006,0.0002486598
2.325292e-006,0.0010956963
2.327292e-006,-0.0017748163
2.329292e-006,0.0023191935
2.331292e-006,0.0029779996
2.333292e-006,0.00067217805
2.335292e-006,0.0014250994
2.337292e-006,-0.0020571618
2.339292e-006,0.0020839056
2.341292e-006,0.0042014968
2.343292e-006,-0.00064543429
2.345292e-006,0.004860303
2.347292e-006,-0.00050426153
2.349292e-006,0.0002486598
2.351292e-006,0.00029571738
2.353292e-006,0.00076629322
2.355292e-006,0.0028368269
2.357292e-006,0.00071923563
2.359292e-006,0.00043689013
2.361292e-006,0.0050485333
2.363292e-006,0.0010015811
2.365292e-006,-0.001586586
2.367292e-006,0.00015454463
2.369292e-006,-0.0005983767
2.371292e-006,-0.0008807222
2.373292e-006,-0.001586586
2.375292e-006,0.0019427328
2.377292e-006,0.002601539
2.379292e-006,-0.00064543429
2.381292e-006,-0.00073954945
2.383292e-006,0.0016603873
2.385292e-006,0.00048394772
2.387292e-006,0.0037779786
2.389292e-006,-0.0012101253
2.391292e-006,0.0010956963
2.393292e-006,-0.00026897362
2.395292e-006,0.00034277497
2.397292e-006,0.0016133297
2.399292e-006,-0.00050426153
2.401292e-006,0.0021780207
2.403292e-006,0.0024603662
2.405292e-006,0.00043689013
2.407292e-006,0.0022721359
2.409292e-006,0.0013309842
2.411292e-006,0.0019427328
2.413292e-006,0.0018486176
2.415292e-006,-0.00069249187
2.417292e-006,-0.0022453921
2.419292e-006,0.0026485966
2.421292e-006,-0.0003160312
2.423292e-006,0.0014250994
2.425292e-006,-0.0022924497
2.427292e-006,0.00067217805
2.429292e-006,0.0011427539
2.431292e-006,0.0015662721
2.433292e-006,0.0012839266
2.435292e-006,-0.0030924286
2.437292e-006,0.0041544392
2.439292e-006,0.0031191724
2.441292e-006,-0.00012780087
2.443292e-006,-8.0743284e-005
2.445292e-006,0.0044367847
2.447292e-006,-0.00069249187
2.449292e-006,-0.00050426153
2.451292e-006,0.0027427117
2.453292e-006,-0.0014924708
2.455292e-006,0.0036838634
2.457292e-006,0.0017074449
2.459292e-006,0.00020160222
2.461292e-006,0.0032603451
2.463292e-006,-0.00050426153
2.465292e-006,-0.0020101042
2.467292e-006,0.0016603873
2.469292e-006,0.0015192146
2.471292e-006,0.0020839056
2.473292e-006,0.0008133508
2.475292e-006,-0.0021983345
2.477292e-006,0.002036848
2.479292e-006,0.0008133508
2.481292e-006,0.0031191724
2.483292e-006,-0.00045720395
2.485292e-006,-0.00036308878
2.487292e-006,0.0021780207
2.489292e-006,0.0014250994
2.491292e-006,0.0012368691
2.493292e-006,0.0019427328
2.495292e-006,-0.001021895
2.497292e-006,0.0017074449
2.499292e-006,0.0027427117
2.501292e-006,0.0002486598
2.503292e-006,0.00029571738
2.505292e-006,-0.0030924286
2.507292e-006,0.0016133297
2.509292e-006,0.0011427539
2.511292e-006,0.0012368691
2.513292e-006,-0.00012780087
2.515292e-006,0.0015192146
2.517292e-006,0.0018956752
2.519292e-006,0.00015454463
2.521292e-006,0.00095452355
2.523292e-006,0.00034277497
2.525292e-006,0.0013780418
2.527292e-006,0.00076629322
2.529292e-006,-8.0743284e-005
2.531292e-006,0.0019897904
2.533292e-006,-8.0743284e-005
2.535292e-006,0.00015454463
2.537292e-006,-0.00036308878
2.539292e-006,-0.00064543429
2.541292e-006,0.00095452355
2.543292e-006,0.0010486387
2.545292e-006,-0.00078660704
2.547292e-006,0.0011898115
2.549292e-006,0.0017074449
2.551292e-006,0.0010956963
2.553292e-006,-0.0020101042
2.555292e-006,0.0022721359
2.557292e-006,0.0031191724
2.559292e-006,-0.0019630466
2.561292e-006,0.0032132876
2.563292e-006,-0.0016807011
2.565292e-006,-0.00073954945
2.567292e-006,-0.0013983556
2.569292e-006,-0.00097483737
2.571292e-006,-0.0003160312
2.573292e-006,0.0025074238
2.575292e-006,0.0040603241
2.577292e-006,0.001472157
2.579292e-006,0.00095452355
2.581292e-006,-0.0013042405
2.583292e-006,0.0013309842
2.585292e-006,0.00029571738
2.587292e-006,-0.00026897362
2.589292e-006,0.0021309631
2.591292e-006,-0.001021895
2.593292e-006,0.0018956752
2.595292e-006,0.002601539
2.597292e-006,0.00095452355
2.599292e-006,-0.00017485845
2.601292e-006,0.0016603873
2.603292e-006,0.00086040838
2.605292e-006,0.0019897904
2.607292e-006,-0.00078660704
2.609292e-006,0.0054720516
2.611292e-006,0.0034956331
2.613292e-006,1.3371883e-005
2.615292e-006,-0.00069249187
2.617292e-006,0.00043689013
2.619292e-006,0.0016133297
2.621292e-006,-0.00026897362
2.623292e-006,0.0018486176
2.625292e-006,-0.001586586
2.627292e-006,0.0018486176
2.629292e-006,-0.0024336225
2.631292e-006,0.0013309842
2.633292e-006,0.00029571738
2.635292e-006,-0.0010689525
2.637292e-006,-0.0017277587
2.639292e-006,0.00057806288
2.641292e-006,0.0019897904
2.643292e-006,0.0017545025
2.645292e-006,0.00034277497
2.647292e-006,-0.00041014637
2.649292e-006,0.0022250783
2.651292e-006,0.0027427117
2.653292e-006,-0.00073954945
2.655292e-006,0.0018956752
2.657292e-006,0.0005310053
2.659292e-006,-0.00097483737
2.661292e-006,-0.00092777979
2.663292e-006,-0.001351298
2.665292e-006,0.0008133508
2.667292e-006,0.0055661667
2.669292e-006,-0.0014454132
2.671292e-006,-0.0022453921
2.673292e-006,0.0013309842
2.675292e-006,0.0018956752
2.677292e-006,0.0008133508
2.679292e-006,0.0017545025
2.681292e-006,0.0017545025
2.683292e-006,-0.00083366462
2.685292e-006,0.0025544814
2.687292e-006,0.00076629322
2.689292e-006,0.0015662721
2.691292e-006,0.00010748705
2.693292e-006,-0.00026897362
2.695292e-006,1.3371883e-005
2.697292e-006,0.0029309421
2.699292e-006,-0.00022191603
2.701292e-006,0.00015454463
2.703292e-006,0.0019427328
2.705292e-006,-0.00064543429
2.707292e-006,0.0011898115
2.709292e-006,0.0018486176
2.711292e-006,-0.0014454132
2.713292e-006,0.00010748705
2.715292e-006,0.00062512047
2.717292e-006,0.00034277497
2.719292e-006,-0.00092777979
2.721292e-006,0.00020160222
2.723292e-006,0.0021309631
2.725292e-006,0.0020839056
2.727292e-006,0.001472157
2.729292e-006,0.0010486387
2.731292e-006,-0.0016807011
2.733292e-006,0.0016603873
2.735292e-006,0.0020839056
2.737292e-006,-0.0033277165
2.739292e-006,0.0044367847
2.741292e-006,0.0017074449
2.743292e-006,0.0026485966
2.745292e-006,0.00076629322
2.747292e-006,0.0010015811
2.749292e-006,-0.00083366462
2.751292e-006,0.0010486387
2.753292e-006,0.00062512047
2.755292e-006,0.0015662721
2.757292e-006,6.0429466e-005
2.759292e-006,0.0013309842
2.761292e-006,0.0016603873
2.763292e-006,-0.0008807222
2.765292e-006,0.0015192146
2.767292e-006,0.0017545025
2.769292e-006,0.0019897904
2.771292e-006,-0.00078660704
2.773292e-006,0.0012368691
2.775292e-006,-0.00083366462
2.777292e-006,0.0030250572
2.779292e-006,-0.00092777979
2.781292e-006,0.0016603873
2.783292e-006,-0.00045720395
2.785292e-006,0.0040603241
2.787292e-006,-0.00041014637
2.789292e-006,-0.0016807011
2.791292e-006,-0.00050426153
2.793292e-006,0.0018486176
2.795292e-006,0.00071923563
2.797292e-006,0.00010748705
2.799292e-006,0.0020839056
2.801292e-006,-0.00041014637
2.803292e-006,-0.0014454132
2.805292e-006,0.0011427539
2.807292e-006,6.0429466e-005
2.809292e-006,0.002601539
2.811292e-006,-0.0021983345
2.813292e-006,-0.00026897362
2.815292e-006,0.00043689013
2.817292e-006,-0.0010689525
2.819292e-006,0.0034485755
2.821292e-006,0.00010748705
2.823292e-006,0.0018956752
2.825292e-006,-0.00050426153
2.827292e-006,0.0034956331
2.829292e-006,0.0021780207
2.831292e-006,-0.00050426153
2.833292e-006,0.0013309842
2.835292e-006,0.0018486176
2.837292e-006,-0.001586586
2.839292e-006,0.0020839056
2.841292e-006,0.0029309421
2.843292e-006,-0.0023865649
2.845292e-006,0.0025544814
2.847292e-006,-0.0021042194
2.849292e-006,0.0016603873
2.851292e-006,0.00071923563
2.853292e-006,0.0037779786
2.855292e-006,-0.00012780087
2.857292e-006,0.00015454463
2.859292e-006,0.0027897693
2.861292e-006,-0.00050426153
2.863292e-006,-0.00073954945
2.865292e-006,0.0031191724
2.867292e-006,-0.0012571829
2.869292e-006,0.00057806288
2.871292e-006,0.0010956963
2.873292e-006,-0.00073954945
2.875292e-006,0.0010486387
2.877292e-006,0.0055191091
2.879292e-006,-0.0023395073
2.881292e-006,-0.00017485845
2.883292e-006,-0.00036308878
2.885292e-006,0.00029571738
2.887292e-006,1.3371883e-005
2.889292e-006,0.0020839056
2.891292e-006,-0.0029983135
2.893292e-006,0.0016603873
2.895292e-006,0.00076629322
2.897292e-006,-0.00055131912
2.899292e-006,-0.0012101253
2.901292e-006,0.0020839056
2.903292e-006,0.0015192146
2.905292e-006,0.0019427328
2.907292e-006,0.0036368058
2.909292e-006,0.00071923563
2.911292e-006,-0.002151277
2.913292e-006,-0.00073954945
2.915292e-006,0.0042014968
2.917292e-006,-0.00073954945
2.919292e-006,-0.002151277
2.921292e-006,0.0015662721
2.923292e-006,0.00057806288
2.925292e-006,0.0017074449
2.927292e-006,0.0021780207
2.929292e-006,0.00038983255
2.931292e-006,-0.0017277587
2.933292e-006,0.0023191935
2.935292e-006,0.00086040838
2.937292e-006,0.00029571738
2.939292e-006,0.00090746597
2.941292e-006,0.0019427328
2.943292e-006,0.0040603241
2.945292e-006,-0.0026218528
2.947292e-006,0.0023662511
2.949292e-006,-0.0033277165
2.951292e-006,0.0025074238
2.953292e-006,0.0017074449
2.955292e-006,-0.0014924708
2.957292e-006,0.0013309842
2.959292e-006,0.0028838845
2.961292e-006,-0.00045720395
2.963292e-006,0.00076629322
2.965292e-006,-0.0019630466
2.967292e-006,0.0035426906
2.969292e-006,1.3371883e-005
2.971292e-006,0.0012368691
2.973292e-006,-0.0013042405
2.975292e-006,0.0029779996
2.977292e-006,0.0035897482
2.979292e-006,-0.0008807222
2.981292e-006,0.0019427328
2.983292e-006,-0.00045720395
2.985292e-006,0.0031191724
2.987292e-006,0.0012368691
2.989292e-006,-0.00012780087
2.991292e-006,0.0008133508
2.993292e-006,-0.0014454132
2.995292e-006,0.002601539
2.997292e-006,-0.0012571829
2.999292e-006,-0.00026897362
3.001292e-006,-0.00078660704
3.003292e-006,0.0044838423
3.005292e-006,0.0012368691
3.007292e-006,-0.00045720395
3.009292e-006,-0.0005983767
3.011292e-006,0.0029779996
3.013292e-006,0.0005310053
3.015292e-006,0.0015192146
3.017292e-006,-0.003045371
3.019292e-006,0.00062512047
3.021292e-006,0.00010748705
3.023292e-006,0.002036848
3.025292e-006,-0.00055131912
3.027292e-006,0.0025544814
3.029292e-006,0.00316623
3.031292e-006,0.0010486387
3.033292e-006,-0.00017485845
3.035292e-006,0.00029571738
3.037292e-006,0.0024603662
3.039292e-006,-0.0016807011
3.041292e-006,0.0024603662
3.043292e-006,-0.00092777979
3.045292e-006,0.0032132876
3.047292e-006,-0.0037982924
3.049292e-006,0.0017074449
3.051292e-006,0.0012368691
3.053292e-006,0.00076629322
3.055292e-006,0.00029571738
3.057292e-006,0.0025074238
3.059292e-006,0.0012839266
3.061292e-006,0.00076629322
3.063292e-006,-0.0021983345
3.065292e-006,-0.00026897362
3.067292e-006,0.00034277497
3.069292e-006,0.0022721359
3.071292e-006,-8.0743284e-005
3.073292e-006,-0.0026689104
3.075292e-006,0.0026956541
3.077292e-006,0.0015192146
3.079292e-006,-0.00092777979
3.081292e-006,0.00038983255
3.083292e-006,-0.0012101253
3.085292e-006,0.0020839056
3.087292e-006,-0.001351298
3.089292e-006,0.0049073606
3.091292e-006,0.00043689013
3.093292e-006,0.00095452355
3.095292e-006,0.0022721359
3.097292e-006,0.0019897904
3.099292e-006,0.0026956541
3.101292e-006,0.00020160222
3.103292e-006,-0.00045720395
3.105292e-006,0.00029571738
3.107292e-006,0.0016133297
3.109292e-006,-3.3685701e-005
3.111292e-006,-0.0014454132
3.113292e-006,0.0027897693
3.115292e-006,0.0002486598
3.117292e-006,-0.00045720395
3.119292e-006,0.00048394772
3.121292e-006,-0.00092777979
3.123292e-006,0.00316623
3.125292e-006,-0.0014454132
3.127292e-006,-0.00078660704
3.129292e-006,0.0013780418
3.131292e-006,0.0018956752
3.133292e-006,0.0030250572
3.135292e-006,-0.0025277376
3.137292e-006,-0.00045720395
3.139292e-006,0.002036848
3.141292e-006,0.004295612
3.143292e-006,-0.0029512559
3.145292e-006,0.0022721359
3.147292e-006,0.00067217805
3.149292e-006,-0.00092777979
3.151292e-006,-0.0013042405
3.153292e-006,0.0029779996
3.155292e-006,0.00029571738
3.157292e-006,-0.0029041983
3.159292e-006,0.0035897482
3.161292e-006,0.00043689013
3.163292e-006,0.0017074449
3.165292e-006,-0.00083366462
3.167292e-006,-0.00017485845
3.169292e-006,0.0012839266
3.171292e-006,-0.00012780087
3.173292e-006,-0.00069249187
3.175292e-006,-0.00012780087
3.177292e-006,0.00086040838
3.179292e-006,-0.00050426153
3.181292e-006,0.0026485966
3.183292e-006,0.00020160222
3.185292e-006,-0.001915989
3.187292e-006,0.0016133297
3.189292e-006,-0.0023865649
3.191292e-006,0.00020160222
3.193292e-006,0.00095452355
3.195292e-006,0.0021309631
3.197292e-006,-0.0003160312
3.199292e-006,0.00095452355
3.201292e-006,0.0013780418
3.203292e-006,0.0046720726
3.205292e-006,-0.0037512348
3.207292e-006,0.0024603662
3.209292e-006,0.00067217805
3.211292e-006,0.0013309842
3.213292e-006,0.0010015811
3.215292e-006,-0.0003160312
3.217292e-006,0.0025074238
3.219292e-006,-0.0032336014
3.221292e-006,-0.004174753
3.223292e-006,0.0031191724
3.225292e-006,0.0014250994
3.227292e-006,6.0429466e-005
3.229292e-006,-0.0042688682
3.231292e-006,0.0002486598
3.233292e-006,0.0029309421
3.235292e-006,-0.0003160312
3.237292e-006,1.3371883e-005
3.239292e-006,-0.0003160312
3.241292e-006,0.0015662721
3.243292e-006,0.00029571738
3.245292e-006,0.00029571738
3.247292e-006,0.0018015601
3.249292e-006,0.00090746597
3.251292e-006,-0.0012101253
3.253292e-006,-0.00055131912
3.255292e-006,0.0050955909
3.257292e-006,0.00029571738
3.259292e-006,-0.0010689525
3.261292e-006,0.0002486598
3.263292e-006,0.0005310053
3.265292e-006,0.00038983255
3.267292e-006,0.0010486387
3.269292e-006,0.0011427539
3.271292e-006,-0.001586586
3.273292e-006,-0.00017485845
3.275292e-006,0.0031191724
3.277292e-006,-0.00078660704
3.279292e-006,-0.00017485845
3.281292e-006,-3.3685701e-005
3.283292e-006,0.0015662721
3.285292e-006,-0.00022191603
3.287292e-006,0.0038250361
3.289292e-006,0.0023191935
3.291292e-006,-0.00083366462
3.293292e-006,0.0014250994
3.295292e-006,0.003730921
3.297292e-006,-0.0016807011
3.299292e-006,-0.001586586
3.301292e-006,-8.0743284e-005
3.303292e-006,0.0034956331
3.305292e-006,-0.0012101253
3.307292e-006,0.00057806288
3.309292e-006,0.0030250572
3.311292e-006,-0.001021895
3.313292e-006,0.00090746597
3.315292e-006,-0.00026897362
3.317292e-006,0.0022721359
3.319292e-006,-0.00064543429
3.321292e-006,-0.0020101042
3.323292e-006,0.00043689013
3.325292e-006,0.0027897693
3.327292e-006,6.0429466e-005
3.329292e-006,-0.0003160312
3.331292e-006,-0.0011160101
3.333292e-006,-0.0013042405
3.335292e-006,0.00086040838
3.337292e-006,0.00038983255
3.339292e-006,0.0041073816
3.341292e-006,0.00071923563
3.343292e-006,-0.00017485845
3.345292e-006,0.00029571738
3.347292e-006,-0.0008807222
3.349292e-006,0.00010748705
3.351292e-006,-0.0005983767
3.353292e-006,0.0012839266
3.355292e-006,0.0019427328
3.357292e-006,0.0029779996
3.359292e-006,-0.00248068
3.361292e-006,0.0019427328
3.363292e-006,0.0021309631
3.365292e-006,-3.3685701e-005
3.367292e-006,0.00048394772
3.369292e-006,0.00057806288
3.371292e-006,-0.00026897362
3.373292e-006,0.00015454463
3.375292e-006,0.0010015811
3.377292e-006,0.00057806288
3.379292e-006,1.3371883e-005
3.381292e-006,0.0011427539
3.383292e-006,0.00071923563
3.385292e-006,0.0024133086
3.387292e-006,0.0025544814
3.389292e-006,-0.00036308878
3.391292e-006,0.0013309842
3.393292e-006,-0.0034218317
3.395292e-006,0.0011898115
3.397292e-006,0.0011427539
3.399292e-006,0.00057806288
3.401292e-006,0.0025544814
3.403292e-006,-0.00017485845
3.405292e-006,-0.00022191603
3.407292e-006,0.0014250994
3.409292e-006,0.00067217805
3.411292e-006,0.0053308788
3.413292e-006,0.0018956752
3.415292e-006,-0.0020101042
3.417292e-006,-0.00069249187
3.419292e-006,0.002036848
3.421292e-006,0.0026956541
3.423292e-006,-0.0013042405
3.425292e-006,0.0015192146
3.427292e-006,-0.00026897362
3.429292e-006,-0.00041014637
3.431292e-006,0.0018956752
3.433292e-006,-0.00078660704
3.435292e-006,0.0015662721
3.437292e-006,0.0021309631
3.439292e-006,0.0018015601
3.441292e-006,-0.00022191603
3.443292e-006,-0.0023865649
3.445292e-006,0.0036838634
3.447292e-006,-0.00050426153
3.449292e-006,-0.00012780087
3.451292e-006,0.0023191935
3.453292e-006,0.002036848
3.455292e-006,0.0010486387
3.457292e-006,0.00086040838
3.459292e-006,0.0011427539
3.461292e-006,1.3371883e-005
3.463292e-006,0.0024603662
3.465292e-006,-0.0010689525
3.467292e-006,0.001472157
3.469292e-006,0.00015454463
3.471292e-006,0.00038983255
3.473292e-006,0.00015454463
3.475292e-006,0.00038983255
3.477292e-006,-0.0014924708
3.479292e-006,0.00071923563
3.481292e-006,0.0017074449
3.483292e-006,-0.00017485845
3.485292e-006,0.0017074449
3.487292e-006,0.00043689013
3.489292e-006,0.00076629322
3.491292e-006,0.00090746597
3.493292e-006,0.0005310053
3.495292e-006,0.0018956752
3.497292e-006,-0.00012780087
3.499292e-006,0.00057806288
3.501292e-006,0.00071923563
3.503292e-006,-0.00064543429
3.505292e-006,-0.0014454132
3.507292e-006,0.0019427328
3.509292e-006,0.002601539
3.511292e-006,-0.00036308878
3.513292e-006,-0.0010689525
3.515292e-006,0.00015454463
3.517292e-006,-0.00041014637
3.519292e-006,-0.0005983767
3.521292e-006,0.0037779786
3.523292e-006,0.0030250572
3.525292e-006,0.002601539
3.527292e-006,0.0012368691
3.529292e-006,-0.0045982713
3.531292e-006,0.0013309842
3.533292e-006,0.0035426906
3.535292e-006,0.0014250994
3.537292e-006,-8.0743284e-005
3.539292e-006,-0.00017485845
3.541292e-006,0.00020160222
3.543292e-006,0.0010486387
3.545292e-006,0.0031191724
3.547292e-006,-0.0031865438
3.549292e-006,0.0023191935
3.551292e-006,-0.0014454132
3.553292e-006,0.0018486176
3.555292e-006,0.0017074449
3.557292e-006,0.0023662511
3.559292e-006,-0.0018218739
3.561292e-006,0.0033544603
3.563292e-006,-0.0008807222
3.565292e-006,-0.00012780087
3.567292e-006,0.0030721148
3.569292e-006,-8.0743284e-005
3.571292e-006,0.0019897904
3.573292e-006,-0.0023395073
3.575292e-006,-0.0013983556
3.577292e-006,0.0010486387
3.579292e-006,-0.0016336435
3.581292e-006,0.00071923563
3.583292e-006,-0.0022453921
3.585292e-006,0.0022250783
3.587292e-006,0.00076629322
3.589292e-006,0.00020160222
3.591292e-006,0.0013309842
3.593292e-006,-0.0012101253
3.595292e-006,0.0014250994
3.597292e-006,-0.0019630466
3.599292e-006,0.0037779786
3.601292e-006,-0.00012780087
3.603292e-006,0.0017074449
3.605292e-006,0.00038983255
3.607292e-006,0.0017074449
3.609292e-006,0.00090746597
3.611292e-006,-0.00055131912
3.613292e-006,-0.00073954945
3.615292e-006,0.0017074449
3.617292e-006,0.0019427328
3.619292e-006,0.00067217805
3.621292e-006,-0.0005983767
3.623292e-006,0.0010486387
3.625292e-006,0.00048394772
3.627292e-006,-0.00050426153
3.629292e-006,0.0026485966
3.631292e-006,0.00071923563
3.633292e-006,0.00029571738
3.635292e-006,0.00020160222
3.637292e-006,-0.00078660704
3.639292e-006,0.0061779153
3.641292e-006,-0.00045720395
3.643292e-006,0.00090746597
3.645292e-006,0.002601539
3.647292e-006,-0.0015395284
3.649292e-006,-0.00036308878
3.651292e-006,0.0042014968
3.653292e-006,-0.00050426153
3.655292e-006,-0.0003160312
3.657292e-006,0.0010956963
3.659292e-006,0.0002486598
3.661292e-006,0.0011898115
3.663292e-006,0.00034277497
3.665292e-006,0.0008133508
3.667292e-006,-0.0033747741
3.669292e-006,-0.0003160312
3.671292e-006,0.001472157
3.673292e-006,0.0022721359
3.675292e-006,0.0012368691
3.677292e-006,-0.0011630677
3.679292e-006,0.0002486598
3.681292e-006,0.0018486176
3.683292e-006,-0.00012780087
3.685292e-006,-0.00017485845
3.687292e-006,0.0017074449
3.689292e-006,-0.0014454132
3.691292e-006,0.0034485755
3.693292e-006,-0.00045720395
3.695292e-006,0.0030250572
3.697292e-006,-0.00073954945
3.699292e-006,0.00071923563
3.701292e-006,-0.00078660704
3.703292e-006,0.0011427539
3.705292e-006,0.0027897693
3.707292e-006,0.0010486387
3.709292e-006,0.0013309842
3.711292e-006,-0.00022191603
3.713292e-006,0.00038983255
3.715292e-006,-0.00036308878
3.717292e-006,-8.0743284e-005
3.719292e-006,0.0050955909
3.721292e-006,0.0017545025
3.723292e-006,-0.001586586
3.725292e-006,1.3371883e-005
3.727292e-006,0.0010956963
3.729292e-006,0.00071923563
3.731292e-006,-0.00036308878
3.733292e-006,0.0010015811
3.735292e-006,0.0010956963
3.737292e-006,0.0028838845
3.739292e-006,0.001472157
3.741292e-006,-0.0020571618
3.743292e-006,0.0018486176
3.745292e-006,-0.00092777979
3.747292e-006,0.0022250783
3.749292e-006,0.00034277497
3.751292e-006,0.00076629322
3.753292e-006,-0.0011630677
3.755292e-006,0.00029571738
3.757292e-006,0.002601539
3.759292e-006,-0.0023395073
3.761292e-006,0.0015192146
3.763292e-006,1.3371883e-005
3.765292e-006,0.0022721359
3.767292e-006,0.0023662511
3.769292e-006,-0.00055131912
3.771292e-006,0.00076629322
3.773292e-006,-0.00097483737
3.775292e-006,0.00076629322
3.777292e-006,-8.0743284e-005
3.779292e-006,-0.00022191603
3.781292e-006,-0.0031865438
3.783292e-006,0.0026956541
3.785292e-006,0.00010748705
3.787292e-006,0.0010015811
3.789292e-006,-0.0032336014
3.791292e-006,0.0018956752
3.793292e-006,0.001472157
3.795292e-006,-0.0011160101
3.797292e-006,-0.0015395284
3.799292e-006,0.0012368691
3.801292e-006,0.00071923563
3.803292e-006,-0.00083366462
3.805292e-006,0.0044838423
3.807292e-006,-0.0023395073
3.809292e-006,-0.0013042405
3.811292e-006,-0.0003160312
3.813292e-006,0.00062512047
3.815292e-006,0.0018486176
3.817292e-006,0.0029309421
3.819292e-006,-0.00041014637
3.821292e-006,0.0018015601
3.823292e-006,-0.00022191603
3.825292e-006,0.0015192146
3.827292e-006,-0.00097483737
3.829292e-006,-0.0014454132
3.831292e-006,-0.00092777979
3.833292e-006,0.0021780207
3.835292e-006,0.0013309842
3.837292e-006,0.0037779786
3.839292e-006,-0.00069249187
3.841292e-006,6.0429466e-005
3.843292e-006,0.0022721359
3.845292e-006,0.00043689013
3.847292e-006,-0.0012101253
3.849292e-006,-0.0013983556
3.851292e-006,-0.00069249187
3.853292e-006,0.0014250994
3.855292e-006,-8.0743284e-005
3.857292e-006,0.0005310053
3.859292e-006,-0.00092777979
3.861292e-006,0.0046720726
3.863292e-006,-0.001021895
3.865292e-006,0.00086040838
3.867292e-006,0.00076629322
3.869292e-006,-0.0012571829
3.871292e-006,-0.0011160101
3.873292e-006,0.0031191724
3.875292e-006,-0.0012101253
3.877292e-006,-0.0021042194
3.879292e-006,-0.0026218528
3.881292e-006,0.0034485755
3.883292e-006,-0.00017485845
3.885292e-006,0.00010748705
3.887292e-006,0.0024133086
3.889292e-006,0.0025544814
3.891292e-006,0.0018015601
3.893292e-006,-0.0016807011
3.895292e-006,0.00062512047
3.897292e-006,0.0018015601
3.899292e-006,-0.0012101253
3.901292e-006,0.0027897693
3.903292e-006,-0.0021983345
3.905292e-006,0.00020160222
3.907292e-006,0.00090746597
3.909292e-006,0.0042485544
3.911292e-006,0.00067217805
3.913292e-006,-0.001021895
3.915292e-006,0.00015454463
3.917292e-006,-0.0027630255
3.919292e-006,0.003730921
3.921292e-006,-0.00045720395
3.923292e-006,-0.00248068
3.925292e-006,0.00076629322
3.927292e-006,-0.00092777979
3.929292e-006,-0.0050688471
3.931292e-006,0.0040132665
3.933292e-006,0.00062512047
3.935292e-006,0.0005310053
3.937292e-006,0.0005310053
3.939292e-006,0.0010956963
3.941292e-006,0.002601539
3.943292e-006,-0.0012571829
3.945292e-006,0.0019897904
3.947292e-006,-0.0018218739
3.949292e-006,0.0012368691
3.951292e-006,6.0429466e-005
3.953292e-006,0.0008133508
3.955292e-006,0.0016133297
3.957292e-006,-0.00078660704
3.959292e-006,0.0025074238
3.961292e-006,0.0023662511
3.963292e-006,0.0043426696
3.965292e-006,-0.002151277
3.967292e-006,0.00010748705
3.969292e-006,0.0014250994
3.971292e-006,-0.0016807011
3.973292e-006,0.0029779996
3.975292e-006,-0.00083366462
3.977292e-006,0.0029309421
3.979292e-006,1.3371883e-005
3.981292e-006,0.0012368691
3.983292e-006,-0.0011160101
3.985292e-006,0.0018956752
3.987292e-006,0.0016133297
3.989292e-006,-3.3685701e-005
3.991292e-006,0.00043689013
3.993292e-006,-0.0011630677
3.995292e-006,-0.0022924497
3.997292e-006,0.002601539
3.999292e-006,-0.00097483737
4.001292e-006,-0.0029983135
4.003292e-006,0.004295612
4.005292e-006,0.0028838845
4.007292e-006,0.0013309842
4.009292e-006,-0.0022453921
4.011292e-006,-0.00248068
4.013292e-006,0.0016603873
4.015292e-006,-0.00069249187
4.017292e-006,0.0010956963
4.019292e-006,0.0011898115
4.021292e-006,0.0021780207
4.023292e-006,6.0429466e-005
4.025292e-006,-0.0019630466
4.027292e-006,0.0012839266
4.029292e-006,0.0012839266
4.031292e-006,0.002036848
4.033292e-006,-0.0024336225
4.035292e-006,0.0016133297
4.037292e-006,-0.0008807222
4.039292e-006,0.0013309842
4.041292e-006,0.00067217805
4.043292e-006,-0.0028571407
4.045292e-006,0.0016133297
4.047292e-006,-0.00064543429
4.049292e-006,-0.001351298
4.051292e-006,0.00038983255
4.053292e-006,0.0027427117
4.055292e-006,-0.00041014637
4.057292e-006,0.0015662721
4.059292e-006,-3.3685701e-005
4.061292e-006,0.00029571738
4.063292e-006,0.0015192146
4.065292e-006,-0.002151277
4.067292e-006,0.0016603873
4.069292e-006,0.0018956752
4.071292e-006,-0.0021983345
4.073292e-006,0.0028368269
4.075292e-006,0.00067217805
4.077292e-006,0.0024603662
4.079292e-006,-0.0015395284
4.081292e-006,-0.00078660704
4.083292e-006,-0.00026897362
4.085292e-006,0.0010956963
4.087292e-006,0.0041073816
4.089292e-006,-0.0023865649
4.091292e-006,0.0034485755
4.093292e-006,0.0023191935
4.095292e-006,-0.0013042405
4.097292e-006,0.00062512047
4.099292e-006,0.001472157
4.101292e-006,-0.001351298
4.103292e-006,0.002601539
4.105292e-006,0.00010748705
4.107292e-006,0.0013780418
4.109292e-006,-0.0014924708
4.111292e-006,0.0045308999
4.113292e-006,-0.00045720395
4.115292e-006,0.0021780207
4.117292e-006,-0.0021042194
4.119292e-006,0.0023662511
4.121292e-006,-0.0018218739
4.123292e-006,-0.00022191603
4.125292e-006,0.0011898115
4.127292e-006,0.0011898115
4.129292e-006,0.00010748705
4.131292e-006,0.00034277497
4.133292e-006,0.00095452355
4.135292e-006,0.00086040838
4.137292e-006,0.00038983255
4.139292e-006,-0.00017485845
4.141292e-006,0.00038983255
4.143292e-006,0.00010748705
4.145292e-006,0.0030721148
4.147292e-006,0.0027897693
4.149292e-006,-0.00045720395
4.151292e-006,-0.00045720395
4.153292e-006,-0.0029512559
4.155292e-006,-0.00026897362
4.157292e-006,0.00076629322
4.159292e-006,0.00043689013
4.161292e-006,0.0030250572
4.163292e-006,0.00062512047
4.165292e-006,-0.001351298
4.167292e-006,0.0035426906
4.169292e-006,-0.0039394651
4.171292e-006,0.00057806288
4.173292e-006,0.00090746597
4.175292e-006,-0.00026897362
4.177292e-006,0.0026485966
4.179292e-006,-0.0015395284
4.181292e-006,0.00071923563
4.183292e-006,-0.0003160312
4.185292e-006,0.00010748705
4.187292e-006,0.0025074238
4.189292e-006,-0.00092777979
4.191292e-006,-0.00026897362
4.193292e-006,-0.0011160101
4.195292e-006,0.0040132665
4.197292e-006,0.0013309842
4.199292e-006,-0.0005983767
4.201292e-006,-0.0029983135
4.203292e-006,0.00048394772
4.205292e-006,0.0020839056
4.207292e-006,0.0011427539
4.209292e-006,0.001472157
4.211292e-006,-0.0022453921
4.213292e-006,0.0013309842
4.215292e-006,0.00015454463
4.217292e-006,0.0016133297
4.219292e-006,0.00010748705
4.221292e-006,0.0036368058
4.223292e-006,-0.0022453921
4.225292e-006,0.00316623
4.227292e-006,-0.00017485845
4.229292e-006,0.00071923563
4.231292e-006,0.00029571738
4.233292e-006,0.001472157
4.235292e-006,-0.0020571618
4.237292e-006,0.00090746597
4.239292e-006,-0.0016336435
4.241292e-006,0.00316623
4.243292e-006,-0.0013042405
4.245292e-006,0.0011427539
4.247292e-006,0.0010956963
4.249292e-006,0.00076629322
4.251292e-006,0.0008133508
4.253292e-006,-0.001351298
4.255292e-006,0.00076629322
4.257292e-006,0.0029309421
4.259292e-006,-0.00017485845
4.261292e-006,-0.00055131912
4.263292e-006,0.0024603662
4.265292e-006,0.0011898115
4.267292e-006,0.00038983255
4.269292e-006,0.0005310053
4.271292e-006,-0.00064543429
4.273292e-006,-0.00045720395
4.275292e-006,0.0008133508
4.277292e-006,-0.0018218739
4.279292e-006,0.0015662721
4.281292e-006,-0.0008807222
4.283292e-006,0.0012839266
4.285292e-006,0.0015192146
4.287292e-006,-0.0010689525
4.289292e-006,0.0015192146
4.291292e-006,-0.00022191603
4.293292e-006,0.0024133086
4.295292e-006,-0.0005983767
4.297292e-006,0.0017074449
4.299292e-006,1.3371883e-005
4.301292e-006,0.0010486387
4.303292e-006,-0.0012571829
4.305292e-006,-0.00083366462
4.307292e-006,0.0034956331
4.309292e-006,-0.00026897362
4.311292e-006,0.0017074449
4.313292e-006,0.00316623
4.315292e-006,-0.0020101042
4.317292e-006,0.0013780418
4.319292e-006,0.0012839266
4.321292e-006,-0.0003160312
4.323292e-006,-0.001351298
4.325292e-006,0.0040603241
4.327292e-006,-0.0028571407
4.329292e-006,0.00090746597
4.331292e-006,0.0010486387
4.333292e-006,-0.00078660704
4.335292e-006,0.0017545025
4.337292e-006,-0.0012101253
4.339292e-006,-0.003610062
4.341292e-006,0.00029571738
4.343292e-006,0.0015192146
4.345292e-006,-0.0003160312
4.347292e-006,0.0025544814
4.349292e-006,0.00020160222
4.351292e-006,-0.00026897362
4.353292e-006,0.00076629322
4.355292e-006,-0.0020571618
4.357292e-006,0.0028838845
4.359292e-006,-0.0012101253
4.361292e-006,0.0011898115
4.363292e-006,-0.00064543429
4.365292e-006,0.0013309842
4.367292e-006,0.00071923563
4.369292e-006,0.00029571738
4.371292e-006,-0.002151277
4.373292e-006,-0.0011160101
4.375292e-006,-0.0011630677
4.377292e-006,-0.00097483737
4.379292e-006,0.0047661878
4.381292e-006,0.00029571738
4.383292e-006,0.0005310053
4.385292e-006,-0.00083366462
4.387292e-006,0.0013309842
4.389292e-006,0.0008133508
4.391292e-006,0.0023191935
4.393292e-006,-0.0026689104
4.395292e-006,0.0018956752
4.397292e-006,0.0033544603
4.399292e-006,-0.0012101253
4.401292e-006,-0.00022191603
4.403292e-006,-0.00069249187
4.405292e-006,0.0019897904
4.407292e-006,0.00010748705
4.409292e-006,-3.3685701e-005
4.411292e-006,0.0038250361
4.413292e-006,0.0022721359
4.415292e-006,0.0010956963
4.417292e-006,0.0010956963
4.419292e-006,0.00076629322
4.421292e-006,0.00095452355
4.423292e-006,0.0016133297
4.425292e-006,0.0010956963
4.427292e-006,-0.00022191603
4.429292e-006,0.002036848
4.431292e-006,-0.0022453921
4.433292e-006,0.0019427328
4.435292e-006,0.0013309842
4.437292e-006,-3.3685701e-005
4.439292e-006,0.00057806288
4.441292e-006,0.001472157
4.443292e-006,0.0017545025
4.445292e-006,-0.002151277
4.447292e-006,-0.0014924708
4.449292e-006,0.0023191935
4.451292e-006,0.0033074027
4.453292e-006,-0.0005983767
4.455292e-006,0.0032603451
4.457292e-006,-0.0035159469
4.459292e-006,-0.0032336014
4.461292e-006,0.001472157
4.463292e-006,0.0018956752
4.465292e-006,0.00090746597
4.467292e-006,0.0015192146
4.469292e-006,-0.001021895
4.471292e-006,-0.0013042405
4.473292e-006,0.00038983255
4.475292e-006,0.0025544814
4.477292e-006,0.00034277497
4.479292e-006,0.0017074449
4.481292e-006,-0.0013042405
4.483292e-006,-0.0028571407
4.485292e-006,0.0032603451
4.487292e-006,0.0013309842
4.489292e-006,-0.0016336435
4.491292e-006,0.00020160222
4.493292e-006,0.00038983255
4.495292e-006,0.0021780207
4.497292e-006,0.0015662721
4.499292e-006,-0.00069249187
4.501292e-006,0.0013780418
4.503292e-006,0.0012368691
4.505292e-006,1.3371883e-005
4.507292e-006,0.00029571738
4.509292e-006,0.00038983255
4.511292e-006,-0.0014454132
4.513292e-006,-0.00050426153
4.515292e-006,-0.00050426153
4.517292e-006,-0.00012780087
4.519292e-006,0.0008133508
4.521292e-006,0.0025074238
4.523292e-006,0.0019427328
4.525292e-006,-0.00078660704
4.527292e-006,0.00062512047
4.529292e-006,-0.001586586
4.531292e-006,-0.0033277165
4.533292e-006,-0.00078660704
4.535292e-006,0.0028838845
4.537292e-006,0.0024603662
4.539292e-006,-0.00078660704
4.541292e-006,0.0010956963
4.543292e-006,0.00029571738
4.545292e-006,0.0015662721
4.547292e-006,0.0024603662
4.549292e-006,0.0033074027
4.551292e-006,-0.0027630255
4.553292e-006,0.0021309631
4.555292e-006,0.0010956963
4.557292e-006,0.00020160222
4.559292e-006,-0.00078660704
4.561292e-006,0.00057806288
4.563292e-006,-0.00017485845
4.565292e-006,-0.0014454132
4.567292e-006,0.00067217805
4.569292e-006,6.0429466e-005
4.571292e-006,-0.001351298
4.573292e-006,0.0042014968
4.575292e-006,-0.0020101042
4.577292e-006,0.0038250361
4.579292e-006,-0.00073954945
4.581292e-006,0.00038983255
4.583292e-006,0.00043689013
4.585292e-006,0.00057806288
4.587292e-006,-0.00248068
4.589292e-006,0.0043897271
4.591292e-006,-0.0026689104
4.593292e-006,0.0027427117
4.595292e-006,-0.0013042405
4.597292e-006,0.00067217805
4.599292e-006,0.00062512047
4.601292e-006,-0.0019630466
4.603292e-006,0.0005310053
4.605292e-006,0.00095452355
4.607292e-006,-0.0011630677
4.609292e-006,0.00071923563
4.611292e-006,-0.0010689525
4.613292e-006,-0.00073954945
4.615292e-006,-0.0010689525
4.617292e-006,0.00086040838
4.619292e-006,-0.0011630677
4.621292e-006,0.00090746597
4.623292e-006,0.004295612
4.625292e-006,0.00020160222
4.627292e-006,-0.00017485845
4.629292e-006,0.00029571738
4.631292e-006,-0.0020571618
4.633292e-006,0.0012368691
4.635292e-006,0.0027897693
4.637292e-006,-0.0016336435
4.639292e-006,-0.0017748163
4.641292e-006,0.00048394772
4.643292e-006,0.0017545025
4.645292e-006,-0.0016336435
4.647292e-006,0.0018956752
4.649292e-006,0.0036368058
4.651292e-006,-0.00050426153
4.653292e-006,0.0010956963
4.655292e-006,-0.00092777979
4.657292e-006,-0.0010689525
4.659292e-006,0.00043689013
4.661292e-006,0.0032132876
4.663292e-006,-0.0047865016
4.665292e-006,0.0045308999
4.667292e-006,0.0016603873
4.669292e-006,-0.0016807011
4.671292e-006,0.00316623
4.673292e-006,1.3371883e-005
4.675292e-006,0.00086040838
4.677292e-006,0.00043689013
4.679292e-006,-0.00069249187
4.681292e-006,-0.00050426153
4.683292e-006,0.00048394772
4.685292e-006,0.00038983255
4.687292e-006,0.0014250994
4.689292e-006,0.0010956963
4.691292e-006,0.0005310053
4.693292e-006,-0.0016336435
4.695292e-006,-0.001351298
4.697292e-006,0.002036848
4.699292e-006,0.0019427328
4.701292e-006,-0.0016336435
4.703292e-006,0.0017545025
4.705292e-006,0.0018956752
4.707292e-006,0.00095452355
4.709292e-006,-0.0013042405
4.711292e-006,0.0010015811
4.713292e-006,-0.0018689315
4.715292e-006,0.0039191513
4.717292e-006,0.0044367847
4.719292e-006,-0.0026689104
4.721292e-006,-0.0030924286
4.723292e-006,0.0018015601
4.725292e-006,0.0025544814
4.727292e-006,0.00076629322
4.729292e-006,6.0429466e-005
4.731292e-006,0.00048394772
4.733292e-006,-0.00092777979
4.735292e-006,0.0043897271
4.737292e-006,1.3371883e-005
4.739292e-006,-0.00045720395
4.741292e-006,-0.0005983767
4.743292e-006,0.00086040838
4.745292e-006,0.0041544392
4.747292e-006,0.0018015601
4.749292e-006,0.00029571738
4.751292e-006,0.0049073606
4.753292e-006,-0.0028100831
4.755292e-006,6.0429466e-005
4.757292e-006,-0.0011160101
4.759292e-006,0.0016603873
4.761292e-006,-0.00012780087
4.763292e-006,0.0024603662
4.765292e-006,-0.00045720395
4.767292e-006,-0.0029041983
4.769292e-006,6.0429466e-005
4.771292e-006,0.0021309631
4.773292e-006,0.0010015811
4.775292e-006,-0.0016807011
4.777292e-006,0.00057806288
4.779292e-006,0.00316623
4.781292e-006,0.0016603873
4.783292e-006,0.00010748705
4.785292e-006,-0.001915989
4.787292e-006,0.0040132665
4.789292e-006,-0.0023395073
4.791292e-006,0.0020839056
4.793292e-006,0.00071923563
4.795292e-006,-0.001586586
4.797292e-006,0.00076629322
4.799292e-006,0.0017074449
4.801292e-006,0.0024133086
4.803292e-006,0.00071923563
4.805292e-006,-0.001351298
4.807292e-006,0.0016603873
4.809292e-006,0.0017545025
4.811292e-006,-0.0028100831
4.813292e-006,0.0015662721
4.815292e-006,-3.3685701e-005
4.817292e-006,0.00062512047
4.819292e-006,0.0012368691
4.821292e-006,0.0002486598
4.823292e-006,0.0030250572
4.825292e-006,0.0011427539
4.827292e-006,-0.00078660704
4.829292e-006,1.3371883e-005
4.831292e-006,0.00010748705
4.833292e-006,1.3371883e-005
4.835292e-006,-0.0005983767
4.837292e-006,0.00086040838
4.839292e-006,-0.00017485845
4.841292e-006,0.0008133508
4.843292e-006,0.0020839056
4.845292e-006,0.00015454463
4.847292e-006,0.0005310053
4.849292e-006,0.0028368269
4.851292e-006,-0.0003160312
4.853292e-006,-0.0005983767
4.855292e-006,0.00010748705
4.857292e-006,-0.0005983767
4.859292e-006,-0.0003160312
4.861292e-006,0.00057806288
4.863292e-006,0.0031191724
4.865292e-006,0.0015662721
4.867292e-006,-0.00097483737
4.869292e-006,0.00071923563
4.871292e-006,0.0022721359
4.873292e-006,-0.00092777979
4.875292e-006,1.3371883e-005
4.877292e-006,0.0040603241
4.879292e-006,-0.00097483737
4.881292e-006,0.0050955909
4.883292e-006,0.0013780418
4.885292e-006,-0.00055131912
4.887292e-006,0.0012368691
4.889292e-006,0.00048394772
4.891292e-006,-0.0005983767
4.893292e-006,0.00316623
4.895292e-006,-0.00017485845
4.897292e-006,-0.0019630466
4.899292e-006,-0.00022191603
4.901292e-006,0.0016603873
4.903292e-006,-0.00069249187
4.905292e-006,0.00095452355
4.907292e-006,0.0029779996
4.909292e-006,0.0021309631
4.911292e-006,-0.00097483737
4.913292e-006,-0.00022191603
4.915292e-006,0.0010486387
4.917292e-006,-0.001351298
4.919292e-006,0.001472157
4.921292e-006,0.0021780207
4.923292e-006,0.00043689013
4.925292e-006,-0.0023395073
4.927292e-006,0.0018015601
4.929292e-006,-0.00055131912
4.931292e-006,0.0010015811
4.933292e-006,-0.0003160312
4.935292e-006,0.00067217805
4.937292e-006,0.0025074238
4.939292e-006,0.00010748705
4.941292e-006,0.00010748705
4.943292e-006,0.00029571738
4.945292e-006,0.0017545025
4.947292e-006,-3.3685701e-005
4.949292e-006,-0.0022453921
4.951292e-006,0.0019427328
4.953292e-006,-0.0022453921
4.955292e-006,-0.00026897362
4.957292e-006,0.0011427539
4.959292e-006,0.0010486387
4.961292e-006,0.0012368691
4.963292e-006,0.0024133086
4.965292e-006,-0.00064543429
4.967292e-006,0.0027897693
4.969292e-006,0.0011898115
4.971292e-006,0.0018486176
4.973292e-006,-0.0010689525
4.975292e-006,-0.0003160312
4.977292e-006,0.00029571738
4.979292e-006,-0.00050426153
4.981292e-006,0.00095452355
4.983292e-006,0.0038250361
4.985292e-006,-0.00022191603
4.987292e-006,-3.3685701e-005
4.989292e-006,0.0026956541
4.991292e-006,-0.0020101042
4.993292e-006,0.0032132876
4.995292e-006,0.0030250572
4.997292e-006,-0.0014924708
4.999292e-006,-0.00069249187
5.001292e-006,0.0013309842
5.003292e-006,0.00062512047
5.005292e-006,-0.001586586
5.007292e-006,0.0015192146
5.009292e-006,0.0005310053
5.011292e-006,0.00090746597
5.013292e-006,0.00020160222
5.015292e-006,0.00029571738
5.017292e-006,0.0027427117
5.019292e-006,1.3371883e-005
5.021292e-006,0.0017074449
5.023292e-006,0.0021309631
5.025292e-006,-0.0039865227
5.027292e-006,0.00090746597
5.029292e-006,0.0038250361
5.031292e-006,1.3371883e-005
5.033292e-006,-0.00069249187
5.035292e-006,0.002601539
5.037292e-006,0.0041073816
5.039292e-006,-0.0051159047
5.041292e-006,-0.0026218528
5.043292e-006,0.002036848
5.045292e-006,0.0026956541
5.047292e-006,0.0014250994
5.049292e-006,0.00010748705
5.051292e-006,-0.0021042194
5.053292e-006,0.0024133086
5.055292e-006,-0.0018689315
5.057292e-006,0.0029309421
5.059292e-006,-0.0003160312
5.061292e-006,0.0030721148
5.063292e-006,-0.0010689525
5.065292e-006,0.00043689013
5.067292e-006,-0.00022191603
5.069292e-006,0.0017074449
5.071292e-006,0.0002486598
5.073292e-006,0.00067217805
5.075292e-006,0.0013309842
5.077292e-006,-0.0020101042
5.079292e-006,0.00086040838
5.081292e-006,0.00034277497
5.083292e-006,0.0018486176
5.085292e-006,-0.0011630677
5.087292e-006,0.0026485966
5.089292e-006,0.0011898115
5.091292e-006,0.00043689013
5.093292e-006,0.00020160222
5.095292e-006,0.0027427117
5.097292e-006,-0.00012780087
5.099292e-006,0.0010486387
5.101292e-006,0.0027897693
5.103292e-006,0.0023662511
5.105292e-006,-0.0040806379
5.107292e-006,-0.0012101253
5.109292e-006,0.0019427328
5.111292e-006,0.0017545025
5.113292e-006,0.00020160222
5.115292e-006,0.00071923563
5.117292e-006,-0.0010689525
5.119292e-006,0.0018015601
5.121292e-006,0.0002486598
5.123292e-006,0.00043689013
5.125292e-006,0.002036848
5.127292e-006,-0.00036308878
5.129292e-006,0.0019897904
5.131292e-006,-0.0020571618
5.133292e-006,0.00038983255
5.135292e-006,0.0016133297
5.137292e-006,-0.00055131912
5.139292e-006,0.0008133508
5.141292e-006,-0.00045720395
5.143292e-006,0.0031191724
5.145292e-006,0.0016133297
5.147292e-006,-0.00017485845
5.149292e-006,0.0010956963
5.151292e-006,0.0030721148
5.153292e-006,-0.002715968
5.155292e-006,0.002036848
5.157292e-006,-0.0028571407
5.159292e-006,0.0027427117
5.161292e-006,0.0010015811
5.163292e-006,0.0041544392
5.165292e-006,0.0010956963
5.167292e-006,1.3371883e-005
5.169292e-006,0.00067217805
5.171292e-006,0.0005310053
5.173292e-006,0.0015662721
5.175292e-006,0.00034277497
5.177292e-006,-0.0036571196
5.179292e-006,0.0028368269
5.181292e-006,0.004295612
5.183292e-006,-0.0016336435
5.185292e-006,-0.00012780087
5.187292e-006,-0.0029512559
5.189292e-006,0.0013309842
5.191292e-006,-0.0042218106
5.193292e-006,0.0015192146
5.195292e-006,0.0014250994
5.197292e-006,-0.001351298
5.199292e-006,0.00067217805
5.201292e-006,-0.0054453078
5.203292e-006,0.0046720726
5.205292e-006,0.0011427539
5.207292e-006,0.00038983255
5.209292e-006,1.3371883e-005
5.211292e-006,0.00034277497
5.213292e-006,-0.00022191603
5.215292e-006,-0.00078660704
5.217292e-006,0.00029571738
5.219292e-006,0.0019897904
5.221292e-006,-0.0025747952
5.223292e-006,-0.00041014637
5.225292e-006,0.0053779364
5.227292e-006,-0.00073954945
5.229292e-006,0.0024603662
5.231292e-006,-0.0060570564
5.233292e-006,6.0429466e-005
5.235292e-006,0.0023191935
5.237292e-006,-0.00073954945
5.239292e-006,0.0018015601
5.241292e-006,-0.00017485845
5.243292e-006,-0.0017277587
5.245292e-006,0.00020160222
5.247292e-006,-3.3685701e-005
5.249292e-006,0.0016133297
5.251292e-006,0.0005310053
5.253292e-006,-0.0003160312
5.255292e-006,0.00062512047
5.257292e-006,-0.0011160101
5.259292e-006,-0.00041014637
5.261292e-006,-0.00050426153
5.263292e-006,0.0019897904
5.265292e-006,-0.0019630466
5.267292e-006,-0.00026897362
5.269292e-006,0.0016603873
5.271292e-006,0.00090746597
5.273292e-006,0.00010748705
5.275292e-006,-0.0012101253
5.277292e-006,-0.0021983345
5.279292e-006,0.0025544814
5.281292e-006,0.0020839056
5.283292e-006,-0.00050426153
5.285292e-006,-0.0031394862
5.287292e-006,0.0016133297
5.289292e-006,-0.0017277587
5.291292e-006,0.0016603873
5.293292e-006,-0.001351298
5.295292e-006,0.0002486598
5.297292e-006,0.00071923563
5.299292e-006,-0.0033747741
5.301292e-006,0.0034015179
5.303292e-006,0.0011427539
5.305292e-006,-0.0026218528
5.307292e-006,0.0038250361
5.309292e-006,-0.0025277376
5.311292e-006,0.0011898115
5.313292e-006,-0.0017277587
5.315292e-006,0.0019427328
5.317292e-006,0.0005310053
5.319292e-006,0.00020160222
5.321292e-006,0.0010486387
5.323292e-006,0.0021780207
5.325292e-006,0.00029571738
5.327292e-006,-0.00050426153
5.329292e-006,0.0022721359
5.331292e-006,0.00095452355
5.333292e-006,0.0008133508
5.335292e-006,-0.0056335381
5.337292e-006,0.0027427117
5.339292e-006,-0.00097483737
5.341292e-006,0.00067217805
5.343292e-006,0.00062512047
5.345292e-006,0.0041544392
5.347292e-006,-0.0041276955
5.349292e-006,-0.00050426153
5.351292e-006,-8.0743284e-005
5.353292e-006,-0.00073954945
5.355292e-006,0.0005310053
5.357292e-006,1.3371883e-005
5.359292e-006,0.0021309631
5.361292e-006,-0.0003160312
5.363292e-006,-0.0003160312
5.365292e-006,0.0035426906
5.367292e-006,-0.0036571196
5.369292e-006,0.00057806288
5.371292e-006,0.00062512047
5.373292e-006,-0.0028571407
5.375292e-006,0.0010015811
5.377292e-006,0.00057806288
5.379292e-006,0.00071923563
5.381292e-006,0.00020160222
5.383292e-006,6.0429466e-005
5.385292e-006,0.0026956541
5.387292e-006,1.3371883e-005
5.389292e-006,-0.00073954945
5.391292e-006,0.00043689013
5.393292e-006,0.0002486598
5.395292e-006,0.0015662721
5.397292e-006,0.0002486598
5.399292e-006,-0.00036308878
5.401292e-006,-0.00045720395
5.403292e-006,0.00086040838
5.405292e-006,0.00062512047
5.407292e-006,0.0002486598
5.409292e-006,-0.00045720395
5.411292e-006,0.00062512047
5.413292e-006,-0.001915989
5.415292e-006,0.0015192146
5.417292e-006,0.0018015601
5.419292e-006,-0.00036308878
5.421292e-006,-0.0027630255
5.423292e-006,0.0041073816
5.425292e-006,-0.00045720395
5.427292e-006,-0.001351298
5.429292e-006,1.3371883e-005
5.431292e-006,0.0028838845
5.433292e-006,-0.00026897362
5.435292e-006,0.0008133508
5.437292e-006,0.0031191724
5.439292e-006,-0.0003160312
5.441292e-006,-0.00050426153
5.443292e-006,-0.00083366462
5.445292e-006,0.0033544603
5.447292e-006,-0.0016807011
5.449292e-006,0.00095452355
5.451292e-006,0.0012368691
5.453292e-006,0.002601539
5.455292e-006,-0.0040335803
5.457292e-006,-0.00248068
5.459292e-006,-0.0012571829
5.461292e-006,0.0038720937
5.463292e-006,-0.00017485845
5.465292e-006,-0.00055131912
5.467292e-006,0.00029571738
5.469292e-006,-0.00022191603
5.471292e-006,-0.00078660704
5.473292e-006,0.0022721359
5.475292e-006,1.3371883e-005
5.477292e-006,-0.0017748163
5.479292e-006,0.0030721148
5.481292e-006,-0.0010689525
5.483292e-006,0.00090746597
5.485292e-006,-0.0033277165
5.487292e-006,0.0010956963
5.489292e-006,-0.00041014637
5.491292e-006,0.00034277497
5.493292e-006,-0.0027630255
5.495292e-006,0.0027427117
5.497292e-006,0.0010956963
5.499292e-006,-0.0014454132
5.501292e-006,0.0023191935
5.503292e-006,-0.0033277165
5.505292e-006,0.0032603451
5.507292e-006,-0.0018218739
5.509292e-006,0.0012839266
5.511292e-006,-0.0017748163
5.513292e-006,0.0013309842
5.515292e-006,-8.0743284e-005
5.517292e-006,-0.0008807222
5.519292e-006,0.0005310053
5.521292e-006,0.0019427328
5.523292e-006,0.0014250994
5.525292e-006,-0.0003160312
5.527292e-006,-0.00012780087
5.529292e-006,0.0023662511
5.531292e-006,0.0010486387
5.533292e-006,-0.0026689104
5.535292e-006,0.0010015811
5.537292e-006,0.0010486387
5.539292e-006,0.002036848
5.541292e-006,-8.0743284e-005
5.543292e-006,0.00010748705
5.545292e-006,0.0008133508
5.547292e-006,0.00086040838
5.549292e-006,0.0014250994
5.551292e-006,0.00029571738
5.553292e-006,0.00029571738
5.555292e-006,-0.001586586
5.557292e-006,0.0039662089
5.559292e-006,0.0018956752
5.561292e-006,-0.0013042405
5.563292e-006,-0.0015395284
5.565292e-006,0.0025544814
5.567292e-006,0.00086040838
5.569292e-006,-0.00022191603
5.571292e-006,-0.0008807222
5.573292e-006,0.0020839056
5.575292e-006,-0.0022453921
5.577292e-006,0.0018015601
5.579292e-006,-0.00012780087
5.581292e-006,0.0045779575
5.583292e-006,-0.004974732
5.585292e-006,0.002036848
5.587292e-006,-0.0034688893
5.589292e-006,0.00076629322
5.591292e-006,-0.00083366462
5.593292e-006,0.0011427539
5.595292e-006,0.002036848
5.597292e-006,0.0028368269
5.599292e-006,-0.0044570985
5.601292e-006,-0.001586586
5.603292e-006,0.0024603662
5.605292e-006,0.00062512047
5.607292e-006,-0.0018689315
5.609292e-006,0.0010956963
5.611292e-006,0.00062512047
5.613292e-006,0.0033544603
5.615292e-006,0.0002486598
5.617292e-006,0.00010748705
5.619292e-006,-0.0020101042
5.621292e-006,-0.00036308878
5.623292e-006,0.00076629322
5.625292e-006,0.00043689013
5.627292e-006,-0.00083366462
5.629292e-006,-3.3685701e-005
5.631292e-006,0.00038983255
5.633292e-006,0.00034277497
5.635292e-006,-0.00078660704
5.637292e-006,0.0044838423
5.639292e-006,-0.001021895
5.641292e-006,0.0012839266
5.643292e-006,-0.0005983767
5.645292e-006,0.0010956963
5.647292e-006,-0.00069249187
5.649292e-006,-0.00097483737
5.651292e-006,0.001472157
5.653292e-006,-0.00036308878
5.655292e-006,0.0021780207
5.657292e-006,0.00086040838
5.659292e-006,-0.0013042405
5.661292e-006,-0.00248068
5.663292e-006,0.0024603662
5.665292e-006,6.0429466e-005
5.667292e-006,0.00034277497
5.669292e-006,-0.0013983556
5.671292e-006,-0.00092777979
5.673292e-006,0.0015662721
5.675292e-006,0.00062512047
5.677292e-006,-0.00064543429
5.679292e-006,-0.00012780087
5.681292e-006,0.00090746597
5.683292e-006,-0.001586586
5.685292e-006,0.0042014968
5.687292e-006,-0.0005983767
5.689292e-006,0.0022721359
5.691292e-006,0.00038983255
5.693292e-006,-0.00097483737
5.695292e-006,0.0005310053
5.697292e-006,0.0011427539
5.699292e-006,0.001472157
5.701292e-006,0.0018486176
5.703292e-006,-0.0018218739
5.705292e-006,-0.00041014637
5.707292e-006,0.00062512047
5.709292e-006,0.0030250572
5.711292e-006,0.0012368691
5.713292e-006,0.0010956963
5.715292e-006,0.001472157
5.717292e-006,0.0016133297
5.719292e-006,0.00038983255
5.721292e-006,-0.002151277
5.723292e-006,0.0020839056
5.725292e-006,-0.00045720395
5.727292e-006,0.0030250572
5.729292e-006,-0.00041014637
5.731292e-006,-0.00036308878
5.733292e-006,0.00095452355
5.735292e-006,0.0018486176
5.737292e-006,-0.00064543429
5.739292e-006,-0.00073954945
5.741292e-006,0.0030250572
5.743292e-006,-0.001021895
5.745292e-006,-0.00050426153
5.747292e-006,0.0012368691
5.749292e-006,0.0029779996
5.751292e-006,-0.0008807222
5.753292e-006,-0.0023395073
5.755292e-006,1.3371883e-005
5.757292e-006,0.00020160222
5.759292e-006,0.00076629322
5.761292e-006,0.0005310053
5.763292e-006,-0.00064543429
5.765292e-006,-0.0029983135
5.767292e-006,0.0021309631
5.769292e-006,0.0042485544
5.771292e-006,1.3371883e-005
5.773292e-006,0.00034277497
5.775292e-006,0.00086040838
5.777292e-006,-0.00055131912
5.779292e-006,-0.0016336435
5.781292e-006,-0.00083366462
5.783292e-006,0.0036838634
5.785292e-006,0.0016133297
5.787292e-006,-0.00097483737
5.789292e-006,0.00020160222
5.791292e-006,-0.0039865227
5.793292e-006,0.0005310053
5.795292e-006,0.0002486598
5.797292e-006,0.00090746597
5.799292e-006,-0.0026218528
5.801292e-006,0.0017074449
5.803292e-006,0.0028838845
5.805292e-006,0.0002486598
5.807292e-006,-3.3685701e-005
5.809292e-006,-0.00026897362
5.811292e-006,0.00076629322
5.813292e-006,0.0018015601
5.815292e-006,-0.0016336435
5.817292e-006,0.0011898115
5.819292e-006,0.0008133508
5.821292e-006,-0.0021983345
5.823292e-006,0.0035897482
5.825292e-006,0.0029779996
5.827292e-006,-0.0046923865
5.829292e-006,0.00086040838
5.831292e-006,-0.00078660704
5.833292e-006,-0.0011630677
5.835292e-006,0.0025544814
5.837292e-006,-0.00017485845
5.839292e-006,-0.0047865016
5.841292e-006,0.0024133086
5.843292e-006,0.00071923563
5.845292e-006,0.00020160222
5.847292e-006,-0.00022191603
5.849292e-006,-0.0021983345
5.851292e-006,0.0023191935
5.853292e-006,0.00095452355
5.855292e-006,0.00020160222
5.857292e-006,-0.0016336435
5.859292e-006,0.0036838634
5.861292e-006,0.00020160222
5.863292e-006,0.00020160222
5.865292e-006,0.0010015811
5.867292e-006,-0.0022924497
5.869292e-006,-0.0033277165
5.871292e-006,0.0028368269
5.873292e-006,-0.00012780087
5.875292e-006,0.00029571738
5.877292e-006,0.0010956963
5.879292e-006,0.0019427328
5.881292e-006,-0.0025277376
5.883292e-006,0.00090746597
5.885292e-006,0.0015662721
5.887292e-006,0.00043689013
5.889292e-006,0.0024603662
5.891292e-006,0.0034015179
5.893292e-006,-0.0018689315
5.895292e-006,0.00071923563
5.897292e-006,-0.001351298
5.899292e-006,0.0015662721
5.901292e-006,-0.002715968
5.903292e-006,-0.00012780087
5.905292e-006,0.0026485966
5.907292e-006,0.0005310053
5.909292e-006,0.0033074027
5.911292e-006,-3.3685701e-005
5.913292e-006,-0.00055131912
5.915292e-006,0.0012368691
5.917292e-006,0.00038983255
5.919292e-006,0.00034277497
5.921292e-006,0.0018015601
5.923292e-006,-0.00045720395
5.925292e-006,0.00086040838
5.927292e-006,-0.0013983556
5.929292e-006,-0.0014454132
5.931292e-006,0.0023191935
5.933292e-006,-0.0008807222
5.935292e-006,-0.0012101253
5.937292e-006,0.0024603662
5.939292e-006,0.0028838845
5.941292e-006,-0.0013042405
5.943292e-006,-0.0008807222
5.945292e-006,0.0019427328
5.947292e-006,0.0019427328
5.949292e-006,-0.00055131912
5.951292e-006,-0.0005983767
5.953292e-006,0.00067217805
5.955292e-006,0.0016603873
5.957292e-006,-0.00064543429
5.959292e-006,0.00090746597
5.961292e-006,0.00010748705
5.963292e-006,0.0016133297
5.965292e-006,-0.0015395284
5.967292e-006,0.0005310053
5.969292e-006,-0.001351298
5.971292e-006,0.0028368269
5.973292e-006,-0.0022453921
5.975292e-006,-3.3685701e-005
5.977292e-006,0.0013309842
5.979292e-006,-0.00026897362
5.981292e-006,0.00062512047
5.983292e-006,0.0029779996
5.985292e-006,-0.0012101253
5.987292e-006,-0.00017485845
5.989292e-006,0.0019427328
5.991292e-006,-0.001021895
5.993292e-006,0.0010956963
5.995292e-006,-0.00055131912
5.997292e-006,-0.0029512559
5.999292e-006,0.0018015601
6.001292e-006,0.0035426906
6.003292e-006,0.0022721359
6.005292e-006,0.0005310053
6.007292e-006,0.0013309842
6.009292e-006,0.002036848
6.011292e-006,-0.00248068
6.013292e-006,0.0019427328
6.015292e-006,0.0018015601
6.017292e-006,-0.0022924497
6.019292e-006,0.00020160222
6.021292e-006,0.0028368269
6.023292e-006,-0.0022453921
6.025292e-006,0.0008133508
6.027292e-006,0.0005310053
6.029292e-006,-0.0037512348
6.031292e-006,0.0025074238
6.033292e-006,0.00015454463
6.035292e-006,0.0029309421
6.037292e-006,-0.00026897362
6.039292e-006,0.0011898115
6.041292e-006,0.0029309421
6.043292e-006,-0.0016336435
6.045292e-006,-0.0029512559
6.047292e-006,0.0030721148
6.049292e-006,0.00095452355
6.051292e-006,0.0015192146
6.053292e-006,0.00076629322
6.055292e-006,0.00067217805
6.057292e-006,0.0008133508
6.059292e-006,0.00010748705
6.061292e-006,-0.0008807222
6.063292e-006,0.0015192146
6.065292e-006,-8.0743284e-005
6.067292e-006,6.0429466e-005
6.069292e-006,0.00067217805
6.071292e-006,-0.00026897362
6.073292e-006,0.00062512047
6.075292e-006,1.3371883e-005
6.077292e-006,0.0042014968
6.079292e-006,-0.0025747952
6.081292e-006,0.0017545025
6.083292e-006,0.0025544814
6.085292e-006,0.00034277497
6.087292e-006,-0.0022924497
6.089292e-006,-0.00055131912
6.091292e-006,-3.3685701e-005
6.093292e-006,0.00071923563
6.095292e-006,0.0017545025
6.097292e-006,-0.00026897362
6.099292e-006,0.0014250994
6.101292e-006,0.00316623
6.103292e-006,-0.00073954945
6.105292e-006,0.00071923563
6.107292e-006,0.0005310053
6.109292e-006,-0.00064543429
6.111292e-006,-8.0743284e-005
6.113292e-006,0.0030250572
6.115292e-006,-0.003045371
6.117292e-006,6.0429466e-005
6.119292e-006,0.0029309421
6.121292e-006,-0.0030924286
6.123292e-006,0.0022250783
6.125292e-006,0.0012839266
6.127292e-006,-0.0022453921
6.129292e-006,0.0013780418
6.131292e-006,0.00029571738
6.133292e-006,0.00015454463
6.135292e-006,0.0023191935
6.137292e-006,0.00020160222
6.139292e-006,-0.00050426153
6.141292e-006,0.0016133297
6.143292e-006,-0.0008807222
6.145292e-006,-0.00022191603
6.147292e-006,-0.00036308878
6.149292e-006,0.0019427328
6.151292e-006,-0.0013042405
6.153292e-006,0.0017074449
6.155292e-006,-0.0005983767
6.157292e-006,0.00095452355
6.159292e-006,-8.0743284e-005
6.161292e-006,1.3371883e-005
6.163292e-006,0.00076629322
6.165292e-006,0.0035426906
6.167292e-006,-0.0020101042
6.169292e-006,0.0013309842
6.171292e-006,0.0032603451
6.173292e-006,-0.0026218528
6.175292e-006,0.0024133086
6.177292e-006,-0.00092777979
6.179292e-006,0.00034277497
6.181292e-006,0.00043689013
6.183292e-006,-0.0025277376
6.185292e-006,0.0030721148
6.187292e-006,0.0005310053
6.189292e-006,-0.001021895
6.191292e-006,-0.00017485845
6.193292e-006,-0.0017277587
6.195292e-006,0.0022721359
6.197292e-006,-0.0015395284
6.199292e-006,-0.001021895
6.201292e-006,0.0036838634
6.203292e-006,-0.00045720395
6.205292e-006,0.001472157
6.207292e-006,-0.00036308878
6.209292e-006,-0.0012571829
6.211292e-006,-0.0018218739
6.213292e-006,0.00015454463
6.215292e-006,0.0018486176
6.217292e-006,-0.00041014637
6.219292e-006,0.0034485755
6.221292e-006,-0.001021895
6.223292e-006,0.0015662721
6.225292e-006,-0.0029041983
6.227292e-006,0.00057806288
6.229292e-006,0.0010015811
6.231292e-006,0.0016133297
6.233292e-006,-0.0032336014
6.235292e-006,0.0036838634
6.237292e-006,-0.003045371
6.239292e-006,0.0025074238
6.241292e-006,-0.0011160101
6.243292e-006,0.0047191302
6.245292e-006,0.0010486387
6.247292e-006,0.00029571738
6.249292e-006,0.0016603873
6.251292e-006,0.00043689013
6.253292e-006,-0.00017485845
6.255292e-006,-0.0016336435
6.257292e-006,0.0031191724
6.259292e-006,-0.0013983556
6.261292e-006,0.0027897693
6.263292e-006,-0.00041014637
6.265292e-006,-0.0015395284
6.267292e-006,0.00048394772
6.269292e-006,6.0429466e-005
6.271292e-006,0.0022721359
6.273292e-006,-0.00097483737
6.275292e-006,0.0028368269
6.277292e-006,-0.00036308878
6.279292e-006,0.00071923563
6.281292e-006,-0.00384535
6.283292e-006,0.0032132876
6.285292e-006,-0.001586586
6.287292e-006,0.0019897904
6.289292e-006,0.0012839266
6.291292e-006,-0.0017277587
6.293292e-006,0.0017074449
6.295292e-006,-0.0026218528
6.297292e-006,0.0002486598
6.299292e-006,0.0020839056
6.301292e-006,-0.0005983767
6.303292e-006,-0.00092777979
6.305292e-006,0.00043689013
6.307292e-006,-0.001021895
6.309292e-006,0.001472157
6.311292e-006,-0.0017748163
6.313292e-006,0.0026485966
6.315292e-006,-0.00078660704
6.317292e-006,0.00020160222
6.319292e-006,0.0026485966
6.321292e-006,-0.001021895
6.323292e-006,0.0034956331
6.325292e-006,0.0012839266
6.327292e-006,-0.00092777979
6.329292e-006,-0.0008807222
6.331292e-006,0.001472157
6.333292e-006,0.0027897693
6.335292e-006,0.0008133508
6.337292e-006,-0.0037512348
6.339292e-006,0.0027427117
6.341292e-006,0.00043689013
6.343292e-006,-0.00045720395
6.345292e-006,0.0020839056
6.347292e-006,-0.0030924286
6.349292e-006,0.00090746597
6.351292e-006,-0.0022453921
6.353292e-006,-0.00022191603
6.355292e-006,0.0005310053
6.357292e-006,-0.00026897362
6.359292e-006,0.00020160222
6.361292e-006,-0.00069249187
6.363292e-006,0.0036368058
6.365292e-006,-0.00069249187
6.367292e-006,0.0016133297
6.369292e-006,-0.0017277587
6.371292e-006,-0.0013042405
6.373292e-006,0.0019427328
6.375292e-006,-0.00050426153
6.377292e-006,-0.0010689525
6.379292e-006,0.0023191935
6.381292e-006,-0.00041014637
6.383292e-006,0.0023191935
6.385292e-006,-0.0012571829
6.387292e-006,-0.0024336225
6.389292e-006,-3.3685701e-005
6.391292e-006,0.0025074238
6.393292e-006,0.00048394772
6.395292e-006,0.0012368691
6.397292e-006,0.00071923563
6.399292e-006,0.0021309631
6.401292e-006,-3.3685701e-005
6.403292e-006,-0.0032336014
6.405292e-006,0.0005310053
6.407292e-006,-0.00069249187
6.409292e-006,-0.0025277376
6.411292e-006,0.0028368269
6.413292e-006,-0.0027630255
6.415292e-006,0.0016133297
6.417292e-006,0.0015192146
6.419292e-006,-0.0010689525
6.421292e-006,-0.0023865649
6.423292e-006,0.0018956752
6.425292e-006,0.0031191724
6.427292e-006,0.0014250994
6.429292e-006,-0.0012571829
6.431292e-006,0.0023662511
6.433292e-006,0.00057806288
6.435292e-006,-0.0023865649
6.437292e-006,0.0027897693
6.439292e-006,-0.00073954945
6.441292e-006,0.0008133508
6.443292e-006,0.00048394772
6.445292e-006,0.00015454463
6.447292e-006,-0.0005983767
6.449292e-006,0.00038983255
6.451292e-006,0.0022721359
6.453292e-006,-0.0037512348
6.455292e-006,0.0025074238
6.457292e-006,-0.00064543429
6.459292e-006,0.0011898115
6.461292e-006,-0.0014454132
6.463292e-006,0.0005310053
6.465292e-006,-0.001915989
6.467292e-006,0.00076629322
6.469292e-006,0.0010956963
6.471292e-006,-0.0036571196
6.473292e-006,0.0027427117
6.475292e-006,-0.0008807222
6.477292e-006,-0.00050426153
6.479292e-006,0.00038983255
6.481292e-006,-0.00073954945
6.483292e-006,-3.3685701e-005
6.485292e-006,-0.00073954945
6.487292e-006,0.00010748705
6.489292e-006,-0.001586586
6.491292e-006,0.0029779996
6.493292e-006,0.0015662721
6.495292e-006,-0.0034218317
6.497292e-006,0.0012839266
6.499292e-006,0.0032603451
6.501292e-006,0.00062512047
6.503292e-006,0.0008133508
6.505292e-006,0.00020160222
6.507292e-006,-0.0023395073
6.509292e-006,-0.00041014637
6.511292e-006,0.0029309421
6.513292e-006,-0.0017748163
6.515292e-006,-0.00078660704
6.517292e-006,0.00010748705
6.519292e-006,0.0018956752
6.521292e-006,-0.00045720395
6.523292e-006,0.0032132876
6.525292e-006,-0.00248068
6.527292e-006,-0.00026897362
6.529292e-006,0.0013309842
6.531292e-006,0.0013309842
6.533292e-006,0.0021309631
6.535292e-006,0.0023662511
6.537292e-006,0.0022250783
6.539292e-006,-0.0025747952
6.541292e-006,0.0010486387
6.543292e-006,-0.00017485845
6.545292e-006,6.0429466e-005
6.547292e-006,0.0023662511
6.549292e-006,-0.003045371
6.551292e-006,0.0027427117
6.553292e-006,-0.00078660704
6.555292e-006,-0.0012571829
6.557292e-006,0.0010956963
6.559292e-006,0.0026956541
6.561292e-006,-0.002715968
6.563292e-006,0.0029309421
6.565292e-006,-0.0053511926
6.567292e-006,0.0010486387
6.569292e-006,0.0017074449
6.571292e-006,-0.00069249187
6.573292e-006,-0.0027630255
6.575292e-006,0.0032132876
6.577292e-006,-0.001586586
6.579292e-006,-0.0011630677
6.581292e-006,0.0021309631
6.583292e-006,0.0015662721
6.585292e-006,0.00038983255
6.587292e-006,-0.001021895
6.589292e-006,0.0035897482
6.591292e-006,-0.0021042194
6.593292e-006,0.0015662721
6.595292e-006,-0.00083366462
6.597292e-006,0.0019427328
6.599292e-006,-0.0014924708
6.601292e-006,0.0017545025
6.603292e-006,-0.0014924708
6.605292e-006,0.00020160222
6.607292e-006,0.0002486598
6.609292e-006,0.0010015811
6.611292e-006,0.0010015811
6.613292e-006,-0.0014454132
6.615292e-006,0.001472157
6.617292e-006,0.0042014968
6.619292e-006,-0.00026897362
6.621292e-006,1.3371883e-005
6.623292e-006,-8.0743284e-005
6.625292e-006,0.0012839266
6.627292e-006,0.0019427328
6.629292e-006,0.0021309631
6.631292e-006,-0.00078660704
6.633292e-006,0.00090746597
6.635292e-006,0.00020160222
6.637292e-006,-0.0018218739
6.639292e-006,0.0015192146
6.641292e-006,0.0018015601
6.643292e-006,0.00067217805
6.645292e-006,-0.001586586
6.647292e-006,0.0024603662
6.649292e-006,-0.0010689525
6.651292e-006,-0.00064543429
6.653292e-006,0.0022721359
6.655292e-006,-0.00036308878
6.657292e-006,-0.00069249187
6.659292e-006,0.00086040838
6.661292e-006,0.00010748705
6.663292e-006,-0.0015395284
6.665292e-006,-0.00017485845
6.667292e-006,0.0018015601
6.669292e-006,-0.0003160312
6.671292e-006,6.0429466e-005
6.673292e-006,0.003730921
6.675292e-006,0.0018486176
6.677292e-006,0.00020160222
6.679292e-006,0.00067217805
6.681292e-006,-0.0005983767
6.683292e-006,0.0012839266
6.685292e-006,0.0016603873
6.687292e-006,0.0022250783
6.689292e-006,-0.001586586
6.691292e-006,-0.0021983345
6.693292e-006,0.0028368269
6.695292e-006,0.0019427328
6.697292e-006,-0.0012101253
6.699292e-006,-0.00055131912
6.701292e-006,-0.0013983556
6.703292e-006,0.0017074449
6.705292e-006,0.0021309631
6.707292e-006,0.00029571738
6.709292e-006,-0.0029983135
6.711292e-006,0.0014250994
6.713292e-006,-0.00073954945
6.715292e-006,0.0019897904
6.717292e-006,-0.00050426153
6.719292e-006,0.00038983255
6.721292e-006,0.00062512047
6.723292e-006,0.00086040838
6.725292e-006,-0.0023865649
6.727292e-006,-0.00041014637
6.729292e-006,0.00038983255
6.731292e-006,0.0012368691
6.733292e-006,0.0002486598
6.735292e-006,0.00034277497
6.737292e-006,0.0024603662
6.739292e-006,-0.0017748163
6.741292e-006,-0.0035630045
6.743292e-006,0.00015454463
6.745292e-006,0.0030721148
6.747292e-006,-0.0008807222
6.749292e-006,0.0042014968
6.751292e-006,-0.001021895
6.753292e-006,-0.0021042194
6.755292e-006,0.0024133086
6.757292e-006,-0.001351298
6.759292e-006,0.0023662511
6.761292e-006,-0.0005983767
6.763292e-006,0.00015454463
6.765292e-006,0.00010748705
6.767292e-006,-0.00026897362
6.769292e-006,-0.00050426153
6.771292e-006,0.0005310053
6.773292e-006,-0.00055131912
6.775292e-006,0.0011898115
6.777292e-006,-0.0012101253
6.779292e-006,0.0034485755
6.781292e-006,0.0025544814
6.783292e-006,-0.0017748163
6.785292e-006,0.0010956963
6.787292e-006,0.00043689013
6.789292e-006,0.0015662721
6.791292e-006,-0.0005983767
6.793292e-006,-0.00045720395
6.795292e-006,-0.0013983556
6.797292e-006,0.00067217805
6.799292e-006,0.0012368691
6.801292e-006,-0.002151277
6.803292e-006,0.0023191935
6.805292e-006,0.0017545025
6.807292e-006,0.00010748705
6.809292e-006,-0.00064543429
6.811292e-006,0.001472157
6.813292e-006,-0.001351298
6.815292e-006,-0.00078660704
6.817292e-006,0.0036838634
6.819292e-006,-0.00073954945
6.821292e-006,-0.00092777979
6.823292e-006,-0.0033277165
6.825292e-006,0.0010015811
6.827292e-006,0.0021309631
6.829292e-006,-0.0020101042
6.831292e-006,0.0011898115
6.833292e-006,0.00067217805
6.835292e-006,-0.0008807222
6.837292e-006,0.00090746597
6.839292e-006,-0.00248068
6.841292e-006,0.00029571738
6.843292e-006,-0.0003160312
6.845292e-006,0.0023191935
6.847292e-006,-0.00069249187
6.849292e-006,0.0050014757
6.851292e-006,-0.0013983556
6.853292e-006,-0.00092777979
6.855292e-006,0.00048394772
6.857292e-006,-0.00097483737
6.859292e-006,0.0027897693
6.861292e-006,-3.3685701e-005
6.863292e-006,0.0018015601
6.865292e-006,0.00067217805
6.867292e-006,0.0012839266
6.869292e-006,-0.00055131912
6.871292e-006,-0.00022191603
6.873292e-006,-0.001586586
6.875292e-006,0.0022721359
6.877292e-006,0.0017074449
6.879292e-006,-8.0743284e-005
6.881292e-006,0.00029571738
6.883292e-006,-8.0743284e-005
6.885292e-006,0.00057806288
6.887292e-006,0.0018015601
6.889292e-006,-0.0021042194
6.891292e-006,0.0033074027
6.893292e-006,0.0029309421
6.895292e-006,0.00086040838
6.897292e-006,0.0012368691
6.899292e-006,-0.00041014637
6.901292e-006,0.0043897271
6.903292e-006,-0.0016336435
6.905292e-006,-0.001586586
6.907292e-006,-0.00078660704
6.909292e-006,0.0013309842
6.911292e-006,0.00015454463
6.913292e-006,-0.00022191603
6.915292e-006,0.0012839266
6.917292e-006,-0.0033747741
6.919292e-006,0.0029779996
6.921292e-006,-0.0025277376
6.923292e-006,0.00029571738
6.925292e-006,0.00067217805
6.927292e-006,-0.0028100831
6.929292e-006,0.0011427539
6.931292e-006,-0.0030924286
6.933292e-006,0.0034015179
6.935292e-006,-0.00041014637
6.937292e-006,0.0011427539
6.939292e-006,-0.0011630677
6.941292e-006,0.0008133508
6.943292e-006,0.0019897904
6.945292e-006,-0.0015395284
6.947292e-006,-0.001021895
6.949292e-006,0.0053308788
6.951292e-006,1.3371883e-005
6.953292e-006,-0.0019630466
6.955292e-006,0.00010748705
6.957292e-006,0.00071923563
6.959292e-006,-0.001586586
6.961292e-006,0.0029309421
6.963292e-006,-0.0037982924
6.965292e-006,0.0002486598
6.967292e-006,0.0015662721
6.969292e-006,0.0024133086
6.971292e-006,0.002036848
6.973292e-006,0.00048394772
6.975292e-006,-0.00036308878
6.977292e-006,0.00038983255
6.979292e-006,-0.0017277587
6.981292e-006,-0.001351298
6.983292e-006,-0.0011630677
6.985292e-006,0.0038720937
6.987292e-006,-0.0023865649
6.989292e-006,-0.0018689315
6.991292e-006,0.0045308999
6.993292e-006,0.0002486598
6.995292e-006,-0.0043159258
6.997292e-006,-3.3685701e-005
6.999292e-006,0.0035897482
7.001292e-006,0.001472157
7.003292e-006,6.0429466e-005
7.005292e-006,-0.0013983556
7.007292e-006,0.0033544603
7.009292e-006,-8.0743284e-005
7.011292e-006,0.0010956963
7.013292e-006,-0.0014454132
7.015292e-006,-0.00041014637
7.017292e-006,0.00010748705
7.019292e-006,0.00020160222
7.021292e-006,-0.0026689104
7.023292e-006,0.00067217805
7.025292e-006,-0.0021042194
7.027292e-006,0.0015662721
7.029292e-006,0.0019897904
7.031292e-006,-8.0743284e-005
7.033292e-006,0.00057806288
7.035292e-006,0.00010748705
7.037292e-006,0.0016603873
7.039292e-006,-0.0014454132
7.041292e-006,0.0030721148
7.043292e-006,0.00029571738
7.045292e-006,-0.00064543429
7.047292e-006,0.0012368691
7.049292e-006,0.0005310053
7.051292e-006,-0.0022453921
7.053292e-006,0.0012368691
7.055292e-006,0.00090746597
7.057292e-006,0.0022250783
7.059292e-006,-0.001586586
7.061292e-006,-0.00078660704
7.063292e-006,0.0010486387
7.065292e-006,0.0005310053
7.067292e-006,0.0011898115
7.069292e-006,1.3371883e-005
7.071292e-006,6.0429466e-005
7.073292e-006,0.0042014968
7.075292e-006,-0.0014924708
7.077292e-006,-0.0020571618
7.079292e-006,-0.00078660704
7.081292e-006,-0.0022453921
7.083292e-006,0.0028838845
7.085292e-006,-0.0020101042
7.087292e-006,0.0024133086
7.089292e-006,0.0018015601
7.091292e-006,-3.3685701e-005
7.093292e-006,0.0035897482
7.095292e-006,0.00038983255
7.097292e-006,-0.0016807011
7.099292e-006,0.0017074449
7.101292e-006,-0.00041014637
7.103292e-006,0.0018956752
7.105292e-006,-0.0022453921
7.107292e-006,-0.00041014637
7.109292e-006,-0.0003160312
7.111292e-006,0.0022250783
7.113292e-006,0.0030721148
7.115292e-006,-0.0025277376
7.117292e-006,-0.0012571829
7.119292e-006,0.0015662721
7.121292e-006,0.00316623
7.123292e-006,-0.00073954945
7.125292e-006,0.001472157
7.127292e-006,-0.0023865649
7.129292e-006,0.00067217805
7.131292e-006,0.00034277497
7.133292e-006,-0.0012101253
7.135292e-006,0.0008133508
7.137292e-006,-0.00041014637
7.139292e-006,0.0028838845
7.141292e-006,0.0011898115
7.143292e-006,-0.0020571618
7.145292e-006,0.0002486598
7.147292e-006,-0.003610062
7.149292e-006,0.0014250994
7.151292e-006,-0.00012780087
7.153292e-006,-0.0018689315
7.155292e-006,0.0057543971
7.157292e-006,0.0019427328
7.159292e-006,-0.00248068
7.161292e-006,0.00086040838
7.163292e-006,0.0034015179
7.165292e-006,-0.0029041983
7.167292e-006,0.00057806288
7.169292e-006,0.00034277497
7.171292e-006,-0.0014454132
7.173292e-006,0.0011427539
7.175292e-006,-0.00017485845
7.177292e-006,0.0037779786
7.179292e-006,-0.0020571618
7.181292e-006,0.00067217805
7.183292e-006,0.0025544814
7.185292e-006,-0.0029041983
7.187292e-006,0.00071923563
7.189292e-006,0.0018486176
7.191292e-006,-0.00073954945
7.193292e-006,-0.0020571618
7.195292e-006,-0.00064543429
7.197292e-006,0.0021309631
7.199292e-006,-0.001351298
7.201292e-006,0.0015662721
7.203292e-006,0.0021780207
7.205292e-006,-0.00036308878
7.207292e-006,-0.00041014637
7.209292e-006,0.0024603662
7.211292e-006,-0.00092777979
7.213292e-006,-0.0022924497
7.215292e-006,0.00076629322
7.217292e-006,0.0013309842
7.219292e-006,-0.0018689315
7.221292e-006,-0.0012571829
7.223292e-006,-0.0008807222
7.225292e-006,-0.00055131912
7.227292e-006,0.00034277497
7.229292e-006,-0.00097483737
7.231292e-006,0.0023662511
7.233292e-006,-0.0008807222
7.235292e-006,-3.3685701e-005
7.237292e-006,0.0026485966
7.239292e-006,-0.0021042194
7.241292e-006,0.00086040838
7.243292e-006,0.00095452355
7.245292e-006,-0.0031394862
7.247292e-006,0.0005310053
7.249292e-006,0.0026485966
7.251292e-006,-0.0025277376
7.253292e-006,0.00020160222
7.255292e-006,0.0015662721
7.257292e-006,0.00015454463
7.259292e-006,-0.002151277
7.261292e-006,-0.00036308878
7.263292e-006,0.0016603873
7.265292e-006,0.0043426696
7.267292e-006,-0.0045041561
7.269292e-006,0.0027427117
7.271292e-006,-8.0743284e-005
7.273292e-006,0.00029571738
7.275292e-006,0.0010486387
7.277292e-006,0.0027897693
7.279292e-006,0.0002486598
7.281292e-006,0.00020160222
7.283292e-006,1.3371883e-005
7.285292e-006,0.00043689013
7.287292e-006,0.0041544392
7.289292e-006,-0.0040335803
7.291292e-006,0.0005310053
7.293292e-006,0.00086040838
7.295292e-006,-0.0015395284
7.297292e-006,-0.00022191603
7.299292e-006,-0.00041014637
7.301292e-006,-0.00064543429
7.303292e-006,-0.00012780087
7.305292e-006,0.0018956752
7.307292e-006,-3.3685701e-005
7.309292e-006,0.00015454463
7.311292e-006,0.00071923563
7.313292e-006,0.0011427539
7.315292e-006,0.0017074449
7.317292e-006,-0.0016336435
7.319292e-006,0.0029779996
7.321292e-006,0.0019897904
7.323292e-006,-0.0037041772
7.325292e-006,0.0029309421
7.327292e-006,0.00076629322
7.329292e-006,-0.00078660704
7.331292e-006,-0.0017748163
7.333292e-006,-0.00041014637
7.335292e-006,0.0030250572
7.337292e-006,-0.002151277
7.339292e-006,-0.0011630677
7.341292e-006,0.0024603662
7.343292e-006,0.00048394772
7.345292e-006,-0.00069249187
7.347292e-006,0.0012368691
7.349292e-006,-0.0044570985
7.351292e-006,0.0019427328
7.353292e-006,0.0024603662
7.355292e-006,0.0015192146
7.357292e-006,-0.002151277
7.359292e-006,-0.0029983135
7.361292e-006,0.0042485544
7.363292e-006,-0.0026689104
7.365292e-006,0.00034277497
7.367292e-006,6.0429466e-005
7.369292e-006,0.0013309842
7.371292e-006,0.0019427328
7.373292e-006,-0.0036571196
7.375292e-006,-0.0015395284
7.377292e-006,-0.0020571618
7.379292e-006,0.0015662721
7.381292e-006,0.0028368269
7.383292e-006,0.001472157
7.385292e-006,-0.0020571618
7.387292e-006,0.0010015811
7.389292e-006,0.0040603241
7.391292e-006,0.0005310053
7.393292e-006,-0.0005983767
7.395292e-006,-0.0031865438
7.397292e-006,-0.0010689525
7.399292e-006,0.00029571738
7.401292e-006,-0.0012571829
7.403292e-006,0.0027427117
7.405292e-006,-0.0025747952
7.407292e-006,-0.00073954945
7.409292e-006,0.0027897693
7.411292e-006,0.0002486598
7.413292e-006,0.0024133086
7.415292e-006,-0.00036308878
7.417292e-006,-0.0011160101
7.419292e-006,-0.00083366462
7.421292e-006,0.00062512047
7.423292e-006,0.0021309631
7.425292e-006,-0.0017748163
7.427292e-006,-0.0025277376
7.429292e-006,0.0015192146
7.431292e-006,-0.0014924708
7.433292e-006,0.0026485966
7.435292e-006,0.0013309842
7.437292e-006,0.0010015811
7.439292e-006,-0.0003160312
7.441292e-006,0.00043689013
7.443292e-006,0.0026485966
7.445292e-006,0.00067217805
7.447292e-006,-0.00050426153
7.449292e-006,0.0019897904
7.451292e-006,-0.00097483737
7.453292e-006,-0.0020571618
7.455292e-006,0.0015192146
7.457292e-006,0.00076629322
7.459292e-006,0.0015662721
7.461292e-006,-0.0034688893
7.463292e-006,-0.00064543429
7.465292e-006,0.0016603873
7.467292e-006,0.00034277497
7.469292e-006,0.00067217805
7.471292e-006,0.00062512047
7.473292e-006,0.0016133297
7.475292e-006,0.002036848
7.477292e-006,-0.0014924708
7.479292e-006,0.00038983255
7.481292e-006,0.0019427328
7.483292e-006,0.0010486387
7.485292e-006,-0.0016336435
7.487292e-006,-0.0018689315
7.489292e-006,0.00015454463
7.491292e-006,0.0026956541
7.493292e-006,-0.0012101253
7.495292e-006,-0.00248068
7.497292e-006,0.0055661667
7.499292e-006,-0.0003160312
7.501292e-006,-0.00069249187
7.503292e-006,6.0429466e-005
7.505292e-006,0.00076629322
7.507292e-006,-0.00055131912
7.509292e-006,-0.001021895
7.511292e-006,-0.00036308878
7.513292e-006,0.00086040838
7.515292e-006,-0.00036308878
7.517292e-006,0.0026485966
7.519292e-006,-0.0022924497
7.521292e-006,0.0014250994
7.523292e-006,0.0012368691
7.525292e-006,-0.0018689315
7.527292e-006,0.0018486176
7.529292e-006,0.00038983255
7.531292e-006,0.002036848
7.533292e-006,0.00038983255
7.535292e-006,-0.0022924497
7.537292e-006,0.0014250994
7.539292e-006,0.0044367847
7.541292e-006,0.00034277497
7.543292e-006,-0.0021042194
7.545292e-006,0.0008133508
7.547292e-006,-0.0020571618
7.549292e-006,0.00086040838
7.551292e-006,0.00095452355
7.553292e-006,0.00043689013
7.555292e-006,0.0031191724
7.557292e-006,-0.0029041983
7.559292e-006,0.0010486387
7.561292e-006,0.0036838634
7.563292e-006,-0.00069249187
7.565292e-006,-0.00017485845
7.567292e-006,0.0022721359
7.569292e-006,0.00057806288
7.571292e-006,-0.001021895
7.573292e-006,0.00038983255
7.575292e-006,0.00043689013
7.577292e-006,0.00010748705
7.579292e-006,-0.00055131912
7.581292e-006,0.0026485966
7.583292e-006,-0.0030924286
7.585292e-006,0.00057806288
7.587292e-006,0.0028838845
7.589292e-006,-0.0012571829
7.591292e-006,0.0018956752
7.593292e-006,0.0005310053
7.595292e-006,-0.00064543429
7.597292e-006,-0.00055131912
7.599292e-006,-0.0012571829
7.601292e-006,0.0018486176
7.603292e-006,0.0013309842
7.605292e-006,-0.0019630466
7.607292e-006,0.0021309631
7.609292e-006,0.0016603873
7.611292e-006,0.0017545025
7.613292e-006,-0.0013983556
7.615292e-006,0.0018486176
7.617292e-006,-0.00026897362
7.619292e-006,-0.0017277587
7.621292e-006,0.0011427539
7.623292e-006,0.0013780418
7.625292e-006,0.00029571738
7.627292e-006,0.00071923563
7.629292e-006,-0.0003160312
7.631292e-006,0.00015454463
7.633292e-006,0.00010748705
7.635292e-006,-0.0005983767
7.637292e-006,-0.00041014637
7.639292e-006,0.0010015811
7.641292e-006,0.0022250783
7.643292e-006,-0.00017485845
7.645292e-006,-0.0013042405
7.647292e-006,-0.0013983556
7.649292e-006,-0.0026689104
7.651292e-006,0.0037779786
7.653292e-006,-0.00083366462
7.655292e-006,0.00015454463
7.657292e-006,0.00076629322
7.659292e-006,-0.00045720395
7.661292e-006,0.0015192146
7.663292e-006,-0.00041014637
7.665292e-006,-0.0021042194
7.667292e-006,0.00067217805
7.669292e-006,0.0017545025
7.671292e-006,-0.0040806379
7.673292e-006,0.0012839266
7.675292e-006,-0.00078660704
7.677292e-006,0.0030721148
7.679292e-006,-0.001021895
7.681292e-006,-0.00041014637
7.683292e-006,-0.00022191603
7.685292e-006,-0.00012780087
7.687292e-006,0.0011898115
7.689292e-006,-0.00083366462
7.691292e-006,-0.0008807222
7.693292e-006,0.0018956752
7.695292e-006,0.00095452355
7.697292e-006,0.0010015811
7.699292e-006,-0.00050426153
7.701292e-006,0.0012368691
7.703292e-006,-0.0025277376
7.705292e-006,-0.0017748163
7.707292e-006,0.00038983255
7.709292e-006,0.0013780418
7.711292e-006,0.0027897693
7.713292e-006,0.0011427539
7.715292e-006,0.00048394772
7.717292e-006,0.0016603873
7.719292e-006,0.0019427328
7.721292e-006,6.0429466e-005
7.723292e-006,-0.00073954945
7.725292e-006,0.00076629322
7.727292e-006,0.0005310053
7.729292e-006,-0.0012571829
7.731292e-006,0.0033544603
7.733292e-006,-0.00064543429
7.735292e-006,-0.00092777979
7.737292e-006,0.0018486176
7.739292e-006,-0.00050426153
7.741292e-006,-0.0020101042
7.743292e-006,0.0010015811
7.745292e-006,0.00067217805
7.747292e-006,-0.0017748163
7.749292e-006,0.0016133297
7.751292e-006,-0.00012780087
7.753292e-006,-0.0008807222
7.755292e-006,-0.0011160101
7.757292e-006,0.0025544814
7.759292e-006,-0.00083366462
7.761292e-006,0.00090746597
7.763292e-006,0.0010486387
7.765292e-006,-0.0024336225
7.767292e-006,0.0010956963
7.769292e-006,-0.00022191603
7.771292e-006,-0.0003160312
7.773292e-006,-0.00064543429
7.775292e-006,0.0028838845
7.777292e-006,0.0011427539
7.779292e-006,-0.0023395073
7.781292e-006,-0.0014454132
7.783292e-006,0.0008133508
7.785292e-006,-0.0013983556
7.787292e-006,0.0030250572
7.789292e-006,0.00076629322
7.791292e-006,-0.0008807222
7.793292e-006,-0.00041014637
7.795292e-006,-0.0012101253
7.797292e-006,0.0008133508
7.799292e-006,-0.0003160312
7.801292e-006,-0.0020101042
7.803292e-006,0.0050485333
7.805292e-006,-0.0022924497
7.807292e-006,-0.0046453289
7.809292e-006,0.0049073606
7.811292e-006,6.0429466e-005
7.813292e-006,-0.0014454132
7.815292e-006,-0.00036308878
7.817292e-006,0.00029571738
7.819292e-006,0.00043689013
7.821292e-006,0.0002486598
7.823292e-006,0.00015454463
7.825292e-006,-0.0025747952
7.827292e-006,0.001472157
7.829292e-006,-0.0018218739
7.831292e-006,0.0061308577
7.833292e-006,-0.0011630677
7.835292e-006,0.00076629322
7.837292e-006,-0.0038924075
7.839292e-006,-0.00083366462
7.841292e-006,0.0005310053
7.843292e-006,0.00090746597
7.845292e-006,0.00316623
7.847292e-006,-0.0020101042
7.849292e-006,-0.00055131912
7.851292e-006,-0.00248068
7.853292e-006,-0.00064543429
7.855292e-006,0.00090746597
7.857292e-006,-0.00022191603
7.859292e-006,0.0030721148
7.861292e-006,-0.0020101042
7.863292e-006,0.00034277497
7.865292e-006,0.00071923563
7.867292e-006,0.002036848
7.869292e-006,-0.0034218317
7.871292e-006,0.0035897482
7.873292e-006,0.00076629322
7.875292e-006,-0.0025747952
7.877292e-006,0.0045779575
7.879292e-006,0.0020839056
7.881292e-006,-0.00092777979
7.883292e-006,0.00048394772
7.885292e-006,-0.00017485845
7.887292e-006,-0.0015395284
7.889292e-006,0.0041544392
7.891292e-006,0.00029571738
7.893292e-006,0.00048394772
7.895292e-006,-0.0022453921
7.897292e-006,0.00095452355
7.899292e-006,-3.3685701e-005
7.901292e-006,0.001472157
7.903292e-006,0.0010956963
7.905292e-006,-0.0016336435
7.907292e-006,-0.0016336435
7.909292e-006,-0.0019630466
7.911292e-006,-0.0029512559
7.913292e-006,0.0032132876
7.915292e-006,-0.0012571829
7.917292e-006,-0.00041014637
7.919292e-006,0.0012839266
7.921292e-006,-0.00041014637
7.923292e-006,0.0010015811
7.925292e-006,-0.0029041983
7.927292e-006,0.0012368691
7.929292e-006,0.00020160222
7.931292e-006,-0.0003160312
7.933292e-006,0.00034277497
7.935292e-006,-0.0005983767
7.937292e-006,0.0015192146
7.939292e-006,-0.00017485845
7.941292e-006,-0.0015395284
7.943292e-006,-0.00097483737
7.945292e-006,-0.0012101253
7.947292e-006,0.002036848
7.949292e-006,-0.0012101253
7.951292e-006,0.0021309631
7.953292e-006,0.00038983255
7.955292e-006,-0.00384535
7.957292e-006,0.0025074238
7.959292e-006,-0.0008807222
7.961292e-006,0.00015454463
7.963292e-006,-0.0021042194
7.965292e-006,0.0034485755
7.967292e-006,0.00020160222
7.969292e-006,-0.0024336225
7.971292e-006,0.0023662511
7.973292e-006,0.0019427328
7.975292e-006,0.0005310053
7.977292e-006,0.00090746597
7.979292e-006,1.3371883e-005
7.981292e-006,-0.0010689525
7.983292e-006,-8.0743284e-005
7.985292e-006,-0.0015395284
7.987292e-006,-0.0013983556
7.989292e-006,-0.00017485845
7.991292e-006,0.00071923563
7.993292e-006,0.0018956752
7.995292e-006,0.0013780418
7.997292e-006,0.0014250994
7.999292e-006,-0.00041014637
8.001292e-006,-0.0008807222
8.003292e-006,-0.0019630466
8.005292e-006,0.0023191935
8.007292e-006,0.0014250994
8.009292e-006,-0.0003160312
8.011292e-006,-0.0010689525
8.013292e-006,-0.001021895
8.015292e-006,0.002036848
8.017292e-006,0.00020160222
8.019292e-006,-0.0028571407
8.021292e-006,0.0041544392
8.023292e-006,-0.00083366462
8.025292e-006,-0.0017277587
8.027292e-006,0.0027897693
8.029292e-006,-0.00073954945
8.031292e-006,0.0011898115
8.033292e-006,0.00015454463
8.035292e-006,-0.00097483737
8.037292e-006,0.0019427328
8.039292e-006,-0.001021895
8.041292e-006,-0.0010689525
8.043292e-006,0.0044367847
8.045292e-006,-0.0046923865
8.047292e-006,0.00020160222
8.049292e-006,6.0429466e-005
8.051292e-006,0.0030250572
8.053292e-006,0.0029309421
8.055292e-006,-8.0743284e-005
8.057292e-006,-0.0026218528
8.059292e-006,0.0010486387
8.061292e-006,0.0018956752
8.063292e-006,-0.0020571618
8.065292e-006,0.0016603873
8.067292e-006,0.00038983255
8.069292e-006,0.0019897904
8.071292e-006,-0.002151277
8.073292e-006,-0.00055131912
8.075292e-006,0.002036848
8.077292e-006,-0.001021895
8.079292e-006,0.00020160222
8.081292e-006,0.0029779996
8.083292e-006,-0.00092777979
8.085292e-006,-0.0003160312
8.087292e-006,-0.00012780087
8.089292e-006,-0.0011630677
8.091292e-006,-0.0014924708
8.093292e-006,0.00043689013
8.095292e-006,-0.00041014637
8.097292e-006,0.00090746597
8.099292e-006,0.0010956963
8.101292e-006,-0.0003160312
8.103292e-006,-0.00073954945
8.105292e-006,-0.00069249187
8.107292e-006,-0.0011630677
8.109292e-006,-0.001351298
8.111292e-006,0.0035897482
8.113292e-006,-0.0003160312
8.115292e-006,0.0010015811
8.117292e-006,-0.0017277587
8.119292e-006,0.0024603662
8.121292e-006,0.00086040838
8.123292e-006,-0.0003160312
8.125292e-006,-0.0035630045
8.127292e-006,0.0023191935
8.129292e-006,0.0013309842
8.131292e-006,0.00071923563
8.133292e-006,0.00043689013
8.135292e-006,0.00010748705
8.137292e-006,-0.0017748163
8.139292e-006,0.0022250783
8.141292e-006,-0.0016336435
8.143292e-006,-0.00041014637
8.145292e-006,0.0023662511
8.147292e-006,-0.0018689315
8.149292e-006,0.0026485966
8.151292e-006,0.0019897904
8.153292e-006,0.00090746597
8.155292e-006,-0.00073954945
8.157292e-006,0.0010015811
8.159292e-006,0.0012839266
8.161292e-006,-0.0013983556
8.163292e-006,0.0016603873
8.165292e-006,0.0023191935
8.167292e-006,-0.00092777979
8.169292e-006,0.00034277497
8.171292e-006,-0.0014454132
8.173292e-006,0.0017545025
8.175292e-006,-0.001021895
8.177292e-006,0.002036848
8.179292e-006,-0.0016807011
8.181292e-006,0.0002486598
8.183292e-006,0.0012839266
8.185292e-006,-0.0045041561
8.187292e-006,0.0019897904
8.189292e-006,-0.00041014637
8.191292e-006,0.00034277497
8.193292e-006,0.0019897904
8.195292e-006,0.00067217805
8.197292e-006,-0.0017748163
8.199292e-006,0.0015192146
8.201292e-006,-0.00022191603
8.203292e-006,0.00057806288
8.205292e-006,0.0019427328
8.207292e-006,0.0022250783
8.209292e-006,-0.00045720395
8.211292e-006,-0.001021895
8.213292e-006,0.0005310053
8.215292e-006,-0.00012780087
8.217292e-006,0.00038983255
8.219292e-006,0.0033074027
8.221292e-006,-0.0023395073
8.223292e-006,0.0027427117
8.225292e-006,-0.00073954945
8.227292e-006,0.00015454463
8.229292e-006,-0.00026897362
8.231292e-006,-0.0011160101
8.233292e-006,0.0026485966
8.235292e-006,0.00062512047
8.237292e-006,-0.00055131912
8.239292e-006,-0.0014454132
8.241292e-006,0.00043689013
8.243292e-006,-0.0005983767
8.245292e-006,0.0024133086
8.247292e-006,-0.00055131912
8.249292e-006,0.00076629322
8.251292e-006,0.0008133508
8.253292e-006,-0.00092777979
8.255292e-006,-0.0012571829
8.257292e-006,0.0024603662
8.259292e-006,-0.00050426153
8.261292e-006,0.0033074027
8.263292e-006,-0.0016807011
8.265292e-006,0.00095452355
8.267292e-006,-0.00069249187
8.269292e-006,-0.0003160312
8.271292e-006,0.00020160222
8.273292e-006,-0.00064543429
8.275292e-006,0.00029571738
8.277292e-006,0.00086040838
8.279292e-006,0.0021780207
8.281292e-006,0.0011427539
8.283292e-006,-0.0010689525
8.285292e-006,-0.00026897362
8.287292e-006,0.002036848
8.289292e-006,-0.0034218317
8.291292e-006,0.001472157
8.293292e-006,0.00095452355
8.295292e-006,0.00010748705
8.297292e-006,0.0033544603
8.299292e-006,0.0020839056
8.301292e-006,0.003730921
8.303292e-006,-0.0026689104
8.305292e-006,0.0002486598
8.307292e-006,0.0013309842
8.309292e-006,-0.00017485845
8.311292e-006,-0.00064543429
8.313292e-006,-0.00064543429
8.315292e-006,-3.3685701e-005
8.317292e-006,0.0022721359
8.319292e-006,0.0019427328
8.321292e-006,-0.001586586
8.323292e-006,-0.0017277587
8.325292e-006,0.00038983255
8.327292e-006,0.0010486387
8.329292e-006,-0.0017748163
8.331292e-006,0.0005310053
8.333292e-006,-0.0055864805
8.335292e-006,0.0015662721
8.337292e-006,0.0010486387
8.339292e-006,0.0008133508
8.341292e-006,-0.0020571618
8.343292e-006,-8.0743284e-005
8.345292e-006,0.0002486598
8.347292e-006,0.00071923563
8.349292e-006,-0.0026218528
8.351292e-006,0.0010015811
8.353292e-006,-0.00248068
8.355292e-006,0.0026956541
8.357292e-006,0.00029571738
8.359292e-006,0.0011898115
8.361292e-006,-8.0743284e-005
8.363292e-006,0.00038983255
8.365292e-006,0.0020839056
8.367292e-006,0.002601539
8.369292e-006,-0.00041014637
8.371292e-006,0.00057806288
8.373292e-006,-8.0743284e-005
8.375292e-006,-0.0018218739
8.377292e-006,-0.00017485845
8.379292e-006,-0.0018218739
8.381292e-006,0.00029571738
8.383292e-006,0.0010956963
8.385292e-006,0.00038983255
8.387292e-006,-0.0032336014
8.389292e-006,-0.0003160312
8.391292e-006,0.0042014968
8.393292e-006,-0.001586586
8.395292e-006,0.0013309842
8.397292e-006,0.0010956963
8.399292e-006,-0.0013042405
8.401292e-006,-0.00073954945
8.403292e-006,0.0019427328
8.405292e-006,0.00071923563
8.407292e-006,-0.00026897362
8.409292e-006,0.0010956963
8.411292e-006,-0.00078660704
8.413292e-006,0.0013780418
8.415292e-006,0.00076629322
8.417292e-006,-0.0014924708
8.419292e-006,-0.0019630466
8.421292e-006,0.0008133508
8.423292e-006,-0.00078660704
8.425292e-006,0.0002486598
8.427292e-006,0.0018956752
8.429292e-006,-0.001021895
8.431292e-006,-0.0052100199
8.433292e-006,0.00076629322
8.435292e-006,-0.00045720395
8.437292e-006,0.00048394772
8.439292e-006,-8.0743284e-005
8.441292e-006,-8.0743284e-005
8.443292e-006,0.0010486387
8.445292e-006,-0.0017748163
8.447292e-006,0.0002486598
8.449292e-006,-0.001021895
8.451292e-006,0.00034277497
8.453292e-006,0.00071923563
8.455292e-006,0.0019427328
8.457292e-006,0.0023662511
8.459292e-006,0.00029571738
8.461292e-006,0.0012368691
8.463292e-006,0.00071923563
8.465292e-006,-0.0025747952
8.467292e-006,0.001472157
8.469292e-006,0.0030250572
8.471292e-006,-0.0021042194
8.473292e-006,-3.3685701e-005
8.475292e-006,0.0008133508
8.477292e-006,-0.0008807222
8.479292e-006,0.0010956963
8.481292e-006,0.0012839266
8.483292e-006,-0.00026897362
8.485292e-006,0.00057806288
8.487292e-006,-0.001021895
8.489292e-006,0.00067217805
8.491292e-006,0.0008133508
8.493292e-006,0.0018486176
8.495292e-006,0.0015192146
8.497292e-006,-0.0032336014
8.499292e-006,0.0013309842
8.501292e-006,0.00048394772
8.503292e-006,0.0044838423
8.505292e-006,-0.0029512559
8.507292e-006,0.00048394772
8.509292e-006,0.0026485966
8.511292e-006,-0.0027630255
8.513292e-006,-0.0040806379
8.515292e-006,0.0018486176
8.517292e-006,0.00067217805
8.519292e-006,0.00062512047
8.521292e-006,0.00038983255
8.523292e-006,0.00015454463
8.525292e-006,0.00038983255
8.527292e-006,0.0024133086
8.529292e-006,-0.001021895
8.531292e-006,0.0005310053
8.533292e-006,-0.00017485845
8.535292e-006,-0.00073954945
8.537292e-006,-0.001586586
8.539292e-006,-0.00083366462
8.541292e-006,0.00043689013
8.543292e-006,0.00057806288
8.545292e-006,0.0015662721
8.547292e-006,-0.0025747952
8.549292e-006,-0.00022191603
8.551292e-006,-0.00055131912
8.553292e-006,0.0045308999
8.555292e-006,-0.0051629623
8.557292e-006,-0.0022924497
8.559292e-006,-0.00097483737
8.561292e-006,0.00034277497
8.563292e-006,0.00029571738
8.565292e-006,0.0015192146
8.567292e-006,0.0010956963
8.569292e-006,0.00067217805
8.571292e-006,-0.0014924708
8.573292e-006,-0.00017485845
8.575292e-006,0.00029571738
8.577292e-006,-0.0028100831
8.579292e-006,-0.0030924286
8.581292e-006,0.0013309842
8.583292e-006,0.0022250783
8.585292e-006,-0.0022453921
8.587292e-006,-0.00073954945
8.589292e-006,-0.00041014637
8.591292e-006,0.0015192146
8.593292e-006,-0.00050426153
8.595292e-006,0.0016133297
8.597292e-006,0.0017545025
8.599292e-006,-0.002151277
8.601292e-006,0.0025544814
8.603292e-006,0.0019897904
8.605292e-006,-0.0016807011
8.607292e-006,-0.0016336435
8.609292e-006,-0.0011160101
8.611292e-006,-0.0020101042
8.613292e-006,0.00062512047
8.615292e-006,0.0028838845
8.617292e-006,0.0025544814
8.619292e-006,-0.0020571618
8.621292e-006,0.00029571738
8.623292e-006,0.0021780207
8.625292e-006,-0.00055131912
8.627292e-006,0.0040132665
8.629292e-006,-0.004174753
8.631292e-006,-0.00064543429
8.633292e-006,-0.0012571829
8.635292e-006,0.0036838634
8.637292e-006,-0.0016807011
8.639292e-006,0.00067217805
8.641292e-006,0.0034485755
8.643292e-006,-0.001586586
8.645292e-006,-0.0014454132
8.647292e-006,0.0023662511
8.649292e-006,1.3371883e-005
8.651292e-006,0.0032603451
8.653292e-006,0.0025544814
8.655292e-006,-0.0013983556
8.657292e-006,0.0024133086
8.659292e-006,0.0035426906
8.661292e-006,-0.0026218528
8.663292e-006,0.00067217805
8.665292e-006,0.00067217805
8.667292e-006,0.0019427328
8.669292e-006,-0.0014454132
8.671292e-006,0.0012839266
8.673292e-006,-0.0010689525
8.675292e-006,0.0015192146
8.677292e-006,0.0015192146
8.679292e-006,0.00043689013
8.681292e-006,-8.0743284e-005
8.683292e-006,-0.0011630677
8.685292e-006,0.0020839056
8.687292e-006,-0.0013042405
8.689292e-006,0.00034277497
8.691292e-006,0.0011427539
8.693292e-006,0.00076629322
8.695292e-006,-0.0016336435
8.697292e-006,-0.0003160312
8.699292e-006,0.00067217805
8.701292e-006,0.0041544392
8.703292e-006,-0.0021983345
8.705292e-006,-0.00036308878
8.707292e-006,-0.0005983767
8.709292e-006,0.0036368058
8.711292e-006,-0.00384535
8.713292e-006,-0.001351298
8.715292e-006,0.0024133086
8.717292e-006,-0.0024336225
8.719292e-006,0.0027427117
8.721292e-006,-0.0012571829
8.723292e-006,-0.00097483737
8.725292e-006,0.00057806288
8.727292e-006,0.00095452355
8.729292e-006,0.0012368691
8.731292e-006,0.00010748705
8.733292e-006,-0.0018218739
8.735292e-006,0.0008133508
8.737292e-006,-8.0743284e-005
8.739292e-006,-0.0008807222
8.741292e-006,0.00086040838
8.743292e-006,-0.00022191603
8.745292e-006,0.0008133508
8.747292e-006,0.0011427539
8.749292e-006,-0.0014454132
8.751292e-006,0.00038983255
8.753292e-006,-0.0013983556
8.755292e-006,0.00071923563
8.757292e-006,0.0010015811
8.759292e-006,0.00038983255
8.761292e-006,-0.0027630255
8.763292e-006,0.00010748705
8.765292e-006,0.0028838845
8.767292e-006,-0.00069249187
8.769292e-006,-0.0026689104
8.771292e-006,0.00067217805
8.773292e-006,-0.00083366462
8.775292e-006,0.0023191935
8.777292e-006,0.0010015811
8.779292e-006,-0.0045041561
8.781292e-006,0.00043689013
8.783292e-006,0.00062512047
8.785292e-006,0.00029571738
8.787292e-006,0.00071923563
8.789292e-006,0.00076629322
8.791292e-006,-0.0005983767
8.793292e-006,0.0019897904
8.795292e-006,-0.00022191603
8.797292e-006,0.0022721359
8.799292e-006,-0.0015395284
8.801292e-006,-0.004174753
8.803292e-006,0.0033544603
8.805292e-006,-0.00012780087
8.807292e-006,0.0010015811
8.809292e-006,0.00067217805
8.811292e-006,0.00029571738
8.813292e-006,0.0017074449
8.815292e-006,-0.0017277587
8.817292e-006,-0.0020101042
8.819292e-006,-0.00041014637
8.821292e-006,0.00057806288
8.823292e-006,-0.00045720395
8.825292e-006,0.00062512047
8.827292e-006,-0.0037982924
8.829292e-006,0.0027897693
8.831292e-006,-0.00083366462
8.833292e-006,-0.001586586
8.835292e-006,0.0024603662
8.837292e-006,0.002601539
8.839292e-006,-0.0025277376
8.841292e-006,0.0013780418
8.843292e-006,0.00076629322
8.845292e-006,-0.00092777979
8.847292e-006,-0.001586586
8.849292e-006,0.0008133508
8.851292e-006,1.3371883e-005
8.853292e-006,-3.3685701e-005
8.855292e-006,-0.0012101253
8.857292e-006,1.3371883e-005
8.859292e-006,0.00048394772
8.861292e-006,0.0019427328
8.863292e-006,-0.0025747952
8.865292e-006,-0.00248068
8.867292e-006,0.0016603873
8.869292e-006,0.0015662721
8.871292e-006,0.0018956752
8.873292e-006,0.0021309631
8.875292e-006,-3.3685701e-005
8.877292e-006,0.0002486598
8.879292e-006,-0.0031865438
8.881292e-006,0.00086040838
8.883292e-006,0.0011427539
8.885292e-006,-0.004974732
8.887292e-006,-0.00078660704
8.889292e-006,0.0019427328
8.891292e-006,1.3371883e-005
8.893292e-006,-0.0010689525
8.895292e-006,-0.0011630677
8.897292e-006,0.0012839266
8.899292e-006,-0.0008807222
8.901292e-006,-0.0011630677
8.903292e-006,0.0045779575
8.905292e-006,-0.00050426153
8.907292e-006,-0.0022453921
8.909292e-006,-0.0008807222
8.911292e-006,0.0010015811
8.913292e-006,0.0018486176
8.915292e-006,-0.0028100831
8.917292e-006,0.001472157
8.919292e-006,0.0017545025
8.921292e-006,-0.00064543429
8.923292e-006,-0.001021895
8.925292e-006,-0.0012571829
8.927292e-006,0.0029779996
8.929292e-006,-0.0037041772
8.931292e-006,-8.0743284e-005
8.933292e-006,-0.0023395073
8.935292e-006,0.0033544603
8.937292e-006,-0.0042688682
8.939292e-006,0.0017545025
8.941292e-006,0.0029779996
8.943292e-006,0.00034277497
8.945292e-006,-0.001351298
8.947292e-006,-0.0003160312
8.949292e-006,0.0016133297
8.951292e-006,-0.00045720395
8.953292e-006,-0.0020101042
8.955292e-006,-0.0014924708
8.957292e-006,0.002036848
8.959292e-006,-0.0012101253
8.961292e-006,0.0022250783
8.963292e-006,0.00029571738
8.965292e-006,-0.00069249187
8.967292e-006,-0.00022191603
8.969292e-006,-0.0011160101
8.971292e-006,0.0011898115
8.973292e-006,-0.0020101042
8.975292e-006,0.0010956963
8.977292e-006,0.00095452355
8.979292e-006,0.0010486387
8.981292e-006,-0.002715968
8.983292e-006,0.0024603662
8.985292e-006,0.00034277497
8.987292e-006,0.0010486387
8.989292e-006,0.0010956963
8.991292e-006,0.00034277497
8.993292e-006,-0.0016336435
8.995292e-006,0.0025074238
8.997292e-006,0.00048394772
8.999292e-006,-0.00017485845
9.001292e-006,0.0028838845
