LECROYWS4054HD,18796,Waveform
Segments,1,SegmentSize,5002
Segment,TrigTime,TimeSinceSegment1
#1,04-Sep-2025 14:52:55,0                 
Time,Ampl
-4.001132e-007,0.1380051
-3.997132e-007,0.133064
-3.993132e-007,0.12977
-3.989132e-007,0.1316523
-3.985132e-007,0.1351816
-3.981132e-007,0.1361228
-3.977132e-007,0.1365933
-3.973132e-007,0.1358875
-3.969132e-007,0.1344757
-3.965132e-007,0.1335346
-3.961132e-007,0.12977
-3.957132e-007,0.1241231
-3.953132e-007,0.1215349
-3.949132e-007,0.1250642
-3.945132e-007,0.1344757
-3.941132e-007,0.1443578
-3.937132e-007,0.1478872
-3.933132e-007,0.1462401
-3.929132e-007,0.1415344
-3.925132e-007,0.1354169
-3.921132e-007,0.1328287
-3.917132e-007,0.133064
-3.913132e-007,0.1325934
-3.909132e-007,0.1318876
-3.905132e-007,0.1304758
-3.901132e-007,0.1288288
-3.897132e-007,0.1276524
-3.893132e-007,0.1290641
-3.889132e-007,0.1325934
-3.885132e-007,0.1349463
-3.881132e-007,0.1332993
-3.877132e-007,0.1274171
-3.873132e-007,0.1215349
-3.869132e-007,0.1220055
-3.865132e-007,0.1269465
-3.861132e-007,0.133064
-3.857132e-007,0.1377698
-3.853132e-007,0.1382403
-3.849132e-007,0.1380051
-3.845132e-007,0.1401227
-3.841132e-007,0.1431814
-3.837132e-007,0.1441225
-3.833132e-007,0.1408285
-3.829132e-007,0.1356522
-3.825132e-007,0.12977
-3.821132e-007,0.1248289
-3.817132e-007,0.1231819
-3.813132e-007,0.1248289
-3.809132e-007,0.1260054
-3.805132e-007,0.128123
-3.801132e-007,0.1316523
-3.797132e-007,0.1358875
-3.793132e-007,0.1389462
-3.789132e-007,0.1391815
-3.785132e-007,0.136358
-3.781132e-007,0.131417
-3.777132e-007,0.128123
-3.773132e-007,0.1302406
-3.769132e-007,0.1365933
-3.765132e-007,0.1441225
-3.761132e-007,0.1462401
-3.757132e-007,0.1403579
-3.753132e-007,0.12977
-3.749132e-007,0.1212996
-3.745132e-007,0.1168291
-3.741132e-007,0.1172997
-3.737132e-007,0.1203585
-3.733132e-007,0.1238878
-3.729132e-007,0.126476
-3.725132e-007,0.1290641
-3.721132e-007,0.1344757
-3.717132e-007,0.1384756
-3.713132e-007,0.1389462
-3.709132e-007,0.1365933
-3.705132e-007,0.1318876
-3.701132e-007,0.128123
-3.697132e-007,0.1271818
-3.693132e-007,0.1292994
-3.689132e-007,0.1323581
-3.685132e-007,0.1340052
-3.681132e-007,0.1337699
-3.677132e-007,0.1332993
-3.673132e-007,0.1342405
-3.669132e-007,0.1351816
-3.665132e-007,0.136358
-3.661132e-007,0.1370639
-3.657132e-007,0.1372992
-3.653132e-007,0.1361228
-3.649132e-007,0.1335346
-3.645132e-007,0.1323581
-3.641132e-007,0.133064
-3.637132e-007,0.1356522
-3.633132e-007,0.1382403
-3.629132e-007,0.1375345
-3.625132e-007,0.133064
-3.621132e-007,0.1274171
-3.617132e-007,0.1267112
-3.613132e-007,0.1332993
-3.609132e-007,0.1401227
-3.605132e-007,0.1415344
-3.601132e-007,0.1370639
-3.597132e-007,0.1316523
-3.593132e-007,0.1290641
-3.589132e-007,0.1309464
-3.585132e-007,0.1335346
-3.581132e-007,0.1332993
-3.577132e-007,0.1311817
-3.573132e-007,0.1302406
-3.569132e-007,0.1325934
-3.565132e-007,0.1354169
-3.561132e-007,0.1351816
-3.557132e-007,0.1332993
-3.553132e-007,0.131417
-3.549132e-007,0.1304758
-3.545132e-007,0.1300053
-3.541132e-007,0.1318876
-3.537132e-007,0.1325934
-3.533132e-007,0.1328287
-3.529132e-007,0.1344757
-3.525132e-007,0.1342405
-3.521132e-007,0.1321229
-3.517132e-007,0.1309464
-3.513132e-007,0.1304758
-3.509132e-007,0.1321229
-3.505132e-007,0.1342405
-3.501132e-007,0.1351816
-3.497132e-007,0.1356522
-3.493132e-007,0.1387109
-3.489132e-007,0.1431814
-3.485132e-007,0.1460048
-3.481132e-007,0.1448284
-3.477132e-007,0.1401227
-3.473132e-007,0.1340052
-3.469132e-007,0.1307111
-3.465132e-007,0.1332993
-3.461132e-007,0.1368286
-3.457132e-007,0.1391815
-3.453132e-007,0.1412991
-3.449132e-007,0.142005
-3.445132e-007,0.1415344
-3.441132e-007,0.1401227
-3.437132e-007,0.1391815
-3.433132e-007,0.1387109
-3.429132e-007,0.136358
-3.425132e-007,0.1295347
-3.421132e-007,0.1222408
-3.417132e-007,0.1180056
-3.413132e-007,0.1205938
-3.409132e-007,0.131417
-3.405132e-007,0.1424755
-3.401132e-007,0.1464754
-3.397132e-007,0.1415344
-3.393132e-007,0.134711
-3.389132e-007,0.1318876
-3.385132e-007,0.1332993
-3.381132e-007,0.1368286
-3.377132e-007,0.1375345
-3.373132e-007,0.1351816
-3.369132e-007,0.131417
-3.365132e-007,0.12977
-3.361132e-007,0.1311817
-3.357132e-007,0.1332993
-3.353132e-007,0.1351816
-3.349132e-007,0.1358875
-3.345132e-007,0.1351816
-3.341132e-007,0.1335346
-3.337132e-007,0.1300053
-3.333132e-007,0.1262407
-3.329132e-007,0.1241231
-3.325132e-007,0.1248289
-3.321132e-007,0.128123
-3.317132e-007,0.1335346
-3.313132e-007,0.1377698
-3.309132e-007,0.1408285
-3.305132e-007,0.1431814
-3.301132e-007,0.1431814
-3.297132e-007,0.1394168
-3.293132e-007,0.1349463
-3.289132e-007,0.1311817
-3.285132e-007,0.1304758
-3.281132e-007,0.1316523
-3.277132e-007,0.1354169
-3.273132e-007,0.1387109
-3.269132e-007,0.1382403
-3.265132e-007,0.1342405
-3.261132e-007,0.1318876
-3.257132e-007,0.1342405
-3.253132e-007,0.1410638
-3.249132e-007,0.1476519
-3.245132e-007,0.1467107
-3.241132e-007,0.1380051
-3.237132e-007,0.12977
-3.233132e-007,0.1276524
-3.229132e-007,0.1332993
-3.225132e-007,0.1412991
-3.221132e-007,0.1438873
-3.217132e-007,0.1389462
-3.213132e-007,0.1311817
-3.209132e-007,0.1271818
-3.205132e-007,0.1283583
-3.201132e-007,0.133064
-3.197132e-007,0.1372992
-3.193132e-007,0.1375345
-3.189132e-007,0.1351816
-3.185132e-007,0.1332993
-3.181132e-007,0.1332993
-3.177132e-007,0.134711
-3.173132e-007,0.1375345
-3.169132e-007,0.1387109
-3.165132e-007,0.1396521
-3.161132e-007,0.1417697
-3.157132e-007,0.1427108
-3.153132e-007,0.1415344
-3.149132e-007,0.1382403
-3.145132e-007,0.1340052
-3.141132e-007,0.1304758
-3.137132e-007,0.1292994
-3.133132e-007,0.1302406
-3.129132e-007,0.1318876
-3.125132e-007,0.133064
-3.121132e-007,0.1325934
-3.117132e-007,0.1323581
-3.113132e-007,0.1340052
-3.109132e-007,0.1365933
-3.105132e-007,0.1401227
-3.101132e-007,0.1410638
-3.097132e-007,0.1384756
-3.093132e-007,0.1337699
-3.089132e-007,0.1288288
-3.085132e-007,0.1257701
-3.081132e-007,0.1250642
-3.077132e-007,0.1257701
-3.073132e-007,0.1283583
-3.069132e-007,0.1307111
-3.065132e-007,0.1318876
-3.061132e-007,0.1349463
-3.057132e-007,0.1377698
-3.053132e-007,0.1372992
-3.049132e-007,0.1309464
-3.045132e-007,0.1227113
-3.041132e-007,0.1187115
-3.037132e-007,0.1212996
-3.033132e-007,0.12977
-3.029132e-007,0.1396521
-3.025132e-007,0.143652
-3.021132e-007,0.1389462
-3.017132e-007,0.1321229
-3.013132e-007,0.1278877
-3.009132e-007,0.1283583
-3.005132e-007,0.131417
-3.001132e-007,0.1337699
-2.997132e-007,0.1344757
-2.993132e-007,0.134711
-2.989132e-007,0.1351816
-2.985132e-007,0.1361228
-2.981132e-007,0.1354169
-2.977132e-007,0.1332993
-2.973132e-007,0.1323581
-2.969132e-007,0.1344757
-2.965132e-007,0.1380051
-2.961132e-007,0.1396521
-2.957132e-007,0.1387109
-2.953132e-007,0.1354169
-2.949132e-007,0.1307111
-2.945132e-007,0.1285935
-2.941132e-007,0.1288288
-2.937132e-007,0.1300053
-2.933132e-007,0.1309464
-2.929132e-007,0.1309464
-2.925132e-007,0.1304758
-2.921132e-007,0.1307111
-2.917132e-007,0.1335346
-2.913132e-007,0.1368286
-2.909132e-007,0.136358
-2.905132e-007,0.1300053
-2.901132e-007,0.1224761
-2.897132e-007,0.120829
-2.893132e-007,0.126476
-2.889132e-007,0.1344757
-2.885132e-007,0.1370639
-2.881132e-007,0.1321229
-2.877132e-007,0.1255348
-2.873132e-007,0.1238878
-2.869132e-007,0.1262407
-2.865132e-007,0.12977
-2.861132e-007,0.1300053
-2.857132e-007,0.126476
-2.853132e-007,0.1257701
-2.849132e-007,0.1304758
-2.845132e-007,0.1375345
-2.841132e-007,0.1415344
-2.837132e-007,0.1412991
-2.833132e-007,0.1387109
-2.829132e-007,0.1372992
-2.825132e-007,0.1377698
-2.821132e-007,0.1380051
-2.817132e-007,0.1365933
-2.813132e-007,0.134711
-2.809132e-007,0.1318876
-2.805132e-007,0.1316523
-2.801132e-007,0.1323581
-2.797132e-007,0.133064
-2.793132e-007,0.1325934
-2.789132e-007,0.1300053
-2.785132e-007,0.1245936
-2.781132e-007,0.1194173
-2.777132e-007,0.1165939
-2.773132e-007,0.1180056
-2.769132e-007,0.1227113
-2.765132e-007,0.1278877
-2.761132e-007,0.1318876
-2.757132e-007,0.1335346
-2.753132e-007,0.1344757
-2.749132e-007,0.1370639
-2.745132e-007,0.1382403
-2.741132e-007,0.1375345
-2.737132e-007,0.1377698
-2.733132e-007,0.1403579
-2.729132e-007,0.1431814
-2.725132e-007,0.1445931
-2.721132e-007,0.1427108
-2.717132e-007,0.1380051
-2.713132e-007,0.1342405
-2.709132e-007,0.1342405
-2.705132e-007,0.1384756
-2.701132e-007,0.143652
-2.697132e-007,0.1450637
-2.693132e-007,0.1401227
-2.689132e-007,0.1337699
-2.685132e-007,0.1302406
-2.681132e-007,0.1304758
-2.677132e-007,0.1344757
-2.673132e-007,0.1391815
-2.669132e-007,0.1415344
-2.665132e-007,0.1396521
-2.661132e-007,0.1340052
-2.657132e-007,0.1285935
-2.653132e-007,0.128123
-2.649132e-007,0.1311817
-2.645132e-007,0.1349463
-2.641132e-007,0.1370639
-2.637132e-007,0.1356522
-2.633132e-007,0.1323581
-2.629132e-007,0.1283583
-2.625132e-007,0.1269465
-2.621132e-007,0.1288288
-2.617132e-007,0.1321229
-2.613132e-007,0.1365933
-2.609132e-007,0.1422402
-2.605132e-007,0.1434167
-2.601132e-007,0.1391815
-2.597132e-007,0.1328287
-2.593132e-007,0.1307111
-2.589132e-007,0.1354169
-2.585132e-007,0.1412991
-2.581132e-007,0.1441225
-2.577132e-007,0.1412991
-2.573132e-007,0.1351816
-2.569132e-007,0.1321229
-2.565132e-007,0.134711
-2.561132e-007,0.1387109
-2.557132e-007,0.1403579
-2.553132e-007,0.1380051
-2.549132e-007,0.1358875
-2.545132e-007,0.1344757
-2.541132e-007,0.1337699
-2.537132e-007,0.1328287
-2.533132e-007,0.1321229
-2.529132e-007,0.1323581
-2.525132e-007,0.1335346
-2.521132e-007,0.1356522
-2.517132e-007,0.1382403
-2.513132e-007,0.1375345
-2.509132e-007,0.1344757
-2.505132e-007,0.1323581
-2.501132e-007,0.133064
-2.497132e-007,0.1361228
-2.493132e-007,0.1394168
-2.489132e-007,0.1405932
-2.485132e-007,0.1380051
-2.481132e-007,0.134711
-2.477132e-007,0.1316523
-2.473132e-007,0.1307111
-2.469132e-007,0.1337699
-2.465132e-007,0.1375345
-2.461132e-007,0.1401227
-2.457132e-007,0.1401227
-2.453132e-007,0.1377698
-2.449132e-007,0.1351816
-2.445132e-007,0.133064
-2.441132e-007,0.131417
-2.437132e-007,0.1274171
-2.433132e-007,0.1238878
-2.429132e-007,0.1257701
-2.425132e-007,0.1321229
-2.421132e-007,0.1391815
-2.417132e-007,0.1408285
-2.413132e-007,0.1361228
-2.409132e-007,0.128123
-2.405132e-007,0.1231819
-2.401132e-007,0.1267112
-2.397132e-007,0.1384756
-2.393132e-007,0.1490636
-2.389132e-007,0.1495342
-2.385132e-007,0.1403579
-2.381132e-007,0.128123
-2.377132e-007,0.1220055
-2.373132e-007,0.1250642
-2.369132e-007,0.1342405
-2.365132e-007,0.142005
-2.361132e-007,0.1434167
-2.357132e-007,0.1403579
-2.353132e-007,0.1370639
-2.349132e-007,0.1351816
-2.345132e-007,0.1356522
-2.341132e-007,0.1365933
-2.337132e-007,0.1365933
-2.333132e-007,0.1361228
-2.329132e-007,0.1335346
-2.325132e-007,0.1328287
-2.321132e-007,0.1356522
-2.317132e-007,0.1403579
-2.313132e-007,0.1450637
-2.309132e-007,0.145299
-2.305132e-007,0.1403579
-2.301132e-007,0.1340052
-2.297132e-007,0.1311817
-2.293132e-007,0.1344757
-2.289132e-007,0.1368286
-2.285132e-007,0.1344757
-2.281132e-007,0.1290641
-2.277132e-007,0.1250642
-2.273132e-007,0.1252995
-2.269132e-007,0.12977
-2.265132e-007,0.1354169
-2.261132e-007,0.1387109
-2.257132e-007,0.1375345
-2.253132e-007,0.1342405
-2.249132e-007,0.131417
-2.245132e-007,0.1307111
-2.241132e-007,0.1321229
-2.237132e-007,0.1344757
-2.233132e-007,0.1349463
-2.229132e-007,0.1351816
-2.225132e-007,0.1342405
-2.221132e-007,0.1318876
-2.217132e-007,0.12977
-2.213132e-007,0.1295347
-2.209132e-007,0.131417
-2.205132e-007,0.1337699
-2.201132e-007,0.1365933
-2.197132e-007,0.1377698
-2.193132e-007,0.1344757
-2.189132e-007,0.1290641
-2.185132e-007,0.1245936
-2.181132e-007,0.1227113
-2.177132e-007,0.1250642
-2.173132e-007,0.1309464
-2.169132e-007,0.1349463
-2.165132e-007,0.1344757
-2.161132e-007,0.131417
-2.157132e-007,0.1285935
-2.153132e-007,0.128123
-2.149132e-007,0.1309464
-2.145132e-007,0.134711
-2.141132e-007,0.1380051
-2.137132e-007,0.1401227
-2.133132e-007,0.1389462
-2.129132e-007,0.1358875
-2.125132e-007,0.1340052
-2.121132e-007,0.1332993
-2.117132e-007,0.1349463
-2.113132e-007,0.1356522
-2.109132e-007,0.1349463
-2.105132e-007,0.1335346
-2.101132e-007,0.1307111
-2.097132e-007,0.1288288
-2.093132e-007,0.1283583
-2.089132e-007,0.128123
-2.085132e-007,0.1278877
-2.081132e-007,0.1300053
-2.077132e-007,0.1335346
-2.073132e-007,0.136358
-2.069132e-007,0.1375345
-2.065132e-007,0.136358
-2.061132e-007,0.133064
-2.057132e-007,0.1288288
-2.053132e-007,0.1288288
-2.049132e-007,0.1318876
-2.045132e-007,0.1358875
-2.041132e-007,0.1384756
-2.037132e-007,0.1384756
-2.033132e-007,0.134711
-2.029132e-007,0.1321229
-2.025132e-007,0.133064
-2.021132e-007,0.1368286
-2.017132e-007,0.1384756
-2.013132e-007,0.1344757
-2.009132e-007,0.1274171
-2.005132e-007,0.1243584
-2.001132e-007,0.1250642
-1.997132e-007,0.1292994
-1.993132e-007,0.1332993
-1.989132e-007,0.1323581
-1.985132e-007,0.1295347
-1.981132e-007,0.1290641
-1.977132e-007,0.1309464
-1.973132e-007,0.133064
-1.969132e-007,0.1316523
-1.965132e-007,0.1290641
-1.961132e-007,0.1274171
-1.957132e-007,0.12977
-1.953132e-007,0.133064
-1.949132e-007,0.1354169
-1.945132e-007,0.1368286
-1.941132e-007,0.1396521
-1.937132e-007,0.1424755
-1.933132e-007,0.1417697
-1.929132e-007,0.1382403
-1.925132e-007,0.1325934
-1.921132e-007,0.1292994
-1.917132e-007,0.1304758
-1.913132e-007,0.1328287
-1.909132e-007,0.1349463
-1.905132e-007,0.1328287
-1.901132e-007,0.1278877
-1.897132e-007,0.1241231
-1.893132e-007,0.1262407
-1.889132e-007,0.1309464
-1.885132e-007,0.1344757
-1.881132e-007,0.1332993
-1.877132e-007,0.1274171
-1.873132e-007,0.120829
-1.869132e-007,0.1170644
-1.865132e-007,0.119182
-1.861132e-007,0.1250642
-1.857132e-007,0.1328287
-1.853132e-007,0.1387109
-1.849132e-007,0.1403579
-1.845132e-007,0.1403579
-1.841132e-007,0.1382403
-1.837132e-007,0.136358
-1.833132e-007,0.133064
-1.829132e-007,0.1271818
-1.825132e-007,0.1231819
-1.821132e-007,0.120829
-1.817132e-007,0.1212996
-1.813132e-007,0.1269465
-1.809132e-007,0.1354169
-1.805132e-007,0.1434167
-1.801132e-007,0.1455343
-1.797132e-007,0.1417697
-1.793132e-007,0.1358875
-1.789132e-007,0.1321229
-1.785132e-007,0.133064
-1.781132e-007,0.1391815
-1.777132e-007,0.1460048
-1.773132e-007,0.1483577
-1.769132e-007,0.1457696
-1.765132e-007,0.1410638
-1.761132e-007,0.1368286
-1.757132e-007,0.136358
-1.753132e-007,0.1377698
-1.749132e-007,0.1382403
-1.745132e-007,0.1342405
-1.741132e-007,0.1283583
-1.737132e-007,0.1241231
-1.733132e-007,0.1238878
-1.729132e-007,0.1300053
-1.725132e-007,0.1384756
-1.721132e-007,0.1431814
-1.717132e-007,0.1429461
-1.713132e-007,0.1410638
-1.709132e-007,0.1394168
-1.705132e-007,0.1382403
-1.701132e-007,0.1368286
-1.697132e-007,0.1344757
-1.693132e-007,0.1325934
-1.689132e-007,0.134711
-1.685132e-007,0.1389462
-1.681132e-007,0.1394168
-1.677132e-007,0.1354169
-1.673132e-007,0.1300053
-1.669132e-007,0.1267112
-1.665132e-007,0.1292994
-1.661132e-007,0.136358
-1.657132e-007,0.1410638
-1.653132e-007,0.1410638
-1.649132e-007,0.1372992
-1.645132e-007,0.1351816
-1.641132e-007,0.1361228
-1.637132e-007,0.1358875
-1.633132e-007,0.1328287
-1.629132e-007,0.1292994
-1.625132e-007,0.1285935
-1.621132e-007,0.1337699
-1.617132e-007,0.1410638
-1.613132e-007,0.143652
-1.609132e-007,0.1398874
-1.605132e-007,0.1335346
-1.601132e-007,0.1288288
-1.597132e-007,0.1274171
-1.593132e-007,0.1285935
-1.589132e-007,0.1290641
-1.585132e-007,0.1292994
-1.581132e-007,0.1316523
-1.577132e-007,0.1342405
-1.573132e-007,0.1375345
-1.569132e-007,0.1382403
-1.565132e-007,0.1349463
-1.561132e-007,0.1285935
-1.557132e-007,0.1217702
-1.553132e-007,0.1196526
-1.549132e-007,0.1229466
-1.545132e-007,0.1290641
-1.541132e-007,0.1356522
-1.537132e-007,0.1382403
-1.533132e-007,0.1356522
-1.529132e-007,0.1323581
-1.525132e-007,0.131417
-1.521132e-007,0.1311817
-1.517132e-007,0.1335346
-1.513132e-007,0.1356522
-1.509132e-007,0.136358
-1.505132e-007,0.1349463
-1.501132e-007,0.1328287
-1.497132e-007,0.1318876
-1.493132e-007,0.1335346
-1.489132e-007,0.1365933
-1.485132e-007,0.1370639
-1.481132e-007,0.1358875
-1.477132e-007,0.1349463
-1.473132e-007,0.1342405
-1.469132e-007,0.1344757
-1.465132e-007,0.1340052
-1.461132e-007,0.1316523
-1.457132e-007,0.1292994
-1.453132e-007,0.1278877
-1.449132e-007,0.1283583
-1.445132e-007,0.1328287
-1.441132e-007,0.1370639
-1.437132e-007,0.1394168
-1.433132e-007,0.1405932
-1.429132e-007,0.1417697
-1.425132e-007,0.1410638
-1.421132e-007,0.1391815
-1.417132e-007,0.1375345
-1.413132e-007,0.1354169
-1.409132e-007,0.1351816
-1.405132e-007,0.136358
-1.401132e-007,0.1372992
-1.397132e-007,0.1358875
-1.393132e-007,0.133064
-1.389132e-007,0.1304758
-1.385132e-007,0.1307111
-1.381132e-007,0.134711
-1.377132e-007,0.1389462
-1.373132e-007,0.1405932
-1.369132e-007,0.1372992
-1.365132e-007,0.1311817
-1.361132e-007,0.1278877
-1.357132e-007,0.128123
-1.353132e-007,0.1292994
-1.349132e-007,0.1295347
-1.345132e-007,0.1300053
-1.341132e-007,0.1321229
-1.337132e-007,0.1361228
-1.333132e-007,0.1412991
-1.329132e-007,0.1443578
-1.325132e-007,0.143652
-1.321132e-007,0.142005
-1.317132e-007,0.1422402
-1.313132e-007,0.1443578
-1.309132e-007,0.1448284
-1.305132e-007,0.1403579
-1.301132e-007,0.1344757
-1.297132e-007,0.1316523
-1.293132e-007,0.1354169
-1.289132e-007,0.142005
-1.285132e-007,0.1464754
-1.281132e-007,0.146946
-1.277132e-007,0.1424755
-1.273132e-007,0.1361228
-1.269132e-007,0.1321229
-1.265132e-007,0.1309464
-1.261132e-007,0.1325934
-1.257132e-007,0.1354169
-1.253132e-007,0.1377698
-1.249132e-007,0.1372992
-1.245132e-007,0.1340052
-1.241132e-007,0.1302406
-1.237132e-007,0.1285935
-1.233132e-007,0.1285935
-1.229132e-007,0.1295347
-1.225132e-007,0.1311817
-1.221132e-007,0.1323581
-1.217132e-007,0.1321229
-1.213132e-007,0.1344757
-1.209132e-007,0.1377698
-1.205132e-007,0.1391815
-1.201132e-007,0.1394168
-1.197132e-007,0.1398874
-1.193132e-007,0.142005
-1.189132e-007,0.1441225
-1.185132e-007,0.1429461
-1.181132e-007,0.1398874
-1.177132e-007,0.1344757
-1.173132e-007,0.1302406
-1.169132e-007,0.1316523
-1.165132e-007,0.1368286
-1.161132e-007,0.1415344
-1.157132e-007,0.1422402
-1.153132e-007,0.1384756
-1.149132e-007,0.134711
-1.145132e-007,0.1337699
-1.141132e-007,0.1351816
-1.137132e-007,0.1370639
-1.133132e-007,0.1382403
-1.129132e-007,0.1382403
-1.125132e-007,0.1382403
-1.121132e-007,0.1372992
-1.117132e-007,0.1375345
-1.113132e-007,0.1384756
-1.109132e-007,0.1387109
-1.105132e-007,0.1391815
-1.101132e-007,0.1408285
-1.097132e-007,0.1422402
-1.093132e-007,0.1427108
-1.089132e-007,0.1403579
-1.085132e-007,0.1358875
-1.081132e-007,0.1307111
-1.077132e-007,0.1271818
-1.073132e-007,0.1283583
-1.069132e-007,0.1321229
-1.065132e-007,0.1370639
-1.061132e-007,0.1410638
-1.057132e-007,0.1434167
-1.053132e-007,0.1412991
-1.049132e-007,0.1344757
-1.045132e-007,0.126476
-1.041132e-007,0.1227113
-1.037132e-007,0.1248289
-1.033132e-007,0.1309464
-1.029132e-007,0.1354169
-1.025132e-007,0.1356522
-1.021132e-007,0.1316523
-1.017132e-007,0.1252995
-1.013132e-007,0.1224761
-1.009132e-007,0.1238878
-1.005132e-007,0.1283583
-1.001132e-007,0.1351816
-9.97132e-008,0.1408285
-9.93132e-008,0.1422402
-9.89132e-008,0.1387109
-9.85132e-008,0.1316523
-9.81132e-008,0.1274171
-9.77132e-008,0.1285935
-9.73132e-008,0.1342405
-9.69132e-008,0.1401227
-9.65132e-008,0.1441225
-9.61132e-008,0.1429461
-9.57132e-008,0.1382403
-9.53132e-008,0.1309464
-9.49132e-008,0.1245936
-9.45132e-008,0.1231819
-9.41132e-008,0.1234172
-9.37132e-008,0.1241231
-9.33132e-008,0.1245936
-9.29132e-008,0.1250642
-9.25132e-008,0.1276524
-9.21132e-008,0.1349463
-9.17132e-008,0.1431814
-9.13132e-008,0.1476519
-9.09132e-008,0.1443578
-9.05132e-008,0.134711
-9.01132e-008,0.1236525
-8.97132e-008,0.117535
-8.93132e-008,0.1184762
-8.89132e-008,0.1231819
-8.85132e-008,0.128123
-8.81132e-008,0.1304758
-8.77132e-008,0.1304758
-8.73132e-008,0.12977
-8.69132e-008,0.12977
-8.65132e-008,0.1295347
-8.61132e-008,0.1302406
-8.57132e-008,0.131417
-8.53132e-008,0.1340052
-8.49132e-008,0.136358
-8.45132e-008,0.1354169
-8.41132e-008,0.1311817
-8.37132e-008,0.1267112
-8.33132e-008,0.1257701
-8.29132e-008,0.128123
-8.25132e-008,0.1309464
-8.21132e-008,0.131417
-8.17132e-008,0.12977
-8.13132e-008,0.128123
-8.09132e-008,0.1290641
-8.05132e-008,0.1344757
-8.01132e-008,0.1422402
-7.97132e-008,0.1481224
-7.93132e-008,0.1497695
-7.89132e-008,0.146946
-7.85132e-008,0.1412991
-7.81132e-008,0.1358875
-7.77132e-008,0.1321229
-7.73132e-008,0.1302406
-7.69132e-008,0.1316523
-7.65132e-008,0.1349463
-7.61132e-008,0.1391815
-7.57132e-008,0.1434167
-7.53132e-008,0.143652
-7.49132e-008,0.1401227
-7.45132e-008,0.1361228
-7.41132e-008,0.1332993
-7.37132e-008,0.1321229
-7.33132e-008,0.1307111
-7.29132e-008,0.1288288
-7.25132e-008,0.1292994
-7.21132e-008,0.1295347
-7.17132e-008,0.12977
-7.13132e-008,0.1318876
-7.09132e-008,0.1318876
-7.05132e-008,0.1285935
-7.01132e-008,0.1257701
-6.97132e-008,0.1255348
-6.93132e-008,0.1288288
-6.89132e-008,0.134711
-6.85132e-008,0.1375345
-6.81132e-008,0.1356522
-6.77132e-008,0.1309464
-6.73132e-008,0.1283583
-6.69132e-008,0.1309464
-6.65132e-008,0.1368286
-6.61132e-008,0.1424755
-6.57132e-008,0.1445931
-6.53132e-008,0.1445931
-6.49132e-008,0.1460048
-6.45132e-008,0.148593
-6.41132e-008,0.1500047
-6.37132e-008,0.146946
-6.33132e-008,0.1389462
-6.29132e-008,0.1307111
-6.25132e-008,0.1252995
-6.21132e-008,0.1231819
-6.17132e-008,0.1234172
-6.13132e-008,0.1243584
-6.09132e-008,0.1274171
-6.05132e-008,0.1316523
-6.01132e-008,0.1356522
-5.97132e-008,0.1387109
-5.93132e-008,0.1398874
-5.89132e-008,0.1380051
-5.85132e-008,0.1349463
-5.81132e-008,0.134711
-5.77132e-008,0.1335346
-5.73132e-008,0.1325934
-5.69132e-008,0.1323581
-5.65132e-008,0.1325934
-5.61132e-008,0.1335346
-5.57132e-008,0.1335346
-5.53132e-008,0.1325934
-5.49132e-008,0.1316523
-5.45132e-008,0.131417
-5.41132e-008,0.131417
-5.37132e-008,0.131417
-5.33132e-008,0.131417
-5.29132e-008,0.131417
-5.25132e-008,0.1321229
-5.21132e-008,0.1344757
-5.17132e-008,0.134711
-5.13132e-008,0.1344757
-5.09132e-008,0.134711
-5.05132e-008,0.1349463
-5.01132e-008,0.1351816
-4.97132e-008,0.1323581
-4.93132e-008,0.1290641
-4.89132e-008,0.128123
-4.85132e-008,0.1321229
-4.81132e-008,0.1380051
-4.77132e-008,0.1389462
-4.73132e-008,0.1349463
-4.69132e-008,0.1316523
-4.65132e-008,0.1316523
-4.61132e-008,0.1344757
-4.57132e-008,0.1377698
-4.53132e-008,0.136358
-4.49132e-008,0.1304758
-4.45132e-008,0.1274171
-4.41132e-008,0.1292994
-4.37132e-008,0.1325934
-4.33132e-008,0.1344757
-4.29132e-008,0.1318876
-4.25132e-008,0.1302406
-4.21132e-008,0.1340052
-4.17132e-008,0.1375345
-4.13132e-008,0.1368286
-4.09132e-008,0.1302406
-4.05132e-008,0.1231819
-4.01132e-008,0.1231819
-3.97132e-008,0.1288288
-3.93132e-008,0.1354169
-3.89132e-008,0.1358875
-3.85132e-008,0.131417
-3.81132e-008,0.1276524
-3.77132e-008,0.1278877
-3.73132e-008,0.1318876
-3.69132e-008,0.1361228
-3.65132e-008,0.1375345
-3.61132e-008,0.1380051
-3.57132e-008,0.1377698
-3.53132e-008,0.136358
-3.49132e-008,0.1342405
-3.45132e-008,0.1321229
-3.41132e-008,0.131417
-3.37132e-008,0.1321229
-3.33132e-008,0.1337699
-3.29132e-008,0.1349463
-3.25132e-008,0.1356522
-3.21132e-008,0.1349463
-3.17132e-008,0.133064
-3.13132e-008,0.1316523
-3.09132e-008,0.1307111
-3.05132e-008,0.1311817
-3.01132e-008,0.133064
-2.97132e-008,0.1349463
-2.93132e-008,0.1354169
-2.89132e-008,0.1382403
-2.85132e-008,0.1443578
-2.81132e-008,0.1504753
-2.77132e-008,0.1532988
-2.73132e-008,0.1474166
-2.69132e-008,0.1358875
-2.65132e-008,0.1252995
-2.61132e-008,0.1205938
-2.57132e-008,0.1238878
-2.53132e-008,0.1318876
-2.49132e-008,0.1372992
-2.45132e-008,0.1394168
-2.41132e-008,0.1384756
-2.37132e-008,0.1356522
-2.33132e-008,0.1354169
-2.29132e-008,0.1372992
-2.25132e-008,0.1384756
-2.21132e-008,0.1384756
-2.17132e-008,0.1365933
-2.13132e-008,0.1361228
-2.09132e-008,0.1372992
-2.05132e-008,0.1391815
-2.01132e-008,0.1403579
-1.97132e-008,0.1375345
-1.93132e-008,0.1325934
-1.89132e-008,0.1290641
-1.85132e-008,0.1274171
-1.81132e-008,0.128123
-1.77132e-008,0.1288288
-1.73132e-008,0.1267112
-1.69132e-008,0.1245936
-1.65132e-008,0.1252995
-1.61132e-008,0.1288288
-1.57132e-008,0.1349463
-1.53132e-008,0.1403579
-1.49132e-008,0.1417697
-1.45132e-008,0.1389462
-1.41132e-008,0.1356522
-1.37132e-008,0.1361228
-1.33132e-008,0.1401227
-1.29132e-008,0.1443578
-1.25132e-008,0.1455343
-1.21132e-008,0.1408285
-1.17132e-008,0.134711
-1.13132e-008,0.131417
-1.09132e-008,0.1311817
-1.05132e-008,0.1332993
-1.01132e-008,0.1368286
-9.7132e-009,0.1391815
-9.3132e-009,0.1396521
-8.9132e-009,0.1370639
-8.5132e-009,0.131417
-8.1132e-009,0.1262407
-7.7132e-009,0.1222408
-7.3132e-009,0.1220055
-6.9132e-009,0.1257701
-6.5132e-009,0.1295347
-6.1132e-009,0.1316523
-5.7132e-009,0.1311817
-5.3132e-009,0.1323581
-4.9132e-009,0.1358875
-4.5132e-009,0.1394168
-4.1132e-009,0.1398874
-3.7132e-009,0.1358875
-3.3132e-009,0.1304758
-2.9132e-009,0.1295347
-2.5132e-009,0.1318876
-2.1132e-009,0.1365933
-1.7132e-009,0.1389462
-1.3132e-009,0.1370639
-9.132e-010,0.1337699
-5.132e-010,0.1311817
-1.132e-010,0.1290641
2.868e-010,0.1274171
6.868e-010,0.1267112
1.0868e-009,0.1274171
1.4868e-009,0.1309464
1.8868e-009,0.136358
2.2868e-009,0.1412991
2.6868e-009,0.1443578
3.0868e-009,0.143652
3.4868e-009,0.1398874
3.8868e-009,0.1344757
4.2868e-009,0.1304758
4.6868e-009,0.1283583
5.0868e-009,0.12977
5.4868e-009,0.1351816
5.8868e-009,0.1422402
6.2868e-009,0.1455343
6.6868e-009,0.1460048
7.0868e-009,0.1448284
7.4868e-009,0.1410638
7.8868e-009,0.1344757
8.2868e-009,0.1255348
8.6868e-009,0.1198879
9.0868e-009,0.1215349
9.4868e-009,0.1290641
9.8868e-009,0.1384756
1.02868e-008,0.1429461
1.06868e-008,0.1417697
1.10868e-008,0.1370639
1.14868e-008,0.1335346
1.18868e-008,0.133064
1.22868e-008,0.131417
1.26868e-008,0.1290641
1.30868e-008,0.1309464
1.34868e-008,0.1365933
1.38868e-008,0.1438873
1.42868e-008,0.1483577
1.46868e-008,0.1471813
1.50868e-008,0.1415344
1.54868e-008,0.136358
1.58868e-008,0.1340052
1.62868e-008,0.1323581
1.66868e-008,0.1276524
1.70868e-008,0.1231819
1.74868e-008,0.1234172
1.78868e-008,0.1278877
1.82868e-008,0.1332993
1.86868e-008,0.1377698
1.90868e-008,0.1427108
1.94868e-008,0.1478872
1.98868e-008,0.151887
2.02868e-008,0.151887
2.06868e-008,0.145299
2.10868e-008,0.1335346
2.14868e-008,0.126476
2.18868e-008,0.1274171
2.22868e-008,0.134711
2.26868e-008,0.1412991
2.30868e-008,0.1401227
2.34868e-008,0.1354169
2.38868e-008,0.1321229
2.42868e-008,0.131417
2.46868e-008,0.1337699
2.50868e-008,0.1349463
2.54868e-008,0.131417
2.58868e-008,0.128123
2.62868e-008,0.126476
2.66868e-008,0.1309464
2.70868e-008,0.1380051
2.74868e-008,0.1424755
2.78868e-008,0.1415344
2.82868e-008,0.1361228
2.86868e-008,0.1302406
2.90868e-008,0.1257701
2.94868e-008,0.1241231
2.98868e-008,0.1252995
3.02868e-008,0.126476
3.06868e-008,0.1283583
3.10868e-008,0.1302406
3.14868e-008,0.1316523
3.18868e-008,0.1309464
3.22868e-008,0.1302406
3.26868e-008,0.1300053
3.30868e-008,0.1316523
3.34868e-008,0.1335346
3.38868e-008,0.1332993
3.42868e-008,0.131417
3.46868e-008,0.1307111
3.50868e-008,0.1344757
3.54868e-008,0.1389462
3.58868e-008,0.1394168
3.62868e-008,0.1365933
3.66868e-008,0.1316523
3.70868e-008,0.1285935
3.74868e-008,0.12977
3.78868e-008,0.1316523
3.82868e-008,0.1340052
3.86868e-008,0.1372992
3.90868e-008,0.1394168
3.94868e-008,0.1403579
3.98868e-008,0.1375345
4.02868e-008,0.1325934
4.06868e-008,0.1278877
4.10868e-008,0.1288288
4.14868e-008,0.1311817
4.18868e-008,0.1325934
4.22868e-008,0.1307111
4.26868e-008,0.1276524
4.30868e-008,0.1290641
4.34868e-008,0.1354169
4.38868e-008,0.1408285
4.42868e-008,0.1410638
4.46868e-008,0.134711
4.50868e-008,0.1250642
4.54868e-008,0.1201232
4.58868e-008,0.1243584
4.62868e-008,0.1332993
4.66868e-008,0.1410638
4.70868e-008,0.1431814
4.74868e-008,0.1387109
4.78868e-008,0.1323581
4.82868e-008,0.12977
4.86868e-008,0.1325934
4.90868e-008,0.1377698
4.94868e-008,0.1415344
4.98868e-008,0.1391815
5.02868e-008,0.134711
5.06868e-008,0.1325934
5.10868e-008,0.1351816
5.14868e-008,0.1398874
5.18868e-008,0.1415344
5.22868e-008,0.1377698
5.26868e-008,0.1283583
5.30868e-008,0.1212996
5.34868e-008,0.1210643
5.38868e-008,0.1255348
5.42868e-008,0.1311817
5.46868e-008,0.1335346
5.50868e-008,0.1309464
5.54868e-008,0.1274171
5.58868e-008,0.1262407
5.62868e-008,0.1300053
5.66868e-008,0.1380051
5.70868e-008,0.1448284
5.74868e-008,0.1455343
5.78868e-008,0.142005
5.82868e-008,0.136358
5.86868e-008,0.131417
5.90868e-008,0.1323581
5.94868e-008,0.1354169
5.98868e-008,0.1372992
6.02868e-008,0.1370639
6.06868e-008,0.1356522
6.10868e-008,0.1340052
6.14868e-008,0.1358875
6.18868e-008,0.1396521
6.22868e-008,0.1412991
6.26868e-008,0.1424755
6.30868e-008,0.142005
6.34868e-008,0.1370639
6.38868e-008,0.1325934
6.42868e-008,0.12977
6.46868e-008,0.128123
6.50868e-008,0.1295347
6.54868e-008,0.1328287
6.58868e-008,0.1344757
6.62868e-008,0.1332993
6.66868e-008,0.1311817
6.70868e-008,0.1304758
6.74868e-008,0.1321229
6.78868e-008,0.1354169
6.82868e-008,0.1368286
6.86868e-008,0.1349463
6.90868e-008,0.1304758
6.94868e-008,0.1267112
6.98868e-008,0.1267112
7.02868e-008,0.1304758
7.06868e-008,0.1342405
7.10868e-008,0.1340052
7.14868e-008,0.1288288
7.18868e-008,0.1227113
7.22868e-008,0.1194173
7.26868e-008,0.1212996
7.30868e-008,0.1276524
7.34868e-008,0.1344757
7.38868e-008,0.1387109
7.42868e-008,0.1380051
7.46868e-008,0.1351816
7.50868e-008,0.131417
7.54868e-008,0.1304758
7.58868e-008,0.1340052
7.62868e-008,0.1389462
7.66868e-008,0.1410638
7.70868e-008,0.1372992
7.74868e-008,0.1288288
7.78868e-008,0.1231819
7.82868e-008,0.1224761
7.86868e-008,0.1271818
7.90868e-008,0.1351816
7.94868e-008,0.1412991
7.98868e-008,0.1429461
8.02868e-008,0.1403579
8.06868e-008,0.1375345
8.10868e-008,0.1365933
8.14868e-008,0.1380051
8.18868e-008,0.1389462
8.22868e-008,0.1384756
8.26868e-008,0.1380051
8.30868e-008,0.136358
8.34868e-008,0.1318876
8.38868e-008,0.1274171
8.42868e-008,0.1245936
8.46868e-008,0.1248289
8.50868e-008,0.126476
8.54868e-008,0.1290641
8.58868e-008,0.1323581
8.62868e-008,0.1368286
8.66868e-008,0.1403579
8.70868e-008,0.1412991
8.74868e-008,0.1394168
8.78868e-008,0.1335346
8.82868e-008,0.1288288
8.86868e-008,0.1307111
8.90868e-008,0.1356522
8.94868e-008,0.1387109
8.98868e-008,0.1382403
9.02868e-008,0.1318876
9.06868e-008,0.1248289
9.10868e-008,0.1229466
9.14868e-008,0.1274171
9.18868e-008,0.133064
9.22868e-008,0.1365933
9.26868e-008,0.136358
9.30868e-008,0.1365933
9.34868e-008,0.1380051
9.38868e-008,0.1389462
9.42868e-008,0.1389462
9.46868e-008,0.1361228
9.50868e-008,0.1321229
9.54868e-008,0.1304758
9.58868e-008,0.1328287
9.62868e-008,0.1389462
9.66868e-008,0.1443578
9.70868e-008,0.1455343
9.74868e-008,0.143652
9.78868e-008,0.1401227
9.82868e-008,0.1361228
9.86868e-008,0.1340052
9.90868e-008,0.1361228
9.94868e-008,0.1382403
9.98868e-008,0.1384756
1.002868e-007,0.1372992
1.006868e-007,0.1354169
1.010868e-007,0.1337699
1.014868e-007,0.1337699
1.018868e-007,0.1356522
1.022868e-007,0.1365933
1.026868e-007,0.1368286
1.030868e-007,0.1368286
1.034868e-007,0.1372992
1.038868e-007,0.1377698
1.042868e-007,0.1372992
1.046868e-007,0.1342405
1.050868e-007,0.1300053
1.054868e-007,0.1255348
1.058868e-007,0.1234172
1.062868e-007,0.1257701
1.066868e-007,0.1300053
1.070868e-007,0.134711
1.074868e-007,0.1375345
1.078868e-007,0.1394168
1.082868e-007,0.1394168
1.086868e-007,0.1382403
1.090868e-007,0.1377698
1.094868e-007,0.1375345
1.098868e-007,0.1370639
1.102868e-007,0.1340052
1.106868e-007,0.1292994
1.110868e-007,0.1271818
1.114868e-007,0.1300053
1.118868e-007,0.134711
1.122868e-007,0.1375345
1.126868e-007,0.1344757
1.130868e-007,0.1288288
1.134868e-007,0.1257701
1.138868e-007,0.12977
1.142868e-007,0.1382403
1.146868e-007,0.1429461
1.150868e-007,0.1389462
1.154868e-007,0.1309464
1.158868e-007,0.1250642
1.162868e-007,0.1255348
1.166868e-007,0.1307111
1.170868e-007,0.1344757
1.174868e-007,0.1332993
1.178868e-007,0.1276524
1.182868e-007,0.1205938
1.186868e-007,0.1187115
1.190868e-007,0.1231819
1.194868e-007,0.1309464
1.198868e-007,0.1394168
1.202868e-007,0.1429461
1.206868e-007,0.1375345
1.210868e-007,0.1311817
1.214868e-007,0.1292994
1.218868e-007,0.133064
1.222868e-007,0.1403579
1.226868e-007,0.1422402
1.230868e-007,0.1377698
1.234868e-007,0.1300053
1.238868e-007,0.1245936
1.242868e-007,0.1243584
1.246868e-007,0.12977
1.250868e-007,0.1354169
1.254868e-007,0.1354169
1.258868e-007,0.1323581
1.262868e-007,0.1292994
1.266868e-007,0.1285935
1.270868e-007,0.1311817
1.274868e-007,0.1340052
1.278868e-007,0.1340052
1.282868e-007,0.1316523
1.286868e-007,0.1285935
1.290868e-007,0.1276524
1.294868e-007,0.1274171
1.298868e-007,0.1292994
1.302868e-007,0.1307111
1.306868e-007,0.134711
1.310868e-007,0.1401227
1.314868e-007,0.1422402
1.318868e-007,0.1396521
1.322868e-007,0.1351816
1.326868e-007,0.133064
1.330868e-007,0.134711
1.334868e-007,0.1394168
1.338868e-007,0.1431814
1.342868e-007,0.1415344
1.346868e-007,0.136358
1.350868e-007,0.1311817
1.354868e-007,0.1262407
1.358868e-007,0.1243584
1.362868e-007,0.126476
1.366868e-007,0.1309464
1.370868e-007,0.1382403
1.374868e-007,0.1434167
1.378868e-007,0.1422402
1.382868e-007,0.1368286
1.386868e-007,0.1321229
1.390868e-007,0.1295347
1.394868e-007,0.12977
1.398868e-007,0.1307111
1.402868e-007,0.1285935
1.406868e-007,0.1274171
1.410868e-007,0.1288288
1.414868e-007,0.1328287
1.418868e-007,0.1368286
1.422868e-007,0.1365933
1.426868e-007,0.1321229
1.430868e-007,0.1278877
1.434868e-007,0.1276524
1.438868e-007,0.1302406
1.442868e-007,0.1332993
1.446868e-007,0.1340052
1.450868e-007,0.1328287
1.454868e-007,0.1316523
1.458868e-007,0.1318876
1.462868e-007,0.133064
1.466868e-007,0.1332993
1.470868e-007,0.1318876
1.474868e-007,0.1311817
1.478868e-007,0.1340052
1.482868e-007,0.1408285
1.486868e-007,0.1462401
1.490868e-007,0.1457696
1.494868e-007,0.1387109
1.498868e-007,0.12977
1.502868e-007,0.1278877
1.506868e-007,0.1328287
1.510868e-007,0.1387109
1.514868e-007,0.1410638
1.518868e-007,0.1372992
1.522868e-007,0.1321229
1.526868e-007,0.1302406
1.530868e-007,0.1318876
1.534868e-007,0.1349463
1.538868e-007,0.1349463
1.542868e-007,0.1311817
1.546868e-007,0.128123
1.550868e-007,0.1271818
1.554868e-007,0.1292994
1.558868e-007,0.1321229
1.562868e-007,0.1356522
1.566868e-007,0.1384756
1.570868e-007,0.1401227
1.574868e-007,0.1394168
1.578868e-007,0.1382403
1.582868e-007,0.1354169
1.586868e-007,0.1311817
1.590868e-007,0.1285935
1.594868e-007,0.1288288
1.598868e-007,0.1295347
1.602868e-007,0.1302406
1.606868e-007,0.1307111
1.610868e-007,0.1323581
1.614868e-007,0.1349463
1.618868e-007,0.1372992
1.622868e-007,0.1403579
1.626868e-007,0.1415344
1.630868e-007,0.1412991
1.634868e-007,0.1401227
1.638868e-007,0.1394168
1.642868e-007,0.1380051
1.646868e-007,0.1358875
1.650868e-007,0.1332993
1.654868e-007,0.1323581
1.658868e-007,0.133064
1.662868e-007,0.1337699
1.666868e-007,0.1361228
1.670868e-007,0.1403579
1.674868e-007,0.1448284
1.678868e-007,0.1476519
1.682868e-007,0.1478872
1.686868e-007,0.1427108
1.690868e-007,0.1335346
1.694868e-007,0.1269465
1.698868e-007,0.126476
1.702868e-007,0.1295347
1.706868e-007,0.1358875
1.710868e-007,0.1410638
1.714868e-007,0.1401227
1.718868e-007,0.1349463
1.722868e-007,0.1325934
1.726868e-007,0.1349463
1.730868e-007,0.1408285
1.734868e-007,0.143652
1.738868e-007,0.1394168
1.742868e-007,0.1316523
1.746868e-007,0.126476
1.750868e-007,0.1248289
1.754868e-007,0.126476
1.758868e-007,0.1300053
1.762868e-007,0.1321229
1.766868e-007,0.1316523
1.770868e-007,0.1325934
1.774868e-007,0.1344757
1.778868e-007,0.1351816
1.782868e-007,0.1344757
1.786868e-007,0.1321229
1.790868e-007,0.131417
1.794868e-007,0.1354169
1.798868e-007,0.142005
1.802868e-007,0.1471813
1.806868e-007,0.1460048
1.810868e-007,0.1394168
1.814868e-007,0.1321229
1.818868e-007,0.1321229
1.822868e-007,0.1380051
1.826868e-007,0.1457696
1.830868e-007,0.1474166
1.834868e-007,0.1408285
1.838868e-007,0.1311817
1.842868e-007,0.1271818
1.846868e-007,0.1321229
1.850868e-007,0.1394168
1.854868e-007,0.1417697
1.858868e-007,0.1372992
1.862868e-007,0.1307111
1.866868e-007,0.1288288
1.870868e-007,0.1349463
1.874868e-007,0.1441225
1.878868e-007,0.1483577
1.882868e-007,0.1431814
1.886868e-007,0.1340052
1.890868e-007,0.1285935
1.894868e-007,0.1304758
1.898868e-007,0.136358
1.902868e-007,0.1389462
1.906868e-007,0.1380051
1.910868e-007,0.1349463
1.914868e-007,0.1311817
1.918868e-007,0.1302406
1.922868e-007,0.133064
1.926868e-007,0.1351816
1.930868e-007,0.1342405
1.934868e-007,0.12977
1.938868e-007,0.1241231
1.942868e-007,0.1201232
1.946868e-007,0.1210643
1.950868e-007,0.1252995
1.954868e-007,0.1304758
1.958868e-007,0.1342405
1.962868e-007,0.1361228
1.966868e-007,0.1382403
1.970868e-007,0.1401227
1.974868e-007,0.1403579
1.978868e-007,0.1382403
1.982868e-007,0.1335346
1.986868e-007,0.1290641
1.990868e-007,0.1269465
1.994868e-007,0.128123
1.998868e-007,0.1328287
2.002868e-007,0.1372992
2.006868e-007,0.1403579
2.010868e-007,0.1405932
2.014868e-007,0.1382403
2.018868e-007,0.1340052
2.022868e-007,0.1309464
2.026868e-007,0.1316523
2.030868e-007,0.1349463
2.034868e-007,0.1389462
2.038868e-007,0.1412991
2.042868e-007,0.1405932
2.046868e-007,0.1387109
2.050868e-007,0.1375345
2.054868e-007,0.1372992
2.058868e-007,0.1372992
2.062868e-007,0.133064
2.066868e-007,0.1267112
2.070868e-007,0.1231819
2.074868e-007,0.1260054
2.078868e-007,0.1335346
2.082868e-007,0.1417697
2.086868e-007,0.1464754
2.090868e-007,0.1455343
2.094868e-007,0.1375345
2.098868e-007,0.128123
2.102868e-007,0.1248289
2.106868e-007,0.1274171
2.110868e-007,0.1344757
2.114868e-007,0.1431814
2.118868e-007,0.1478872
2.122868e-007,0.145299
2.126868e-007,0.1391815
2.130868e-007,0.1332993
2.134868e-007,0.1295347
2.138868e-007,0.128123
2.142868e-007,0.1292994
2.146868e-007,0.131417
2.150868e-007,0.1344757
2.154868e-007,0.1380051
2.158868e-007,0.1401227
2.162868e-007,0.1384756
2.166868e-007,0.1340052
2.170868e-007,0.1307111
2.174868e-007,0.1328287
2.178868e-007,0.1380051
2.182868e-007,0.1410638
2.186868e-007,0.1405932
2.190868e-007,0.1377698
2.194868e-007,0.1358875
2.198868e-007,0.1375345
2.202868e-007,0.1412991
2.206868e-007,0.1422402
2.210868e-007,0.1396521
2.214868e-007,0.1328287
2.218868e-007,0.1283583
2.222868e-007,0.1285935
2.226868e-007,0.1318876
2.230868e-007,0.136358
2.234868e-007,0.1398874
2.238868e-007,0.1408285
2.242868e-007,0.1382403
2.246868e-007,0.1337699
2.250868e-007,0.1304758
2.254868e-007,0.1316523
2.258868e-007,0.1354169
2.262868e-007,0.1384756
2.266868e-007,0.1394168
2.270868e-007,0.1389462
2.274868e-007,0.1389462
2.278868e-007,0.1391815
2.282868e-007,0.1377698
2.286868e-007,0.134711
2.290868e-007,0.1292994
2.294868e-007,0.1257701
2.298868e-007,0.1267112
2.302868e-007,0.1316523
2.306868e-007,0.1361228
2.310868e-007,0.1340052
2.314868e-007,0.1292994
2.318868e-007,0.1250642
2.322868e-007,0.1245936
2.326868e-007,0.1292994
2.330868e-007,0.1358875
2.334868e-007,0.1389462
2.338868e-007,0.1368286
2.342868e-007,0.1335346
2.346868e-007,0.133064
2.350868e-007,0.1351816
2.354868e-007,0.1365933
2.358868e-007,0.136358
2.362868e-007,0.1337699
2.366868e-007,0.1316523
2.370868e-007,0.133064
2.374868e-007,0.1370639
2.378868e-007,0.1427108
2.382868e-007,0.1457696
2.386868e-007,0.1427108
2.390868e-007,0.1351816
2.394868e-007,0.1292994
2.398868e-007,0.1285935
2.402868e-007,0.1316523
2.406868e-007,0.133064
2.410868e-007,0.1302406
2.414868e-007,0.1248289
2.418868e-007,0.1236525
2.422868e-007,0.1300053
2.426868e-007,0.1368286
2.430868e-007,0.1394168
2.434868e-007,0.136358
2.438868e-007,0.1311817
2.442868e-007,0.1304758
2.446868e-007,0.1354169
2.450868e-007,0.1401227
2.454868e-007,0.1391815
2.458868e-007,0.1323581
2.462868e-007,0.1248289
2.466868e-007,0.1238878
2.470868e-007,0.1274171
2.474868e-007,0.1307111
2.478868e-007,0.1318876
2.482868e-007,0.1323581
2.486868e-007,0.134711
2.490868e-007,0.1394168
2.494868e-007,0.1438873
2.498868e-007,0.1460048
2.502868e-007,0.1445931
2.506868e-007,0.1412991
2.510868e-007,0.1380051
2.514868e-007,0.1358875
2.518868e-007,0.134711
2.522868e-007,0.1316523
2.526868e-007,0.1311817
2.530868e-007,0.1342405
2.534868e-007,0.1370639
2.538868e-007,0.1377698
2.542868e-007,0.1337699
2.546868e-007,0.1269465
2.550868e-007,0.1227113
2.554868e-007,0.1236525
2.558868e-007,0.1285935
2.562868e-007,0.1340052
2.566868e-007,0.1372992
2.570868e-007,0.1389462
2.574868e-007,0.1394168
2.578868e-007,0.1389462
2.582868e-007,0.1391815
2.586868e-007,0.1365933
2.590868e-007,0.1321229
2.594868e-007,0.1285935
2.598868e-007,0.1295347
2.602868e-007,0.136358
2.606868e-007,0.1438873
2.610868e-007,0.1471813
2.614868e-007,0.1431814
2.618868e-007,0.1332993
2.622868e-007,0.1243584
2.626868e-007,0.1222408
2.630868e-007,0.126476
2.634868e-007,0.1342405
2.638868e-007,0.1398874
2.642868e-007,0.1405932
2.646868e-007,0.1380051
2.650868e-007,0.1351816
2.654868e-007,0.1342405
2.658868e-007,0.1358875
2.662868e-007,0.1389462
2.666868e-007,0.1412991
2.670868e-007,0.1398874
2.674868e-007,0.136358
2.678868e-007,0.1340052
2.682868e-007,0.1337699
2.686868e-007,0.136358
2.690868e-007,0.1389462
2.694868e-007,0.1370639
2.698868e-007,0.1325934
2.702868e-007,0.131417
2.706868e-007,0.1351816
2.710868e-007,0.1405932
2.714868e-007,0.1441225
2.718868e-007,0.143652
2.722868e-007,0.1405932
2.726868e-007,0.1384756
2.730868e-007,0.1387109
2.734868e-007,0.1380051
2.738868e-007,0.1340052
2.742868e-007,0.1274171
2.746868e-007,0.1222408
2.750868e-007,0.1227113
2.754868e-007,0.1288288
2.758868e-007,0.1354169
2.762868e-007,0.1398874
2.766868e-007,0.1415344
2.770868e-007,0.1408285
2.774868e-007,0.1375345
2.778868e-007,0.1328287
2.782868e-007,0.1295347
2.786868e-007,0.1304758
2.790868e-007,0.1354169
2.794868e-007,0.1401227
2.798868e-007,0.1405932
2.802868e-007,0.1377698
2.806868e-007,0.1332993
2.810868e-007,0.1307111
2.814868e-007,0.1304758
2.818868e-007,0.1302406
2.822868e-007,0.1283583
2.826868e-007,0.1283583
2.830868e-007,0.1307111
2.834868e-007,0.134711
2.838868e-007,0.1370639
2.842868e-007,0.1342405
2.846868e-007,0.12977
2.850868e-007,0.1290641
2.854868e-007,0.1340052
2.858868e-007,0.1422402
2.862868e-007,0.146946
2.866868e-007,0.1441225
2.870868e-007,0.1370639
2.874868e-007,0.1307111
2.878868e-007,0.1290641
2.882868e-007,0.1316523
2.886868e-007,0.1349463
2.890868e-007,0.1382403
2.894868e-007,0.1422402
2.898868e-007,0.1457696
2.902868e-007,0.1471813
2.906868e-007,0.1460048
2.910868e-007,0.1434167
2.914868e-007,0.1387109
2.918868e-007,0.1340052
2.922868e-007,0.1300053
2.926868e-007,0.1269465
2.930868e-007,0.1262407
2.934868e-007,0.1285935
2.938868e-007,0.1318876
2.942868e-007,0.1354169
2.946868e-007,0.1380051
2.950868e-007,0.1384756
2.954868e-007,0.1382403
2.958868e-007,0.1365933
2.962868e-007,0.1325934
2.966868e-007,0.1283583
2.970868e-007,0.1278877
2.974868e-007,0.1316523
2.978868e-007,0.1370639
2.982868e-007,0.1396521
2.986868e-007,0.1368286
2.990868e-007,0.1316523
2.994868e-007,0.1288288
2.998868e-007,0.131417
3.002868e-007,0.1384756
3.006868e-007,0.1457696
3.010868e-007,0.1471813
3.014868e-007,0.1424755
3.018868e-007,0.1354169
3.022868e-007,0.1302406
3.026868e-007,0.1295347
3.030868e-007,0.1304758
3.034868e-007,0.1309464
3.038868e-007,0.1300053
3.042868e-007,0.1278877
3.046868e-007,0.1267112
3.050868e-007,0.1288288
3.054868e-007,0.1321229
3.058868e-007,0.1375345
3.062868e-007,0.1431814
3.066868e-007,0.1460048
3.070868e-007,0.145299
3.074868e-007,0.1401227
3.078868e-007,0.1328287
3.082868e-007,0.128123
3.086868e-007,0.1274171
3.090868e-007,0.1304758
3.094868e-007,0.136358
3.098868e-007,0.1427108
3.102868e-007,0.1464754
3.106868e-007,0.1462401
3.110868e-007,0.1424755
3.114868e-007,0.1380051
3.118868e-007,0.1344757
3.122868e-007,0.1332993
3.126868e-007,0.1349463
3.130868e-007,0.1365933
3.134868e-007,0.1354169
3.138868e-007,0.1325934
3.142868e-007,0.1302406
3.146868e-007,0.1288288
3.150868e-007,0.1288288
3.154868e-007,0.1257701
3.158868e-007,0.1210643
3.162868e-007,0.1177703
3.166868e-007,0.120829
3.170868e-007,0.1283583
3.174868e-007,0.1389462
3.178868e-007,0.1474166
3.182868e-007,0.1478872
3.186868e-007,0.143652
3.190868e-007,0.1396521
3.194868e-007,0.1361228
3.198868e-007,0.1349463
3.202868e-007,0.136358
3.206868e-007,0.136358
3.210868e-007,0.1349463
3.214868e-007,0.1321229
3.218868e-007,0.1288288
3.222868e-007,0.1283583
3.226868e-007,0.1300053
3.230868e-007,0.1321229
3.234868e-007,0.1337699
3.238868e-007,0.1328287
3.242868e-007,0.1300053
3.246868e-007,0.1278877
3.250868e-007,0.1274171
3.254868e-007,0.12977
3.258868e-007,0.1332993
3.262868e-007,0.1351816
3.266868e-007,0.1340052
3.270868e-007,0.1307111
3.274868e-007,0.1278877
3.278868e-007,0.1288288
3.282868e-007,0.1344757
3.286868e-007,0.1417697
3.290868e-007,0.1457696
3.294868e-007,0.1434167
3.298868e-007,0.1380051
3.302868e-007,0.1318876
3.306868e-007,0.1302406
3.310868e-007,0.1337699
3.314868e-007,0.1375345
3.318868e-007,0.1377698
3.322868e-007,0.1335346
3.326868e-007,0.1271818
3.330868e-007,0.1236525
3.334868e-007,0.1245936
3.338868e-007,0.1304758
3.342868e-007,0.1365933
3.346868e-007,0.1389462
3.350868e-007,0.1375345
3.354868e-007,0.1340052
3.358868e-007,0.1325934
3.362868e-007,0.134711
3.366868e-007,0.1389462
3.370868e-007,0.1427108
3.374868e-007,0.1396521
3.378868e-007,0.1311817
3.382868e-007,0.1243584
3.386868e-007,0.1234172
3.390868e-007,0.12977
3.394868e-007,0.1396521
3.398868e-007,0.1460048
3.402868e-007,0.1464754
3.406868e-007,0.143652
3.410868e-007,0.1412991
3.414868e-007,0.1410638
3.418868e-007,0.142005
3.422868e-007,0.1405932
3.426868e-007,0.1382403
3.430868e-007,0.1365933
3.434868e-007,0.1361228
3.438868e-007,0.136358
3.442868e-007,0.1389462
3.446868e-007,0.1415344
3.450868e-007,0.142005
3.454868e-007,0.1398874
3.458868e-007,0.1368286
3.462868e-007,0.1316523
3.466868e-007,0.1288288
3.470868e-007,0.1304758
3.474868e-007,0.134711
3.478868e-007,0.1380051
3.482868e-007,0.1380051
3.486868e-007,0.1354169
3.490868e-007,0.133064
3.494868e-007,0.1302406
3.498868e-007,0.126476
3.502868e-007,0.1238878
3.506868e-007,0.1248289
3.510868e-007,0.1307111
3.514868e-007,0.1384756
3.518868e-007,0.1445931
3.522868e-007,0.1464754
3.526868e-007,0.1427108
3.530868e-007,0.1377698
3.534868e-007,0.1340052
3.538868e-007,0.1311817
3.542868e-007,0.1278877
3.546868e-007,0.1243584
3.550868e-007,0.1231819
3.554868e-007,0.1255348
3.558868e-007,0.1295347
3.562868e-007,0.1335346
3.566868e-007,0.1349463
3.570868e-007,0.1316523
3.574868e-007,0.126476
3.578868e-007,0.1238878
3.582868e-007,0.1241231
3.586868e-007,0.1260054
3.590868e-007,0.1278877
3.594868e-007,0.1292994
3.598868e-007,0.1307111
3.602868e-007,0.133064
3.606868e-007,0.1344757
3.610868e-007,0.136358
3.614868e-007,0.1372992
3.618868e-007,0.1361228
3.622868e-007,0.1335346
3.626868e-007,0.1302406
3.630868e-007,0.1269465
3.634868e-007,0.1260054
3.638868e-007,0.1271818
3.642868e-007,0.1295347
3.646868e-007,0.1323581
3.650868e-007,0.1356522
3.654868e-007,0.1380051
3.658868e-007,0.1405932
3.662868e-007,0.1403579
3.666868e-007,0.1354169
3.670868e-007,0.1267112
3.674868e-007,0.1194173
3.678868e-007,0.1198879
3.682868e-007,0.1257701
3.686868e-007,0.1335346
3.690868e-007,0.1387109
3.694868e-007,0.1396521
3.698868e-007,0.1372992
3.702868e-007,0.1354169
3.706868e-007,0.1332993
3.710868e-007,0.1304758
3.714868e-007,0.1292994
3.718868e-007,0.12977
3.722868e-007,0.1309464
3.726868e-007,0.1302406
3.730868e-007,0.1255348
3.734868e-007,0.1198879
3.738868e-007,0.1187115
3.742868e-007,0.1234172
3.746868e-007,0.1328287
3.750868e-007,0.1405932
3.754868e-007,0.1412991
3.758868e-007,0.1391815
3.762868e-007,0.1394168
3.766868e-007,0.1431814
3.770868e-007,0.1460048
3.774868e-007,0.1441225
3.778868e-007,0.1380051
3.782868e-007,0.1292994
3.786868e-007,0.1250642
3.790868e-007,0.1276524
3.794868e-007,0.1328287
3.798868e-007,0.1365933
3.802868e-007,0.1384756
3.806868e-007,0.1389462
3.810868e-007,0.1389462
3.814868e-007,0.1384756
3.818868e-007,0.1396521
3.822868e-007,0.1403579
3.826868e-007,0.1394168
3.830868e-007,0.1377698
3.834868e-007,0.1361228
3.838868e-007,0.1344757
3.842868e-007,0.1325934
3.846868e-007,0.1323581
3.850868e-007,0.1351816
3.854868e-007,0.1361228
3.858868e-007,0.1337699
3.862868e-007,0.1295347
3.866868e-007,0.1271818
3.870868e-007,0.1290641
3.874868e-007,0.1332993
3.878868e-007,0.136358
3.882868e-007,0.1370639
3.886868e-007,0.1342405
3.890868e-007,0.1300053
3.894868e-007,0.1283583
3.898868e-007,0.1283583
3.902868e-007,0.1304758
3.906868e-007,0.1337699
3.910868e-007,0.1351816
3.914868e-007,0.1361228
3.918868e-007,0.1354169
3.922868e-007,0.1316523
3.926868e-007,0.1295347
3.930868e-007,0.1307111
3.934868e-007,0.1358875
3.938868e-007,0.1405932
3.942868e-007,0.1408285
3.946868e-007,0.1377698
3.950868e-007,0.133064
3.954868e-007,0.1321229
3.958868e-007,0.1370639
3.962868e-007,0.1427108
3.966868e-007,0.1462401
3.970868e-007,0.1431814
3.974868e-007,0.1337699
3.978868e-007,0.1267112
3.982868e-007,0.1262407
3.986868e-007,0.133064
3.990868e-007,0.1401227
3.994868e-007,0.1434167
3.998868e-007,0.1401227
4.002868e-007,0.134711
4.006868e-007,0.1311817
4.010868e-007,0.1325934
4.014868e-007,0.1370639
4.018868e-007,0.1412991
4.022868e-007,0.143652
4.026868e-007,0.143652
4.030868e-007,0.1415344
4.034868e-007,0.1349463
4.038868e-007,0.1285935
4.042868e-007,0.126476
4.046868e-007,0.1288288
4.050868e-007,0.134711
4.054868e-007,0.1389462
4.058868e-007,0.1356522
4.062868e-007,0.1283583
4.066868e-007,0.1217702
4.070868e-007,0.1189467
4.074868e-007,0.1236525
4.078868e-007,0.1311817
4.082868e-007,0.1368286
4.086868e-007,0.1391815
4.090868e-007,0.1391815
4.094868e-007,0.1391815
4.098868e-007,0.1391815
4.102868e-007,0.1372992
4.106868e-007,0.1365933
4.110868e-007,0.1354169
4.114868e-007,0.1337699
4.118868e-007,0.1316523
4.122868e-007,0.1295347
4.126868e-007,0.128123
4.130868e-007,0.1271818
4.134868e-007,0.1278877
4.138868e-007,0.1316523
4.142868e-007,0.1318876
4.146868e-007,0.1283583
4.150868e-007,0.1257701
4.154868e-007,0.1260054
4.158868e-007,0.1283583
4.162868e-007,0.1316523
4.166868e-007,0.1349463
4.170868e-007,0.1365933
4.174868e-007,0.1391815
4.178868e-007,0.1403579
4.182868e-007,0.1382403
4.186868e-007,0.1321229
4.190868e-007,0.126476
4.194868e-007,0.1229466
4.198868e-007,0.1271818
4.202868e-007,0.1370639
4.206868e-007,0.145299
4.210868e-007,0.1467107
4.214868e-007,0.1438873
4.218868e-007,0.1389462
4.222868e-007,0.1380051
4.226868e-007,0.142005
4.230868e-007,0.1443578
4.234868e-007,0.1431814
4.238868e-007,0.1389462
4.242868e-007,0.1342405
4.246868e-007,0.1309464
4.250868e-007,0.1311817
4.254868e-007,0.1309464
4.258868e-007,0.1304758
4.262868e-007,0.1290641
4.266868e-007,0.1288288
4.270868e-007,0.1316523
4.274868e-007,0.1361228
4.278868e-007,0.1403579
4.282868e-007,0.1424755
4.286868e-007,0.1412991
4.290868e-007,0.1370639
4.294868e-007,0.1318876
4.298868e-007,0.1285935
4.302868e-007,0.1302406
4.306868e-007,0.1354169
4.310868e-007,0.1391815
4.314868e-007,0.1405932
4.318868e-007,0.1389462
4.322868e-007,0.1344757
4.326868e-007,0.1316523
4.330868e-007,0.1332993
4.334868e-007,0.1391815
4.338868e-007,0.1450637
4.342868e-007,0.1450637
4.346868e-007,0.1401227
4.350868e-007,0.1332993
4.354868e-007,0.1283583
4.358868e-007,0.1283583
4.362868e-007,0.1335346
4.366868e-007,0.1380051
4.370868e-007,0.1389462
4.374868e-007,0.1361228
4.378868e-007,0.1311817
4.382868e-007,0.1262407
4.386868e-007,0.1236525
4.390868e-007,0.1245936
4.394868e-007,0.1283583
4.398868e-007,0.1323581
4.402868e-007,0.1335346
4.406868e-007,0.1337699
4.410868e-007,0.1344757
4.414868e-007,0.1356522
4.418868e-007,0.1372992
4.422868e-007,0.1384756
4.426868e-007,0.1387109
4.430868e-007,0.1375345
4.434868e-007,0.1375345
4.438868e-007,0.1375345
4.442868e-007,0.1358875
4.446868e-007,0.1318876
4.450868e-007,0.1278877
4.454868e-007,0.126476
4.458868e-007,0.1307111
4.462868e-007,0.1377698
4.466868e-007,0.143652
4.470868e-007,0.1457696
4.474868e-007,0.1408285
4.478868e-007,0.1325934
4.482868e-007,0.1274171
4.486868e-007,0.1274171
4.490868e-007,0.1323581
4.494868e-007,0.1377698
4.498868e-007,0.1394168
4.502868e-007,0.134711
4.506868e-007,0.1271818
4.510868e-007,0.1217702
4.514868e-007,0.1234172
4.518868e-007,0.1300053
4.522868e-007,0.1365933
4.526868e-007,0.1391815
4.530868e-007,0.1380051
4.534868e-007,0.1342405
4.538868e-007,0.1309464
4.542868e-007,0.1295347
4.546868e-007,0.12977
4.550868e-007,0.1307111
4.554868e-007,0.1323581
4.558868e-007,0.1354169
4.562868e-007,0.1384756
4.566868e-007,0.1410638
4.570868e-007,0.1417697
4.574868e-007,0.1398874
4.578868e-007,0.1365933
4.582868e-007,0.1316523
4.586868e-007,0.1260054
4.590868e-007,0.1229466
4.594868e-007,0.1243584
4.598868e-007,0.1309464
4.602868e-007,0.1391815
4.606868e-007,0.1443578
4.610868e-007,0.1438873
4.614868e-007,0.1380051
4.618868e-007,0.1307111
4.622868e-007,0.1250642
4.626868e-007,0.1236525
4.630868e-007,0.1252995
4.634868e-007,0.1290641
4.638868e-007,0.1325934
4.642868e-007,0.134711
4.646868e-007,0.1368286
4.650868e-007,0.1375345
4.654868e-007,0.1344757
4.658868e-007,0.1304758
4.662868e-007,0.1285935
4.666868e-007,0.1290641
4.670868e-007,0.1321229
4.674868e-007,0.1351816
4.678868e-007,0.1344757
4.682868e-007,0.1311817
4.686868e-007,0.1300053
4.690868e-007,0.1304758
4.694868e-007,0.1323581
4.698868e-007,0.1342405
4.702868e-007,0.1370639
4.706868e-007,0.1398874
4.710868e-007,0.1394168
4.714868e-007,0.1344757
4.718868e-007,0.1252995
4.722868e-007,0.1187115
4.726868e-007,0.1196526
4.730868e-007,0.1283583
4.734868e-007,0.1391815
4.738868e-007,0.1448284
4.742868e-007,0.1405932
4.746868e-007,0.1309464
4.750868e-007,0.1234172
4.754868e-007,0.1227113
4.758868e-007,0.128123
4.762868e-007,0.136358
4.766868e-007,0.1408285
4.770868e-007,0.1401227
4.774868e-007,0.134711
4.778868e-007,0.1274171
4.782868e-007,0.1250642
4.786868e-007,0.1292994
4.790868e-007,0.1375345
4.794868e-007,0.1424755
4.798868e-007,0.1424755
4.802868e-007,0.1398874
4.806868e-007,0.1361228
4.810868e-007,0.1361228
4.814868e-007,0.1387109
4.818868e-007,0.1389462
4.822868e-007,0.1358875
4.826868e-007,0.1302406
4.830868e-007,0.1276524
4.834868e-007,0.1295347
4.838868e-007,0.133064
4.842868e-007,0.1356522
4.846868e-007,0.1340052
4.850868e-007,0.1316523
4.854868e-007,0.1300053
4.858868e-007,0.131417
4.862868e-007,0.134711
4.866868e-007,0.1344757
4.870868e-007,0.12977
4.874868e-007,0.1255348
4.878868e-007,0.1255348
4.882868e-007,0.1311817
4.886868e-007,0.1396521
4.890868e-007,0.1434167
4.894868e-007,0.1380051
4.898868e-007,0.1283583
4.902868e-007,0.1217702
4.906868e-007,0.1241231
4.910868e-007,0.1325934
4.914868e-007,0.1403579
4.918868e-007,0.1434167
4.922868e-007,0.1417697
4.926868e-007,0.1380051
4.930868e-007,0.136358
4.934868e-007,0.1380051
4.938868e-007,0.1401227
4.942868e-007,0.1403579
4.946868e-007,0.1375345
4.950868e-007,0.1351816
4.954868e-007,0.1354169
4.958868e-007,0.1370639
4.962868e-007,0.136358
4.966868e-007,0.1340052
4.970868e-007,0.1295347
4.974868e-007,0.1255348
4.978868e-007,0.1252995
4.982868e-007,0.1285935
4.986868e-007,0.1307111
4.990868e-007,0.1321229
4.994868e-007,0.1337699
4.998868e-007,0.1337699
5.002868e-007,0.134711
5.006868e-007,0.1370639
5.010868e-007,0.1396521
5.014868e-007,0.1422402
5.018868e-007,0.1434167
5.022868e-007,0.1438873
5.026868e-007,0.143652
5.030868e-007,0.1412991
5.034868e-007,0.1370639
5.038868e-007,0.1328287
5.042868e-007,0.1302406
5.046868e-007,0.1300053
5.050868e-007,0.1318876
5.054868e-007,0.1358875
5.058868e-007,0.1391815
5.062868e-007,0.1377698
5.066868e-007,0.1328287
5.070868e-007,0.1278877
5.074868e-007,0.1271818
5.078868e-007,0.12977
5.082868e-007,0.1323581
5.086868e-007,0.133064
5.090868e-007,0.1290641
5.094868e-007,0.1222408
5.098868e-007,0.1184762
5.102868e-007,0.1205938
5.106868e-007,0.1271818
5.110868e-007,0.134711
5.114868e-007,0.1375345
5.118868e-007,0.1358875
5.122868e-007,0.133064
5.126868e-007,0.12977
5.130868e-007,0.1283583
5.134868e-007,0.1276524
5.138868e-007,0.1276524
5.142868e-007,0.1283583
5.146868e-007,0.1309464
5.150868e-007,0.1323581
5.154868e-007,0.1311817
5.158868e-007,0.1283583
5.162868e-007,0.1271818
5.166868e-007,0.1269465
5.170868e-007,0.1300053
5.174868e-007,0.136358
5.178868e-007,0.1403579
5.182868e-007,0.1394168
5.186868e-007,0.1351816
5.190868e-007,0.1295347
5.194868e-007,0.1278877
5.198868e-007,0.1311817
5.202868e-007,0.1354169
5.206868e-007,0.1365933
5.210868e-007,0.1316523
5.214868e-007,0.1234172
5.218868e-007,0.1196526
5.222868e-007,0.1224761
5.226868e-007,0.1316523
5.230868e-007,0.1410638
5.234868e-007,0.1457696
5.238868e-007,0.146946
5.242868e-007,0.1427108
5.246868e-007,0.1354169
5.250868e-007,0.1292994
5.254868e-007,0.1250642
5.258868e-007,0.1243584
5.262868e-007,0.1255348
5.266868e-007,0.1252995
5.270868e-007,0.1238878
5.274868e-007,0.1245936
5.278868e-007,0.1304758
5.282868e-007,0.1412991
5.286868e-007,0.1507106
5.290868e-007,0.1516518
5.294868e-007,0.1448284
5.298868e-007,0.1365933
5.302868e-007,0.1332993
5.306868e-007,0.1372992
5.310868e-007,0.1450637
5.314868e-007,0.1500047
5.318868e-007,0.1467107
5.322868e-007,0.1377698
5.326868e-007,0.1290641
5.330868e-007,0.1260054
5.334868e-007,0.1300053
5.338868e-007,0.1356522
5.342868e-007,0.1384756
5.346868e-007,0.1365933
5.350868e-007,0.1316523
5.354868e-007,0.1290641
5.358868e-007,0.1311817
5.362868e-007,0.1356522
5.366868e-007,0.1387109
5.370868e-007,0.1375345
5.374868e-007,0.1342405
5.378868e-007,0.1309464
5.382868e-007,0.1300053
5.386868e-007,0.1325934
5.390868e-007,0.1344757
5.394868e-007,0.1351816
5.398868e-007,0.1354169
5.402868e-007,0.1375345
5.406868e-007,0.1389462
5.410868e-007,0.1368286
5.414868e-007,0.1325934
5.418868e-007,0.1292994
5.422868e-007,0.1288288
5.426868e-007,0.1328287
5.430868e-007,0.1380051
5.434868e-007,0.1398874
5.438868e-007,0.1370639
5.442868e-007,0.133064
5.446868e-007,0.1300053
5.450868e-007,0.1292994
5.454868e-007,0.1292994
5.458868e-007,0.1283583
5.462868e-007,0.1278877
5.466868e-007,0.1285935
5.470868e-007,0.131417
5.474868e-007,0.133064
5.478868e-007,0.1344757
5.482868e-007,0.1361228
5.486868e-007,0.136358
5.490868e-007,0.136358
5.494868e-007,0.1365933
5.498868e-007,0.1356522
5.502868e-007,0.1323581
5.506868e-007,0.131417
5.510868e-007,0.1337699
5.514868e-007,0.1372992
5.518868e-007,0.1380051
5.522868e-007,0.1356522
5.526868e-007,0.1323581
5.530868e-007,0.1325934
5.534868e-007,0.1354169
5.538868e-007,0.1368286
5.542868e-007,0.1342405
5.546868e-007,0.1288288
5.550868e-007,0.1262407
5.554868e-007,0.1304758
5.558868e-007,0.1377698
5.562868e-007,0.1415344
5.566868e-007,0.1370639
5.570868e-007,0.1260054
5.574868e-007,0.1172997
5.578868e-007,0.1184762
5.582868e-007,0.1278877
5.586868e-007,0.1356522
5.590868e-007,0.1375345
5.594868e-007,0.134711
5.598868e-007,0.1337699
5.602868e-007,0.1365933
5.606868e-007,0.1401227
5.610868e-007,0.142005
5.614868e-007,0.1410638
5.618868e-007,0.1387109
5.622868e-007,0.1372992
5.626868e-007,0.1361228
5.630868e-007,0.1337699
5.634868e-007,0.1311817
5.638868e-007,0.1288288
5.642868e-007,0.1318876
5.646868e-007,0.1380051
5.650868e-007,0.1427108
5.654868e-007,0.1431814
5.658868e-007,0.1412991
5.662868e-007,0.1382403
5.666868e-007,0.1377698
5.670868e-007,0.1375345
5.674868e-007,0.1382403
5.678868e-007,0.1356522
5.682868e-007,0.1323581
5.686868e-007,0.1309464
5.690868e-007,0.1318876
5.694868e-007,0.1344757
5.698868e-007,0.1372992
5.702868e-007,0.136358
5.706868e-007,0.1332993
5.710868e-007,0.1323581
5.714868e-007,0.134711
5.718868e-007,0.1365933
5.722868e-007,0.1351816
5.726868e-007,0.1318876
5.730868e-007,0.1285935
5.734868e-007,0.1300053
5.738868e-007,0.1372992
5.742868e-007,0.1443578
5.746868e-007,0.1476519
5.750868e-007,0.1460048
5.754868e-007,0.1405932
5.758868e-007,0.1354169
5.762868e-007,0.1328287
5.766868e-007,0.1307111
5.770868e-007,0.1278877
5.774868e-007,0.1255348
5.778868e-007,0.1234172
5.782868e-007,0.1231819
5.786868e-007,0.1241231
5.790868e-007,0.1255348
5.794868e-007,0.1269465
5.798868e-007,0.1278877
5.802868e-007,0.1302406
5.806868e-007,0.1351816
5.810868e-007,0.1405932
5.814868e-007,0.1434167
5.818868e-007,0.1427108
5.822868e-007,0.1382403
5.826868e-007,0.1323581
5.830868e-007,0.1274171
5.834868e-007,0.1255348
5.838868e-007,0.1288288
5.842868e-007,0.1337699
5.846868e-007,0.1394168
5.850868e-007,0.1417697
5.854868e-007,0.1415344
5.858868e-007,0.1405932
5.862868e-007,0.1372992
5.866868e-007,0.1337699
5.870868e-007,0.1302406
5.874868e-007,0.1285935
5.878868e-007,0.1292994
5.882868e-007,0.1323581
5.886868e-007,0.1387109
5.890868e-007,0.1438873
5.894868e-007,0.145299
5.898868e-007,0.1429461
5.902868e-007,0.1354169
5.906868e-007,0.126476
5.910868e-007,0.1215349
5.914868e-007,0.1238878
5.918868e-007,0.1328287
5.922868e-007,0.142005
5.926868e-007,0.1467107
5.930868e-007,0.1443578
5.934868e-007,0.1349463
5.938868e-007,0.1260054
5.942868e-007,0.1238878
5.946868e-007,0.126476
5.950868e-007,0.1300053
5.954868e-007,0.131417
5.958868e-007,0.1283583
5.962868e-007,0.1252995
5.966868e-007,0.1271818
5.970868e-007,0.1342405
5.974868e-007,0.1403579
5.978868e-007,0.1408285
5.982868e-007,0.1335346
5.986868e-007,0.1243584
5.990868e-007,0.1203585
5.994868e-007,0.1255348
5.998868e-007,0.1340052
6.002868e-007,0.1382403
6.006868e-007,0.1370639
6.010868e-007,0.1307111
6.014868e-007,0.1269465
6.018868e-007,0.1290641
6.022868e-007,0.1321229
6.026868e-007,0.1342405
6.030868e-007,0.1337699
6.034868e-007,0.1311817
6.038868e-007,0.128123
6.042868e-007,0.126476
6.046868e-007,0.1260054
6.050868e-007,0.1276524
6.054868e-007,0.1321229
6.058868e-007,0.1384756
6.062868e-007,0.1422402
6.066868e-007,0.1424755
6.070868e-007,0.1389462
6.074868e-007,0.133064
6.078868e-007,0.1285935
6.082868e-007,0.126476
6.086868e-007,0.1271818
6.090868e-007,0.1300053
6.094868e-007,0.1325934
6.098868e-007,0.1335346
6.102868e-007,0.1321229
6.106868e-007,0.1302406
6.110868e-007,0.1292994
6.114868e-007,0.1292994
6.118868e-007,0.1292994
6.122868e-007,0.1274171
6.126868e-007,0.126476
6.130868e-007,0.128123
6.134868e-007,0.1323581
6.138868e-007,0.1375345
6.142868e-007,0.1391815
6.146868e-007,0.1361228
6.150868e-007,0.1309464
6.154868e-007,0.1274171
6.158868e-007,0.1257701
6.162868e-007,0.1248289
6.166868e-007,0.1257701
6.170868e-007,0.1276524
6.174868e-007,0.1285935
6.178868e-007,0.1288288
6.182868e-007,0.1271818
6.186868e-007,0.1243584
6.190868e-007,0.1222408
6.194868e-007,0.1248289
6.198868e-007,0.1300053
6.202868e-007,0.1354169
6.206868e-007,0.1382403
6.210868e-007,0.1396521
6.214868e-007,0.1389462
6.218868e-007,0.1372992
6.222868e-007,0.134711
6.226868e-007,0.1304758
6.230868e-007,0.1241231
6.234868e-007,0.1212996
6.238868e-007,0.1224761
6.242868e-007,0.1250642
6.246868e-007,0.1278877
6.250868e-007,0.1300053
6.254868e-007,0.1311817
6.258868e-007,0.1302406
6.262868e-007,0.1295347
6.266868e-007,0.128123
6.270868e-007,0.1271818
6.274868e-007,0.1283583
6.278868e-007,0.1318876
6.282868e-007,0.1356522
6.286868e-007,0.1372992
6.290868e-007,0.1349463
6.294868e-007,0.1300053
6.298868e-007,0.128123
6.302868e-007,0.1285935
6.306868e-007,0.1304758
6.310868e-007,0.1321229
6.314868e-007,0.1328287
6.318868e-007,0.1323581
6.322868e-007,0.1318876
6.326868e-007,0.1318876
6.330868e-007,0.1340052
6.334868e-007,0.1382403
6.338868e-007,0.1417697
6.342868e-007,0.1441225
6.346868e-007,0.1443578
6.350868e-007,0.1415344
6.354868e-007,0.1391815
6.358868e-007,0.1375345
6.362868e-007,0.1356522
6.366868e-007,0.1340052
6.370868e-007,0.1340052
6.374868e-007,0.1332993
6.378868e-007,0.1351816
6.382868e-007,0.1408285
6.386868e-007,0.1455343
6.390868e-007,0.1434167
6.394868e-007,0.1349463
6.398868e-007,0.1243584
6.402868e-007,0.1198879
6.406868e-007,0.1238878
6.410868e-007,0.1318876
6.414868e-007,0.136358
6.418868e-007,0.1349463
6.422868e-007,0.1316523
6.426868e-007,0.131417
6.430868e-007,0.136358
6.434868e-007,0.1412991
6.438868e-007,0.1412991
6.442868e-007,0.1380051
6.446868e-007,0.1328287
6.450868e-007,0.1307111
6.454868e-007,0.1321229
6.458868e-007,0.1337699
6.462868e-007,0.1337699
6.466868e-007,0.1351816
6.470868e-007,0.1365933
6.474868e-007,0.1370639
6.478868e-007,0.134711
6.482868e-007,0.1292994
6.486868e-007,0.1283583
6.490868e-007,0.1349463
6.494868e-007,0.1464754
6.498868e-007,0.1537694
6.502868e-007,0.1497695
6.506868e-007,0.1372992
6.510868e-007,0.1255348
6.514868e-007,0.1212996
6.518868e-007,0.1255348
6.522868e-007,0.1311817
6.526868e-007,0.1318876
6.530868e-007,0.1307111
6.534868e-007,0.1295347
6.538868e-007,0.131417
6.542868e-007,0.1342405
6.546868e-007,0.1344757
6.550868e-007,0.1311817
6.554868e-007,0.1278877
6.558868e-007,0.1274171
6.562868e-007,0.1318876
6.566868e-007,0.1377698
6.570868e-007,0.1401227
6.574868e-007,0.1391815
6.578868e-007,0.136358
6.582868e-007,0.1354169
6.586868e-007,0.1356522
6.590868e-007,0.1372992
6.594868e-007,0.1410638
6.598868e-007,0.1429461
6.602868e-007,0.1431814
6.606868e-007,0.1410638
6.610868e-007,0.1368286
6.614868e-007,0.1342405
6.618868e-007,0.1323581
6.622868e-007,0.1325934
6.626868e-007,0.1342405
6.630868e-007,0.1349463
6.634868e-007,0.1344757
6.638868e-007,0.1321229
6.642868e-007,0.1292994
6.646868e-007,0.1285935
6.650868e-007,0.1304758
6.654868e-007,0.1351816
6.658868e-007,0.1372992
6.662868e-007,0.134711
6.666868e-007,0.1309464
6.670868e-007,0.1285935
6.674868e-007,0.128123
6.678868e-007,0.1276524
6.682868e-007,0.1262407
6.686868e-007,0.1234172
6.690868e-007,0.1252995
6.694868e-007,0.1342405
6.698868e-007,0.1481224
6.702868e-007,0.1570634
6.706868e-007,0.1556517
6.710868e-007,0.1464754
6.714868e-007,0.1344757
6.718868e-007,0.1276524
6.722868e-007,0.1271818
6.726868e-007,0.1292994
6.730868e-007,0.1309464
6.734868e-007,0.131417
6.738868e-007,0.1325934
6.742868e-007,0.136358
6.746868e-007,0.1403579
6.750868e-007,0.1422402
6.754868e-007,0.1410638
6.758868e-007,0.1375345
6.762868e-007,0.1328287
6.766868e-007,0.1311817
6.770868e-007,0.1335346
6.774868e-007,0.1387109
6.778868e-007,0.1410638
6.782868e-007,0.1391815
6.786868e-007,0.1335346
6.790868e-007,0.1250642
6.794868e-007,0.1222408
6.798868e-007,0.1271818
6.802868e-007,0.1361228
6.806868e-007,0.1434167
6.810868e-007,0.145299
6.814868e-007,0.1429461
6.818868e-007,0.1396521
6.822868e-007,0.1356522
6.826868e-007,0.1309464
6.830868e-007,0.1271818
6.834868e-007,0.1252995
6.838868e-007,0.1278877
6.842868e-007,0.1351816
6.846868e-007,0.1410638
6.850868e-007,0.1422402
6.854868e-007,0.1380051
6.858868e-007,0.1332993
6.862868e-007,0.1316523
6.866868e-007,0.1332993
6.870868e-007,0.1377698
6.874868e-007,0.1389462
6.878868e-007,0.136358
6.882868e-007,0.1325934
6.886868e-007,0.12977
6.890868e-007,0.1288288
6.894868e-007,0.1304758
6.898868e-007,0.1356522
6.902868e-007,0.1415344
6.906868e-007,0.1448284
6.910868e-007,0.1429461
6.914868e-007,0.1368286
6.918868e-007,0.1321229
6.922868e-007,0.1328287
6.926868e-007,0.1356522
6.930868e-007,0.1361228
6.934868e-007,0.1332993
6.938868e-007,0.1300053
6.942868e-007,0.128123
6.946868e-007,0.1292994
6.950868e-007,0.1316523
6.954868e-007,0.1323581
6.958868e-007,0.12977
6.962868e-007,0.1278877
6.966868e-007,0.131417
6.970868e-007,0.1391815
6.974868e-007,0.1464754
6.978868e-007,0.1516518
6.982868e-007,0.1514165
6.986868e-007,0.1483577
6.990868e-007,0.143652
6.994868e-007,0.1372992
6.998868e-007,0.1309464
7.002868e-007,0.126476
7.006868e-007,0.1260054
7.010868e-007,0.1283583
7.014868e-007,0.1332993
7.018868e-007,0.1382403
7.022868e-007,0.1391815
7.026868e-007,0.1380051
7.030868e-007,0.1365933
7.034868e-007,0.1342405
7.038868e-007,0.1318876
7.042868e-007,0.1311817
7.046868e-007,0.1302406
7.050868e-007,0.1311817
7.054868e-007,0.1337699
7.058868e-007,0.1375345
7.062868e-007,0.1408285
7.066868e-007,0.1422402
7.070868e-007,0.1408285
7.074868e-007,0.1387109
7.078868e-007,0.1372992
7.082868e-007,0.1370639
7.086868e-007,0.1365933
7.090868e-007,0.1354169
7.094868e-007,0.1337699
7.098868e-007,0.1304758
7.102868e-007,0.128123
7.106868e-007,0.1271818
7.110868e-007,0.1271818
7.114868e-007,0.1288288
7.118868e-007,0.1302406
7.122868e-007,0.1309464
7.126868e-007,0.1318876
7.130868e-007,0.1328287
7.134868e-007,0.1356522
7.138868e-007,0.1382403
7.142868e-007,0.1368286
7.146868e-007,0.1323581
7.150868e-007,0.1269465
7.154868e-007,0.1245936
7.158868e-007,0.1262407
7.162868e-007,0.1295347
7.166868e-007,0.133064
7.170868e-007,0.134711
7.174868e-007,0.1340052
7.178868e-007,0.1318876
7.182868e-007,0.1283583
7.186868e-007,0.1260054
7.190868e-007,0.1262407
7.194868e-007,0.12977
7.198868e-007,0.1337699
7.202868e-007,0.1356522
7.206868e-007,0.1337699
7.210868e-007,0.1316523
7.214868e-007,0.1309464
7.218868e-007,0.131417
7.222868e-007,0.133064
7.226868e-007,0.1340052
7.230868e-007,0.133064
7.234868e-007,0.1340052
7.238868e-007,0.1361228
7.242868e-007,0.1377698
7.246868e-007,0.1387109
7.250868e-007,0.1377698
7.254868e-007,0.1368286
7.258868e-007,0.1356522
7.262868e-007,0.134711
7.266868e-007,0.1337699
7.270868e-007,0.1328287
7.274868e-007,0.1316523
7.278868e-007,0.1321229
7.282868e-007,0.1335346
7.286868e-007,0.1332993
7.290868e-007,0.12977
7.294868e-007,0.1260054
7.298868e-007,0.1255348
7.302868e-007,0.1271818
7.306868e-007,0.1318876
7.310868e-007,0.1370639
7.314868e-007,0.1408285
7.318868e-007,0.1431814
7.322868e-007,0.1438873
7.326868e-007,0.1415344
7.330868e-007,0.1372992
7.334868e-007,0.1340052
7.338868e-007,0.133064
7.342868e-007,0.1356522
7.346868e-007,0.1380051
7.350868e-007,0.1377698
7.354868e-007,0.1340052
7.358868e-007,0.131417
7.362868e-007,0.1321229
7.366868e-007,0.1349463
7.370868e-007,0.1384756
7.374868e-007,0.1387109
7.378868e-007,0.1358875
7.382868e-007,0.1335346
7.386868e-007,0.1340052
7.390868e-007,0.1365933
7.394868e-007,0.1380051
7.398868e-007,0.1354169
7.402868e-007,0.1307111
7.406868e-007,0.1274171
7.410868e-007,0.1271818
7.414868e-007,0.1307111
7.418868e-007,0.134711
7.422868e-007,0.1358875
7.426868e-007,0.1337699
7.430868e-007,0.1288288
7.434868e-007,0.1252995
7.438868e-007,0.1224761
7.442868e-007,0.1212996
7.446868e-007,0.1250642
7.450868e-007,0.1335346
7.454868e-007,0.1417697
7.458868e-007,0.1441225
7.462868e-007,0.1403579
7.466868e-007,0.1349463
7.470868e-007,0.1316523
7.474868e-007,0.1323581
7.478868e-007,0.1349463
7.482868e-007,0.1340052
7.486868e-007,0.128123
7.490868e-007,0.1217702
7.494868e-007,0.1203585
7.498868e-007,0.1276524
7.502868e-007,0.1370639
7.506868e-007,0.1424755
7.510868e-007,0.1396521
7.514868e-007,0.1323581
7.518868e-007,0.1267112
7.522868e-007,0.1260054
7.526868e-007,0.1307111
7.530868e-007,0.1380051
7.534868e-007,0.1422402
7.538868e-007,0.143652
7.542868e-007,0.1441225
7.546868e-007,0.142005
7.550868e-007,0.1387109
7.554868e-007,0.1358875
7.558868e-007,0.1340052
7.562868e-007,0.134711
7.566868e-007,0.1370639
7.570868e-007,0.1382403
7.574868e-007,0.1361228
7.578868e-007,0.1311817
7.582868e-007,0.1274171
7.586868e-007,0.126476
7.590868e-007,0.1290641
7.594868e-007,0.1325934
7.598868e-007,0.1368286
7.602868e-007,0.1403579
7.606868e-007,0.142005
7.610868e-007,0.1396521
7.614868e-007,0.1332993
7.618868e-007,0.1271818
7.622868e-007,0.1243584
7.626868e-007,0.1276524
7.630868e-007,0.1351816
7.634868e-007,0.1412991
7.638868e-007,0.1427108
7.642868e-007,0.1394168
7.646868e-007,0.1344757
7.650868e-007,0.1304758
7.654868e-007,0.1290641
7.658868e-007,0.131417
7.662868e-007,0.134711
7.666868e-007,0.1377698
7.670868e-007,0.1405932
7.674868e-007,0.1401227
7.678868e-007,0.1370639
7.682868e-007,0.1337699
7.686868e-007,0.131417
7.690868e-007,0.1304758
7.694868e-007,0.1302406
7.698868e-007,0.12977
7.702868e-007,0.1290641
7.706868e-007,0.1288288
7.710868e-007,0.1311817
7.714868e-007,0.1335346
7.718868e-007,0.1342405
7.722868e-007,0.1335346
7.726868e-007,0.1309464
7.730868e-007,0.1276524
7.734868e-007,0.128123
7.738868e-007,0.134711
7.742868e-007,0.1410638
7.746868e-007,0.1429461
7.750868e-007,0.1394168
7.754868e-007,0.1344757
7.758868e-007,0.1304758
7.762868e-007,0.1295347
7.766868e-007,0.1307111
7.770868e-007,0.1323581
7.774868e-007,0.133064
7.778868e-007,0.1318876
7.782868e-007,0.1318876
7.786868e-007,0.1342405
7.790868e-007,0.1370639
7.794868e-007,0.1372992
7.798868e-007,0.1351816
7.802868e-007,0.12977
7.806868e-007,0.1255348
7.810868e-007,0.1257701
7.814868e-007,0.12977
7.818868e-007,0.134711
7.822868e-007,0.134711
7.826868e-007,0.1304758
7.830868e-007,0.1285935
7.834868e-007,0.133064
7.838868e-007,0.1403579
7.842868e-007,0.145299
7.846868e-007,0.1441225
7.850868e-007,0.1375345
7.854868e-007,0.1340052
7.858868e-007,0.1365933
7.862868e-007,0.1422402
7.866868e-007,0.1443578
7.870868e-007,0.1405932
7.874868e-007,0.1316523
7.878868e-007,0.1238878
7.882868e-007,0.1227113
7.886868e-007,0.1271818
7.890868e-007,0.1325934
7.894868e-007,0.1377698
7.898868e-007,0.1396521
7.902868e-007,0.1384756
7.906868e-007,0.1358875
7.910868e-007,0.1332993
7.914868e-007,0.1328287
7.918868e-007,0.1354169
7.922868e-007,0.1396521
7.926868e-007,0.1412991
7.930868e-007,0.1384756
7.934868e-007,0.1349463
7.938868e-007,0.1321229
7.942868e-007,0.1318876
7.946868e-007,0.1335346
7.950868e-007,0.1323581
7.954868e-007,0.1288288
7.958868e-007,0.1271818
7.962868e-007,0.131417
7.966868e-007,0.1396521
7.970868e-007,0.146946
7.974868e-007,0.1488283
7.978868e-007,0.1434167
7.982868e-007,0.1332993
7.986868e-007,0.1260054
7.990868e-007,0.1260054
7.994868e-007,0.1316523
7.998868e-007,0.1368286
8.002868e-007,0.136358
8.006868e-007,0.1311817
8.010868e-007,0.1262407
8.014868e-007,0.1260054
8.018868e-007,0.1292994
8.022868e-007,0.1325934
8.026868e-007,0.1337699
8.030868e-007,0.133064
8.034868e-007,0.133064
8.038868e-007,0.136358
8.042868e-007,0.1382403
8.046868e-007,0.1358875
8.050868e-007,0.1321229
8.054868e-007,0.131417
8.058868e-007,0.1325934
8.062868e-007,0.1351816
8.066868e-007,0.1361228
8.070868e-007,0.1321229
8.074868e-007,0.1276524
8.078868e-007,0.1269465
8.082868e-007,0.12977
8.086868e-007,0.1321229
8.090868e-007,0.1300053
8.094868e-007,0.1238878
8.098868e-007,0.1194173
8.102868e-007,0.1198879
8.106868e-007,0.1274171
8.110868e-007,0.1377698
8.114868e-007,0.1415344
8.118868e-007,0.1372992
8.122868e-007,0.1285935
8.126868e-007,0.1229466
8.130868e-007,0.1234172
8.134868e-007,0.1290641
8.138868e-007,0.1358875
8.142868e-007,0.1396521
8.146868e-007,0.1394168
8.150868e-007,0.1358875
8.154868e-007,0.1323581
8.158868e-007,0.1323581
8.162868e-007,0.1349463
8.166868e-007,0.1380051
8.170868e-007,0.1405932
8.174868e-007,0.1396521
8.178868e-007,0.1349463
8.182868e-007,0.1309464
8.186868e-007,0.1307111
8.190868e-007,0.1332993
8.194868e-007,0.1358875
8.198868e-007,0.1354169
8.202868e-007,0.133064
8.206868e-007,0.12977
8.210868e-007,0.1295347
8.214868e-007,0.1342405
8.218868e-007,0.1427108
8.222868e-007,0.1483577
8.226868e-007,0.1481224
8.230868e-007,0.1438873
8.234868e-007,0.1401227
8.238868e-007,0.1377698
8.242868e-007,0.1351816
8.246868e-007,0.1311817
8.250868e-007,0.1267112
8.254868e-007,0.1243584
8.258868e-007,0.1285935
8.262868e-007,0.136358
8.266868e-007,0.1427108
8.270868e-007,0.143652
8.274868e-007,0.1384756
8.278868e-007,0.1335346
8.282868e-007,0.1344757
8.286868e-007,0.1417697
8.290868e-007,0.148593
8.294868e-007,0.1495342
8.298868e-007,0.1438873
8.302868e-007,0.1325934
8.306868e-007,0.1236525
8.310868e-007,0.1215349
8.314868e-007,0.1229466
8.318868e-007,0.1271818
8.322868e-007,0.1304758
8.326868e-007,0.1304758
8.330868e-007,0.131417
8.334868e-007,0.1340052
8.338868e-007,0.1382403
8.342868e-007,0.1408285
8.346868e-007,0.1387109
8.350868e-007,0.131417
8.354868e-007,0.1248289
8.358868e-007,0.1238878
8.362868e-007,0.1274171
8.366868e-007,0.133064
8.370868e-007,0.1365933
8.374868e-007,0.1377698
8.378868e-007,0.1368286
8.382868e-007,0.136358
8.386868e-007,0.1370639
8.390868e-007,0.1375345
8.394868e-007,0.1361228
8.398868e-007,0.1316523
8.402868e-007,0.1274171
8.406868e-007,0.1252995
8.410868e-007,0.1252995
8.414868e-007,0.12977
8.418868e-007,0.1384756
8.422868e-007,0.1441225
8.426868e-007,0.1455343
8.430868e-007,0.1401227
8.434868e-007,0.131417
8.438868e-007,0.1260054
8.442868e-007,0.1276524
8.446868e-007,0.1340052
8.450868e-007,0.1382403
8.454868e-007,0.1382403
8.458868e-007,0.1370639
8.462868e-007,0.1354169
8.466868e-007,0.1354169
8.470868e-007,0.1342405
8.474868e-007,0.1311817
8.478868e-007,0.1274171
8.482868e-007,0.1248289
8.486868e-007,0.126476
8.490868e-007,0.1309464
8.494868e-007,0.1344757
8.498868e-007,0.1342405
8.502868e-007,0.1332993
8.506868e-007,0.1332993
8.510868e-007,0.1328287
8.514868e-007,0.1332993
8.518868e-007,0.1311817
8.522868e-007,0.1288288
8.526868e-007,0.1269465
8.530868e-007,0.1260054
8.534868e-007,0.126476
8.538868e-007,0.1283583
8.542868e-007,0.1307111
8.546868e-007,0.1332993
8.550868e-007,0.1361228
8.554868e-007,0.1372992
8.558868e-007,0.1344757
8.562868e-007,0.1309464
8.566868e-007,0.1302406
8.570868e-007,0.1325934
8.574868e-007,0.1370639
8.578868e-007,0.1403579
8.582868e-007,0.1377698
8.586868e-007,0.1307111
8.590868e-007,0.1229466
8.594868e-007,0.1201232
8.598868e-007,0.1231819
8.602868e-007,0.1304758
8.606868e-007,0.1340052
8.610868e-007,0.1321229
8.614868e-007,0.1292994
8.618868e-007,0.1285935
8.622868e-007,0.1318876
8.626868e-007,0.1358875
8.630868e-007,0.1375345
8.634868e-007,0.1365933
8.638868e-007,0.1354169
8.642868e-007,0.1361228
8.646868e-007,0.1354169
8.650868e-007,0.1311817
8.654868e-007,0.1260054
8.658868e-007,0.1252995
8.662868e-007,0.1288288
8.666868e-007,0.1332993
8.670868e-007,0.1361228
8.674868e-007,0.1342405
8.678868e-007,0.12977
8.682868e-007,0.1295347
8.686868e-007,0.1358875
8.690868e-007,0.1424755
8.694868e-007,0.1438873
8.698868e-007,0.1403579
8.702868e-007,0.1342405
8.706868e-007,0.1311817
8.710868e-007,0.1318876
8.714868e-007,0.1354169
8.718868e-007,0.1368286
8.722868e-007,0.1356522
8.726868e-007,0.1332993
8.730868e-007,0.1332993
8.734868e-007,0.1354169
8.738868e-007,0.1349463
8.742868e-007,0.1318876
8.746868e-007,0.1300053
8.750868e-007,0.1288288
8.754868e-007,0.12977
8.758868e-007,0.1321229
8.762868e-007,0.133064
8.766868e-007,0.1337699
8.770868e-007,0.136358
8.774868e-007,0.1389462
8.778868e-007,0.1387109
8.782868e-007,0.1361228
8.786868e-007,0.131417
8.790868e-007,0.1292994
8.794868e-007,0.1316523
8.798868e-007,0.134711
8.802868e-007,0.1344757
8.806868e-007,0.1292994
8.810868e-007,0.1238878
8.814868e-007,0.1238878
8.818868e-007,0.1300053
8.822868e-007,0.1387109
8.826868e-007,0.1427108
8.830868e-007,0.1391815
8.834868e-007,0.1337699
8.838868e-007,0.1292994
8.842868e-007,0.1295347
8.846868e-007,0.1337699
8.850868e-007,0.1382403
8.854868e-007,0.1387109
8.858868e-007,0.136358
8.862868e-007,0.1335346
8.866868e-007,0.1325934
8.870868e-007,0.1342405
8.874868e-007,0.1368286
8.878868e-007,0.1380051
8.882868e-007,0.1356522
8.886868e-007,0.1309464
8.890868e-007,0.1262407
8.894868e-007,0.1262407
8.898868e-007,0.1307111
8.902868e-007,0.1340052
8.906868e-007,0.1354169
8.910868e-007,0.134711
8.914868e-007,0.133064
8.918868e-007,0.1325934
8.922868e-007,0.1321229
8.926868e-007,0.1302406
8.930868e-007,0.128123
8.934868e-007,0.1250642
8.938868e-007,0.1262407
8.942868e-007,0.1304758
8.946868e-007,0.1335346
8.950868e-007,0.1321229
8.954868e-007,0.1276524
8.958868e-007,0.1236525
8.962868e-007,0.1250642
8.966868e-007,0.133064
8.970868e-007,0.145299
8.974868e-007,0.1544752
8.978868e-007,0.1563575
8.982868e-007,0.1509459
8.986868e-007,0.1405932
8.990868e-007,0.1309464
8.994868e-007,0.1269465
8.998868e-007,0.1300053
9.002868e-007,0.1384756
9.006868e-007,0.1448284
9.010868e-007,0.1450637
9.014868e-007,0.1396521
9.018868e-007,0.1321229
9.022868e-007,0.1288288
9.026868e-007,0.1295347
9.030868e-007,0.1288288
9.034868e-007,0.1274171
9.038868e-007,0.1267112
9.042868e-007,0.1262407
9.046868e-007,0.128123
9.050868e-007,0.1309464
9.054868e-007,0.1325934
9.058868e-007,0.1318876
9.062868e-007,0.1311817
9.066868e-007,0.1304758
9.070868e-007,0.1302406
9.074868e-007,0.1302406
9.078868e-007,0.1307111
9.082868e-007,0.1302406
9.086868e-007,0.1269465
9.090868e-007,0.1245936
9.094868e-007,0.1236525
9.098868e-007,0.1252995
9.102868e-007,0.1309464
9.106868e-007,0.1368286
9.110868e-007,0.1398874
9.114868e-007,0.1377698
9.118868e-007,0.1323581
9.122868e-007,0.1285935
9.126868e-007,0.1300053
9.130868e-007,0.1337699
9.134868e-007,0.1396521
9.138868e-007,0.1438873
9.142868e-007,0.1427108
9.146868e-007,0.1384756
9.150868e-007,0.1328287
9.154868e-007,0.1311817
9.158868e-007,0.1342405
9.162868e-007,0.1387109
9.166868e-007,0.1405932
9.170868e-007,0.1382403
9.174868e-007,0.1332993
9.178868e-007,0.1300053
9.182868e-007,0.1309464
9.186868e-007,0.1332993
9.190868e-007,0.1337699
9.194868e-007,0.133064
9.198868e-007,0.1311817
9.202868e-007,0.1304758
9.206868e-007,0.1300053
9.210868e-007,0.1290641
9.214868e-007,0.1283583
9.218868e-007,0.1307111
9.222868e-007,0.1354169
9.226868e-007,0.1410638
9.230868e-007,0.143652
9.234868e-007,0.1408285
9.238868e-007,0.1356522
9.242868e-007,0.1321229
9.246868e-007,0.1318876
9.250868e-007,0.131417
9.254868e-007,0.1309464
9.258868e-007,0.1316523
9.262868e-007,0.1344757
9.266868e-007,0.1389462
9.270868e-007,0.1410638
9.274868e-007,0.1382403
9.278868e-007,0.1316523
9.282868e-007,0.1255348
9.286868e-007,0.1243584
9.290868e-007,0.1290641
9.294868e-007,0.1361228
9.298868e-007,0.1398874
9.302868e-007,0.1396521
9.306868e-007,0.1370639
9.310868e-007,0.136358
9.314868e-007,0.1361228
9.318868e-007,0.1375345
9.322868e-007,0.1368286
9.326868e-007,0.1318876
9.330868e-007,0.126476
9.334868e-007,0.1243584
9.338868e-007,0.1241231
9.342868e-007,0.1267112
9.346868e-007,0.1323581
9.350868e-007,0.1375345
9.354868e-007,0.1389462
9.358868e-007,0.1356522
9.362868e-007,0.1276524
9.366868e-007,0.119182
9.370868e-007,0.115888
9.374868e-007,0.1170644
9.378868e-007,0.1215349
9.382868e-007,0.1257701
9.386868e-007,0.1278877
9.390868e-007,0.1325934
9.394868e-007,0.1408285
9.398868e-007,0.1476519
9.402868e-007,0.15024
9.406868e-007,0.1438873
9.410868e-007,0.1344757
9.414868e-007,0.1290641
9.418868e-007,0.1307111
9.422868e-007,0.1354169
9.426868e-007,0.1384756
9.430868e-007,0.1372992
9.434868e-007,0.1342405
9.438868e-007,0.133064
9.442868e-007,0.1340052
9.446868e-007,0.1344757
9.450868e-007,0.1328287
9.454868e-007,0.1318876
9.458868e-007,0.1328287
9.462868e-007,0.1351816
9.466868e-007,0.136358
9.470868e-007,0.133064
9.474868e-007,0.1267112
9.478868e-007,0.1238878
9.482868e-007,0.1278877
9.486868e-007,0.1354169
9.490868e-007,0.1401227
9.494868e-007,0.1405932
9.498868e-007,0.1375345
9.502868e-007,0.1342405
9.506868e-007,0.1335346
9.510868e-007,0.1344757
9.514868e-007,0.1365933
9.518868e-007,0.1368286
9.522868e-007,0.1344757
9.526868e-007,0.1321229
9.530868e-007,0.1285935
9.534868e-007,0.1255348
9.538868e-007,0.1260054
9.542868e-007,0.1288288
9.546868e-007,0.134711
9.550868e-007,0.1396521
9.554868e-007,0.1384756
9.558868e-007,0.1342405
9.562868e-007,0.1300053
9.566868e-007,0.1288288
9.570868e-007,0.1302406
9.574868e-007,0.1344757
9.578868e-007,0.1384756
9.582868e-007,0.1389462
9.586868e-007,0.1372992
9.590868e-007,0.1349463
9.594868e-007,0.1302406
9.598868e-007,0.1260054
9.602868e-007,0.1245936
9.606868e-007,0.1255348
9.610868e-007,0.128123
9.614868e-007,0.1304758
9.618868e-007,0.1321229
9.622868e-007,0.1325934
9.626868e-007,0.133064
9.630868e-007,0.1337699
9.634868e-007,0.1344757
9.638868e-007,0.1351816
9.642868e-007,0.1354169
9.646868e-007,0.1349463
9.650868e-007,0.1340052
9.654868e-007,0.1340052
9.658868e-007,0.1354169
9.662868e-007,0.1382403
9.666868e-007,0.1403579
9.670868e-007,0.1396521
9.674868e-007,0.1358875
9.678868e-007,0.131417
9.682868e-007,0.1302406
9.686868e-007,0.1344757
9.690868e-007,0.1401227
9.694868e-007,0.1422402
9.698868e-007,0.1391815
9.702868e-007,0.1342405
9.706868e-007,0.1328287
9.710868e-007,0.1349463
9.714868e-007,0.1377698
9.718868e-007,0.1372992
9.722868e-007,0.134711
9.726868e-007,0.1328287
9.730868e-007,0.1340052
9.734868e-007,0.1361228
9.738868e-007,0.1377698
9.742868e-007,0.1358875
9.746868e-007,0.1340052
9.750868e-007,0.1344757
9.754868e-007,0.1372992
9.758868e-007,0.1365933
9.762868e-007,0.1295347
9.766868e-007,0.1201232
9.770868e-007,0.1156527
9.774868e-007,0.1187115
9.778868e-007,0.128123
9.782868e-007,0.1375345
9.786868e-007,0.143652
9.790868e-007,0.1445931
9.794868e-007,0.1424755
9.798868e-007,0.1382403
9.802868e-007,0.1325934
9.806868e-007,0.1276524
9.810868e-007,0.1250642
9.814868e-007,0.1260054
9.818868e-007,0.1295347
9.822868e-007,0.1318876
9.826868e-007,0.1311817
9.830868e-007,0.1300053
9.834868e-007,0.12977
9.838868e-007,0.133064
9.842868e-007,0.1389462
9.846868e-007,0.142005
9.850868e-007,0.1391815
9.854868e-007,0.1325934
9.858868e-007,0.1274171
9.862868e-007,0.1267112
9.866868e-007,0.1316523
9.870868e-007,0.1389462
9.874868e-007,0.1431814
9.878868e-007,0.1424755
9.882868e-007,0.1412991
9.886868e-007,0.1405932
9.890868e-007,0.1422402
9.894868e-007,0.1443578
9.898868e-007,0.1429461
9.902868e-007,0.1370639
9.906868e-007,0.1302406
9.910868e-007,0.1255348
9.914868e-007,0.1262407
9.918868e-007,0.1307111
9.922868e-007,0.136358
9.926868e-007,0.1387109
9.930868e-007,0.1377698
9.934868e-007,0.1361228
9.938868e-007,0.1356522
9.942868e-007,0.1354169
9.946868e-007,0.1351816
9.950868e-007,0.1365933
9.954868e-007,0.1384756
9.958868e-007,0.1398874
9.962868e-007,0.1410638
9.966868e-007,0.1424755
9.970868e-007,0.1434167
9.974868e-007,0.143652
9.978868e-007,0.1415344
9.982868e-007,0.1370639
9.986868e-007,0.1325934
9.990868e-007,0.1311817
9.994868e-007,0.134711
9.998868e-007,0.1377698
1.000287e-006,0.1375345
1.000687e-006,0.1332993
1.001087e-006,0.1269465
1.001487e-006,0.1229466
1.001887e-006,0.1234172
1.002287e-006,0.1283583
1.002687e-006,0.1342405
1.003087e-006,0.1380051
1.003487e-006,0.1391815
1.003887e-006,0.1377698
1.004287e-006,0.1349463
1.004687e-006,0.1309464
1.005087e-006,0.1283583
1.005487e-006,0.1271818
1.005887e-006,0.1271818
1.006287e-006,0.1283583
1.006687e-006,0.1283583
1.007087e-006,0.128123
1.007487e-006,0.1285935
1.007887e-006,0.1304758
1.008287e-006,0.1335346
1.008687e-006,0.1342405
1.009087e-006,0.1321229
1.009487e-006,0.1276524
1.009887e-006,0.1234172
1.010287e-006,0.1234172
1.010687e-006,0.1252995
1.011087e-006,0.1295347
1.011487e-006,0.1368286
1.011887e-006,0.1427108
1.012287e-006,0.1467107
1.012687e-006,0.1448284
1.013087e-006,0.1361228
1.013487e-006,0.1269465
1.013887e-006,0.1222408
1.014287e-006,0.1238878
1.014687e-006,0.1302406
1.015087e-006,0.1344757
1.015487e-006,0.1332993
1.015887e-006,0.1278877
1.016287e-006,0.1241231
1.016687e-006,0.126476
1.017087e-006,0.1337699
1.017487e-006,0.1417697
1.017887e-006,0.1455343
1.018287e-006,0.145299
1.018687e-006,0.1424755
1.019087e-006,0.1389462
1.019487e-006,0.1354169
1.019887e-006,0.1325934
1.020287e-006,0.1316523
1.020687e-006,0.1325934
1.021087e-006,0.1340052
1.021487e-006,0.133064
1.021887e-006,0.1316523
1.022287e-006,0.1316523
1.022687e-006,0.1342405
1.023087e-006,0.1375345
1.023487e-006,0.1382403
1.023887e-006,0.1354169
1.024287e-006,0.12977
1.024687e-006,0.1257701
1.025087e-006,0.1276524
1.025487e-006,0.1323581
1.025887e-006,0.1370639
1.026287e-006,0.1389462
1.026687e-006,0.1382403
1.027087e-006,0.1358875
1.027487e-006,0.1340052
1.027887e-006,0.1335346
1.028287e-006,0.134711
1.028687e-006,0.1337699
1.029087e-006,0.1304758
1.029487e-006,0.1260054
1.029887e-006,0.1222408
1.030287e-006,0.1220055
1.030687e-006,0.1250642
1.031087e-006,0.1304758
1.031487e-006,0.1351816
1.031887e-006,0.1382403
1.032287e-006,0.1408285
1.032687e-006,0.1424755
1.033087e-006,0.1412991
1.033487e-006,0.1365933
1.033887e-006,0.1295347
1.034287e-006,0.1255348
1.034687e-006,0.1290641
1.035087e-006,0.1389462
1.035487e-006,0.1471813
1.035887e-006,0.1492989
1.036287e-006,0.143652
1.036687e-006,0.134711
1.037087e-006,0.131417
1.037487e-006,0.1340052
1.037887e-006,0.1405932
1.038287e-006,0.1448284
1.038687e-006,0.1427108
1.039087e-006,0.136358
1.039487e-006,0.1302406
1.039887e-006,0.1292994
1.040287e-006,0.1349463
1.040687e-006,0.1415344
1.041087e-006,0.1415344
1.041487e-006,0.1351816
1.041887e-006,0.1290641
1.042287e-006,0.1271818
1.042687e-006,0.1290641
1.043087e-006,0.133064
1.043487e-006,0.1351816
1.043887e-006,0.1358875
1.044287e-006,0.1377698
1.044687e-006,0.1417697
1.045087e-006,0.1445931
1.045487e-006,0.1424755
1.045887e-006,0.1351816
1.046287e-006,0.1276524
1.046687e-006,0.1248289
1.047087e-006,0.1288288
1.047487e-006,0.1361228
1.047887e-006,0.1405932
1.048287e-006,0.1384756
1.048687e-006,0.1340052
1.049087e-006,0.1302406
1.049487e-006,0.1300053
1.049887e-006,0.1318876
1.050287e-006,0.1328287
1.050687e-006,0.1340052
1.051087e-006,0.1344757
1.051487e-006,0.1368286
1.051887e-006,0.1375345
1.052287e-006,0.1356522
1.052687e-006,0.1332993
1.053087e-006,0.1325934
1.053487e-006,0.1337699
1.053887e-006,0.1372992
1.054287e-006,0.1368286
1.054687e-006,0.1304758
1.055087e-006,0.1231819
1.055487e-006,0.120829
1.055887e-006,0.1257701
1.056287e-006,0.136358
1.056687e-006,0.1448284
1.057087e-006,0.1471813
1.057487e-006,0.1431814
1.057887e-006,0.1358875
1.058287e-006,0.1290641
1.058687e-006,0.1260054
1.059087e-006,0.126476
1.059487e-006,0.1285935
1.059887e-006,0.1300053
1.060287e-006,0.1288288
1.060687e-006,0.1255348
1.061087e-006,0.1255348
1.061487e-006,0.1318876
1.061887e-006,0.1394168
1.062287e-006,0.1424755
1.062687e-006,0.1408285
1.063087e-006,0.1342405
1.063487e-006,0.12977
1.063887e-006,0.1302406
1.064287e-006,0.134711
1.064687e-006,0.1412991
1.065087e-006,0.1443578
1.065487e-006,0.1405932
1.065887e-006,0.1349463
1.066287e-006,0.1304758
1.066687e-006,0.1290641
1.067087e-006,0.1325934
1.067487e-006,0.1387109
1.067887e-006,0.142005
1.068287e-006,0.1401227
1.068687e-006,0.1349463
1.069087e-006,0.1304758
1.069487e-006,0.1309464
1.069887e-006,0.136358
1.070287e-006,0.1398874
1.070687e-006,0.1361228
1.071087e-006,0.1290641
1.071487e-006,0.1243584
1.071887e-006,0.1276524
1.072287e-006,0.1389462
1.072687e-006,0.1500047
1.073087e-006,0.1521223
1.073487e-006,0.1438873
1.073887e-006,0.1323581
1.074287e-006,0.1255348
1.074687e-006,0.1283583
1.075087e-006,0.136358
1.075487e-006,0.1417697
1.075887e-006,0.1403579
1.076287e-006,0.1337699
1.076687e-006,0.1269465
1.077087e-006,0.1220055
1.077487e-006,0.1217702
1.077887e-006,0.1260054
1.078287e-006,0.1304758
1.078687e-006,0.131417
1.079087e-006,0.1295347
1.079487e-006,0.1271818
1.079887e-006,0.1276524
1.080287e-006,0.1316523
1.080687e-006,0.1361228
1.081087e-006,0.1375345
1.081487e-006,0.133064
1.081887e-006,0.1271818
1.082287e-006,0.1250642
1.082687e-006,0.1290641
1.083087e-006,0.1349463
1.083487e-006,0.1344757
1.083887e-006,0.1283583
1.084287e-006,0.1243584
1.084687e-006,0.1255348
1.085087e-006,0.1325934
1.085487e-006,0.1403579
1.085887e-006,0.1431814
1.086287e-006,0.1396521
1.086687e-006,0.134711
1.087087e-006,0.1321229
1.087487e-006,0.1307111
1.087887e-006,0.1295347
1.088287e-006,0.1309464
1.088687e-006,0.1351816
1.089087e-006,0.1417697
1.089487e-006,0.1457696
1.089887e-006,0.145299
1.090287e-006,0.1405932
1.090687e-006,0.1349463
1.091087e-006,0.1328287
1.091487e-006,0.1337699
1.091887e-006,0.1344757
1.092287e-006,0.1323581
1.092687e-006,0.1309464
1.093087e-006,0.1321229
1.093487e-006,0.1344757
1.093887e-006,0.1372992
1.094287e-006,0.1375345
1.094687e-006,0.1342405
1.095087e-006,0.1292994
1.095487e-006,0.1243584
1.095887e-006,0.1220055
1.096287e-006,0.1231819
1.096687e-006,0.1269465
1.097087e-006,0.1307111
1.097487e-006,0.133064
1.097887e-006,0.1325934
1.098287e-006,0.1304758
1.098687e-006,0.1285935
1.099087e-006,0.1274171
1.099487e-006,0.1283583
1.099887e-006,0.1285935
1.100287e-006,0.1290641
1.100687e-006,0.1328287
1.101087e-006,0.1382403
1.101487e-006,0.1443578
1.101887e-006,0.146946
1.102287e-006,0.1431814
1.102687e-006,0.1356522
1.103087e-006,0.12977
1.103487e-006,0.1278877
1.103887e-006,0.1302406
1.104287e-006,0.1332993
1.104687e-006,0.1354169
1.105087e-006,0.1344757
1.105487e-006,0.1290641
1.105887e-006,0.1236525
1.106287e-006,0.1201232
1.106687e-006,0.1201232
1.107087e-006,0.1236525
1.107487e-006,0.1283583
1.107887e-006,0.1307111
1.108287e-006,0.1318876
1.108687e-006,0.1337699
1.109087e-006,0.1354169
1.109487e-006,0.1361228
1.109887e-006,0.134711
1.110287e-006,0.1316523
1.110687e-006,0.1300053
1.111087e-006,0.133064
1.111487e-006,0.1370639
1.111887e-006,0.1394168
1.112287e-006,0.1391815
1.112687e-006,0.1384756
1.113087e-006,0.1380051
1.113487e-006,0.1391815
1.113887e-006,0.1427108
1.114287e-006,0.1443578
1.114687e-006,0.143652
1.115087e-006,0.1405932
1.115487e-006,0.1344757
1.115887e-006,0.1267112
1.116287e-006,0.1212996
1.116687e-006,0.1205938
1.117087e-006,0.1257701
1.117487e-006,0.1318876
1.117887e-006,0.1356522
1.118287e-006,0.134711
1.118687e-006,0.1307111
1.119087e-006,0.1274171
1.119487e-006,0.1269465
1.119887e-006,0.1278877
1.120287e-006,0.1288288
1.120687e-006,0.1302406
1.121087e-006,0.1335346
1.121487e-006,0.1382403
1.121887e-006,0.1429461
1.122287e-006,0.143652
1.122687e-006,0.1391815
1.123087e-006,0.1342405
1.123487e-006,0.1325934
1.123887e-006,0.1349463
1.124287e-006,0.1382403
1.124687e-006,0.1391815
1.125087e-006,0.1370639
1.125487e-006,0.1344757
1.125887e-006,0.1332993
1.126287e-006,0.1349463
1.126687e-006,0.1368286
1.127087e-006,0.1375345
1.127487e-006,0.1368286
1.127887e-006,0.1342405
1.128287e-006,0.1316523
1.128687e-006,0.1300053
1.129087e-006,0.1300053
1.129487e-006,0.1311817
1.129887e-006,0.1321229
1.130287e-006,0.1321229
1.130687e-006,0.1302406
1.131087e-006,0.1285935
1.131487e-006,0.1295347
1.131887e-006,0.1342405
1.132287e-006,0.1415344
1.132687e-006,0.1462401
1.133087e-006,0.1457696
1.133487e-006,0.1389462
1.133887e-006,0.1290641
1.134287e-006,0.1205938
1.134687e-006,0.1170644
1.135087e-006,0.1201232
1.135487e-006,0.128123
1.135887e-006,0.1342405
1.136287e-006,0.1351816
1.136687e-006,0.1304758
1.137087e-006,0.1255348
1.137487e-006,0.1255348
1.137887e-006,0.131417
1.138287e-006,0.1398874
1.138687e-006,0.1438873
1.139087e-006,0.1422402
1.139487e-006,0.1380051
1.139887e-006,0.1340052
1.140287e-006,0.1321229
1.140687e-006,0.1323581
1.141087e-006,0.1328287
1.141487e-006,0.1311817
1.141887e-006,0.1309464
1.142287e-006,0.1311817
1.142687e-006,0.1316523
1.143087e-006,0.1337699
1.143487e-006,0.1356522
1.143887e-006,0.1344757
1.144287e-006,0.1318876
1.144687e-006,0.1318876
1.145087e-006,0.1368286
1.145487e-006,0.1445931
1.145887e-006,0.1476519
1.146287e-006,0.1415344
1.146687e-006,0.1304758
1.147087e-006,0.1217702
1.147487e-006,0.1194173
1.147887e-006,0.1227113
1.148287e-006,0.12977
1.148687e-006,0.1358875
1.149087e-006,0.1380051
1.149487e-006,0.1370639
1.149887e-006,0.1340052
1.150287e-006,0.131417
1.150687e-006,0.1309464
1.151087e-006,0.133064
1.151487e-006,0.1377698
1.151887e-006,0.1417697
1.152287e-006,0.1408285
1.152687e-006,0.136358
1.153087e-006,0.1316523
1.153487e-006,0.1285935
1.153887e-006,0.1290641
1.154287e-006,0.1316523
1.154687e-006,0.1337699
1.155087e-006,0.1335346
1.155487e-006,0.1311817
1.155887e-006,0.1278877
1.156287e-006,0.1271818
1.156687e-006,0.1290641
1.157087e-006,0.1321229
1.157487e-006,0.1375345
1.157887e-006,0.1427108
1.158287e-006,0.1450637
1.158687e-006,0.1448284
1.159087e-006,0.1408285
1.159487e-006,0.136358
1.159887e-006,0.1358875
1.160287e-006,0.1398874
1.160687e-006,0.1438873
1.161087e-006,0.142005
1.161487e-006,0.134711
1.161887e-006,0.1271818
1.162287e-006,0.1255348
1.162687e-006,0.131417
1.163087e-006,0.1396521
1.163487e-006,0.145299
1.163887e-006,0.1455343
1.164287e-006,0.1389462
1.164687e-006,0.1323581
1.165087e-006,0.1285935
1.165487e-006,0.1276524
1.165887e-006,0.1325934
1.166287e-006,0.1387109
1.166687e-006,0.143652
1.167087e-006,0.145299
1.167487e-006,0.1427108
1.167887e-006,0.1375345
1.168287e-006,0.1321229
1.168687e-006,0.1278877
1.169087e-006,0.1260054
1.169487e-006,0.1274171
1.169887e-006,0.1302406
1.170287e-006,0.1328287
1.170687e-006,0.1337699
1.171087e-006,0.1335346
1.171487e-006,0.1332993
1.171887e-006,0.1340052
1.172287e-006,0.1349463
1.172687e-006,0.1354169
1.173087e-006,0.1351816
1.173487e-006,0.1356522
1.173887e-006,0.1375345
1.174287e-006,0.1410638
1.174687e-006,0.1441225
1.175087e-006,0.1415344
1.175487e-006,0.1344757
1.175887e-006,0.1278877
1.176287e-006,0.1248289
1.176687e-006,0.1260054
1.177087e-006,0.1292994
1.177487e-006,0.1325934
1.177887e-006,0.134711
1.178287e-006,0.1361228
1.178687e-006,0.1365933
1.179087e-006,0.1335346
1.179487e-006,0.1285935
1.179887e-006,0.1227113
1.180287e-006,0.1205938
1.180687e-006,0.1229466
1.181087e-006,0.1278877
1.181487e-006,0.1323581
1.181887e-006,0.1358875
1.182287e-006,0.1375345
1.182687e-006,0.1370639
1.183087e-006,0.1356522
1.183487e-006,0.1344757
1.183887e-006,0.133064
1.184287e-006,0.1304758
1.184687e-006,0.1267112
1.185087e-006,0.1229466
1.185487e-006,0.1222408
1.185887e-006,0.1262407
1.186287e-006,0.1335346
1.186687e-006,0.1389462
1.187087e-006,0.1375345
1.187487e-006,0.1328287
1.187887e-006,0.1295347
1.188287e-006,0.1307111
1.188687e-006,0.134711
1.189087e-006,0.1382403
1.189487e-006,0.1377698
1.189887e-006,0.1323581
1.190287e-006,0.1260054
1.190687e-006,0.1241231
1.191087e-006,0.1274171
1.191487e-006,0.1335346
1.191887e-006,0.1375345
1.192287e-006,0.136358
1.192687e-006,0.1318876
1.193087e-006,0.1274171
1.193487e-006,0.126476
1.193887e-006,0.1307111
1.194287e-006,0.1375345
1.194687e-006,0.1398874
1.195087e-006,0.1375345
1.195487e-006,0.1332993
1.195887e-006,0.1309464
1.196287e-006,0.131417
1.196687e-006,0.1332993
1.197087e-006,0.1351816
1.197487e-006,0.1361228
1.197887e-006,0.1356522
1.198287e-006,0.134711
1.198687e-006,0.1328287
1.199087e-006,0.1292994
1.199487e-006,0.1260054
1.199887e-006,0.1248289
1.200287e-006,0.1276524
1.200687e-006,0.131417
1.201087e-006,0.1332993
1.201487e-006,0.1321229
1.201887e-006,0.1304758
1.202287e-006,0.1307111
1.202687e-006,0.1335346
1.203087e-006,0.1368286
1.203487e-006,0.1389462
1.203887e-006,0.1389462
1.204287e-006,0.1398874
1.204687e-006,0.1398874
1.205087e-006,0.1382403
1.205487e-006,0.136358
1.205887e-006,0.1332993
1.206287e-006,0.1307111
1.206687e-006,0.1295347
1.207087e-006,0.1292994
1.207487e-006,0.1309464
1.207887e-006,0.1325934
1.208287e-006,0.1325934
1.208687e-006,0.1311817
1.209087e-006,0.1295347
1.209487e-006,0.1290641
1.209887e-006,0.1337699
1.210287e-006,0.1391815
1.210687e-006,0.1424755
1.211087e-006,0.1417697
1.211487e-006,0.1375345
1.211887e-006,0.133064
1.212287e-006,0.1309464
1.212687e-006,0.1332993
1.213087e-006,0.136358
1.213487e-006,0.1372992
1.213887e-006,0.1370639
1.214287e-006,0.1337699
1.214687e-006,0.1307111
1.215087e-006,0.1316523
1.215487e-006,0.1323581
1.215887e-006,0.1340052
1.216287e-006,0.1384756
1.216687e-006,0.1394168
1.217087e-006,0.1368286
1.217487e-006,0.1309464
1.217887e-006,0.1255348
1.218287e-006,0.1238878
1.218687e-006,0.1302406
1.219087e-006,0.1391815
1.219487e-006,0.1441225
1.219887e-006,0.1434167
1.220287e-006,0.1370639
1.220687e-006,0.1276524
1.221087e-006,0.1201232
1.221487e-006,0.1189467
1.221887e-006,0.1205938
1.222287e-006,0.1234172
1.222687e-006,0.1269465
1.223087e-006,0.1295347
1.223487e-006,0.1325934
1.223887e-006,0.1368286
1.224287e-006,0.1394168
1.224687e-006,0.1384756
1.225087e-006,0.1351816
1.225487e-006,0.1323581
1.225887e-006,0.1302406
1.226287e-006,0.1295347
1.226687e-006,0.1288288
1.227087e-006,0.1290641
1.227487e-006,0.1304758
1.227887e-006,0.1344757
1.228287e-006,0.1394168
1.228687e-006,0.1422402
1.229087e-006,0.1405932
1.229487e-006,0.1380051
1.229887e-006,0.136358
1.230287e-006,0.1344757
1.230687e-006,0.1337699
1.231087e-006,0.1328287
1.231487e-006,0.1335346
1.231887e-006,0.1372992
1.232287e-006,0.142005
1.232687e-006,0.1438873
1.233087e-006,0.1408285
1.233487e-006,0.133064
1.233887e-006,0.128123
1.234287e-006,0.1295347
1.234687e-006,0.1332993
1.235087e-006,0.1344757
1.235487e-006,0.131417
1.235887e-006,0.1278877
1.236287e-006,0.1300053
1.236687e-006,0.1380051
1.237087e-006,0.1455343
1.237487e-006,0.1445931
1.237887e-006,0.136358
1.238287e-006,0.1260054
1.238687e-006,0.1212996
1.239087e-006,0.1271818
1.239487e-006,0.1370639
1.239887e-006,0.1403579
1.240287e-006,0.136358
1.240687e-006,0.1295347
1.241087e-006,0.1227113
1.241487e-006,0.1203585
1.241887e-006,0.1234172
1.242287e-006,0.1285935
1.242687e-006,0.1358875
1.243087e-006,0.1424755
1.243487e-006,0.1457696
1.243887e-006,0.1457696
1.244287e-006,0.1405932
1.244687e-006,0.1335346
1.245087e-006,0.1288288
1.245487e-006,0.1290641
1.245887e-006,0.1309464
1.246287e-006,0.1316523
1.246687e-006,0.1290641
1.247087e-006,0.1241231
1.247487e-006,0.1198879
1.247887e-006,0.1187115
1.248287e-006,0.1231819
1.248687e-006,0.1325934
1.249087e-006,0.1434167
1.249487e-006,0.15024
1.249887e-006,0.1507106
1.250287e-006,0.1441225
1.250687e-006,0.1337699
1.251087e-006,0.1260054
1.251487e-006,0.1255348
1.251887e-006,0.1304758
1.252287e-006,0.1361228
1.252687e-006,0.1394168
1.253087e-006,0.1398874
1.253487e-006,0.1358875
1.253887e-006,0.1302406
1.254287e-006,0.1267112
1.254687e-006,0.1252995
1.255087e-006,0.1255348
1.255487e-006,0.126476
1.255887e-006,0.1248289
1.256287e-006,0.1236525
1.256687e-006,0.1262407
1.257087e-006,0.1328287
1.257487e-006,0.1398874
1.257887e-006,0.1417697
1.258287e-006,0.136358
1.258687e-006,0.1316523
1.259087e-006,0.1316523
1.259487e-006,0.1375345
1.259887e-006,0.145299
1.260287e-006,0.1443578
1.260687e-006,0.1342405
1.261087e-006,0.1241231
1.261487e-006,0.1222408
1.261887e-006,0.1321229
1.262287e-006,0.1434167
1.262687e-006,0.1445931
1.263087e-006,0.1337699
1.263487e-006,0.1203585
1.263887e-006,0.1149468
1.264287e-006,0.1217702
1.264687e-006,0.1377698
1.265087e-006,0.1507106
1.265487e-006,0.1514165
1.265887e-006,0.1431814
1.266287e-006,0.1342405
1.266687e-006,0.1274171
1.267087e-006,0.1243584
1.267487e-006,0.1245936
1.267887e-006,0.1255348
1.268287e-006,0.1283583
1.268687e-006,0.1351816
1.269087e-006,0.1443578
1.269487e-006,0.1521223
1.269887e-006,0.1537694
1.270287e-006,0.1471813
1.270687e-006,0.1358875
1.271087e-006,0.1262407
1.271487e-006,0.1212996
1.271887e-006,0.1215349
1.272287e-006,0.1241231
1.272687e-006,0.1252995
1.273087e-006,0.1260054
1.273487e-006,0.1276524
1.273887e-006,0.1316523
1.274287e-006,0.1389462
1.274687e-006,0.1460048
1.275087e-006,0.1476519
1.275487e-006,0.1422402
1.275887e-006,0.1316523
1.276287e-006,0.1215349
1.276687e-006,0.120829
1.277087e-006,0.1295347
1.277487e-006,0.1417697
1.277887e-006,0.1476519
1.278287e-006,0.1431814
1.278687e-006,0.1316523
1.279087e-006,0.1217702
1.279487e-006,0.120829
1.279887e-006,0.1271818
1.280287e-006,0.1337699
1.280687e-006,0.1361228
1.281087e-006,0.1356522
1.281487e-006,0.1328287
1.281887e-006,0.1300053
1.282287e-006,0.1274171
1.282687e-006,0.1274171
1.283087e-006,0.1302406
1.283487e-006,0.1365933
1.283887e-006,0.143652
1.284287e-006,0.1471813
1.284687e-006,0.1412991
1.285087e-006,0.1309464
1.285487e-006,0.1248289
1.285887e-006,0.1241231
1.286287e-006,0.1285935
1.286687e-006,0.1325934
1.287087e-006,0.1323581
1.287487e-006,0.1292994
1.287887e-006,0.1269465
1.288287e-006,0.1262407
1.288687e-006,0.1267112
1.289087e-006,0.1269465
1.289487e-006,0.126476
1.289887e-006,0.1260054
1.290287e-006,0.128123
1.290687e-006,0.1328287
1.291087e-006,0.1365933
1.291487e-006,0.1372992
1.291887e-006,0.1361228
1.292287e-006,0.1325934
1.292687e-006,0.1302406
1.293087e-006,0.1321229
1.293487e-006,0.1368286
1.293887e-006,0.1412991
1.294287e-006,0.142005
1.294687e-006,0.1370639
1.295087e-006,0.1318876
1.295487e-006,0.131417
1.295887e-006,0.1354169
1.296287e-006,0.1403579
1.296687e-006,0.142005
1.297087e-006,0.1387109
1.297487e-006,0.1344757
1.297887e-006,0.1340052
1.298287e-006,0.1361228
1.298687e-006,0.1365933
1.299087e-006,0.1344757
1.299487e-006,0.1302406
1.299887e-006,0.1288288
1.300287e-006,0.1321229
1.300687e-006,0.1377698
1.301087e-006,0.1405932
1.301487e-006,0.1389462
1.301887e-006,0.1349463
1.302287e-006,0.1342405
1.302687e-006,0.1358875
1.303087e-006,0.1342405
1.303487e-006,0.1295347
1.303887e-006,0.1227113
1.304287e-006,0.1177703
1.304687e-006,0.1189467
1.305087e-006,0.1260054
1.305487e-006,0.1344757
1.305887e-006,0.1401227
1.306287e-006,0.1408285
1.306687e-006,0.1382403
1.307087e-006,0.1344757
1.307487e-006,0.1321229
1.307887e-006,0.1323581
1.308287e-006,0.1340052
1.308687e-006,0.136358
1.309087e-006,0.1394168
1.309487e-006,0.1412991
1.309887e-006,0.1415344
1.310287e-006,0.1398874
1.310687e-006,0.1370639
1.311087e-006,0.1358875
1.311487e-006,0.1361228
1.311887e-006,0.1368286
1.312287e-006,0.1372992
1.312687e-006,0.1349463
1.313087e-006,0.1318876
1.313487e-006,0.1292994
1.313887e-006,0.1276524
1.314287e-006,0.1278877
1.314687e-006,0.1300053
1.315087e-006,0.1344757
1.315487e-006,0.1380051
1.315887e-006,0.1398874
1.316287e-006,0.1391815
1.316687e-006,0.1354169
1.317087e-006,0.1316523
1.317487e-006,0.1309464
1.317887e-006,0.1337699
1.318287e-006,0.1377698
1.318687e-006,0.1405932
1.319087e-006,0.1405932
1.319487e-006,0.1384756
1.319887e-006,0.1377698
1.320287e-006,0.1384756
1.320687e-006,0.1380051
1.321087e-006,0.136358
1.321487e-006,0.1342405
1.321887e-006,0.133064
1.322287e-006,0.1344757
1.322687e-006,0.1370639
1.323087e-006,0.1372992
1.323487e-006,0.1342405
1.323887e-006,0.1302406
1.324287e-006,0.1300053
1.324687e-006,0.1323581
1.325087e-006,0.1344757
1.325487e-006,0.1344757
1.325887e-006,0.1323581
1.326287e-006,0.131417
1.326687e-006,0.131417
1.327087e-006,0.1311817
1.327487e-006,0.1285935
1.327887e-006,0.1241231
1.328287e-006,0.1201232
1.328687e-006,0.1203585
1.329087e-006,0.1260054
1.329487e-006,0.1342405
1.329887e-006,0.1401227
1.330287e-006,0.1412991
1.330687e-006,0.1396521
1.331087e-006,0.1377698
1.331487e-006,0.1365933
1.331887e-006,0.1358875
1.332287e-006,0.1358875
1.332687e-006,0.1323581
1.333087e-006,0.1257701
1.333487e-006,0.1224761
1.333887e-006,0.1276524
1.334287e-006,0.1391815
1.334687e-006,0.1521223
1.335087e-006,0.1572987
1.335487e-006,0.1514165
1.335887e-006,0.1382403
1.336287e-006,0.1278877
1.336687e-006,0.1262407
1.337087e-006,0.1304758
1.337487e-006,0.1351816
1.337887e-006,0.1368286
1.338287e-006,0.1358875
1.338687e-006,0.136358
1.339087e-006,0.1368286
1.339487e-006,0.1349463
1.339887e-006,0.1292994
1.340287e-006,0.1217702
1.340687e-006,0.1177703
1.341087e-006,0.1203585
1.341487e-006,0.1271818
1.341887e-006,0.1325934
1.342287e-006,0.1337699
1.342687e-006,0.1316523
1.343087e-006,0.1285935
1.343487e-006,0.1267112
1.343887e-006,0.1292994
1.344287e-006,0.1349463
1.344687e-006,0.1394168
1.345087e-006,0.1417697
1.345487e-006,0.1405932
1.345887e-006,0.1380051
1.346287e-006,0.1377698
1.346687e-006,0.1396521
1.347087e-006,0.1401227
1.347487e-006,0.1380051
1.347887e-006,0.1337699
1.348287e-006,0.1304758
1.348687e-006,0.1309464
1.349087e-006,0.1340052
1.349487e-006,0.1382403
1.349887e-006,0.1401227
1.350287e-006,0.1391815
1.350687e-006,0.1380051
1.351087e-006,0.1361228
1.351487e-006,0.1351816
1.351887e-006,0.1344757
1.352287e-006,0.1332993
1.352687e-006,0.131417
1.353087e-006,0.1304758
1.353487e-006,0.131417
1.353887e-006,0.1342405
1.354287e-006,0.1370639
1.354687e-006,0.1387109
1.355087e-006,0.1365933
1.355487e-006,0.1307111
1.355887e-006,0.1243584
1.356287e-006,0.1196526
1.356687e-006,0.1172997
1.357087e-006,0.1198879
1.357487e-006,0.1241231
1.357887e-006,0.1302406
1.358287e-006,0.1344757
1.358687e-006,0.136358
1.359087e-006,0.1354169
1.359487e-006,0.1337699
1.359887e-006,0.1323581
1.360287e-006,0.1318876
1.360687e-006,0.1335346
1.361087e-006,0.1375345
1.361487e-006,0.1396521
1.361887e-006,0.1389462
1.362287e-006,0.1380051
1.362687e-006,0.1370639
1.363087e-006,0.1361228
1.363487e-006,0.1351816
1.363887e-006,0.1337699
1.364287e-006,0.1323581
1.364687e-006,0.131417
1.365087e-006,0.131417
1.365487e-006,0.1325934
1.365887e-006,0.1358875
1.366287e-006,0.1387109
1.366687e-006,0.1384756
1.367087e-006,0.1365933
1.367487e-006,0.1342405
1.367887e-006,0.1335346
1.368287e-006,0.1358875
1.368687e-006,0.1410638
1.369087e-006,0.1431814
1.369487e-006,0.1405932
1.369887e-006,0.1349463
1.370287e-006,0.1292994
1.370687e-006,0.1269465
1.371087e-006,0.1274171
1.371487e-006,0.1290641
1.371887e-006,0.12977
1.372287e-006,0.1309464
1.372687e-006,0.1316523
1.373087e-006,0.1337699
1.373487e-006,0.1349463
1.373887e-006,0.1340052
1.374287e-006,0.1318876
1.374687e-006,0.1300053
1.375087e-006,0.1309464
1.375487e-006,0.134711
1.375887e-006,0.1387109
1.376287e-006,0.1398874
1.376687e-006,0.1377698
1.377087e-006,0.1335346
1.377487e-006,0.1283583
1.377887e-006,0.1243584
1.378287e-006,0.1212996
1.378687e-006,0.1198879
1.379087e-006,0.1238878
1.379487e-006,0.1340052
1.379887e-006,0.1431814
1.380287e-006,0.1457696
1.380687e-006,0.1389462
1.381087e-006,0.1292994
1.381487e-006,0.1255348
1.381887e-006,0.1304758
1.382287e-006,0.1403579
1.382687e-006,0.1448284
1.383087e-006,0.1389462
1.383487e-006,0.1288288
1.383887e-006,0.1231819
1.384287e-006,0.1271818
1.384687e-006,0.1368286
1.385087e-006,0.1427108
1.385487e-006,0.1389462
1.385887e-006,0.1288288
1.386287e-006,0.1215349
1.386687e-006,0.1227113
1.387087e-006,0.1304758
1.387487e-006,0.1380051
1.387887e-006,0.1412991
1.388287e-006,0.1396521
1.388687e-006,0.1351816
1.389087e-006,0.133064
1.389487e-006,0.133064
1.389887e-006,0.1344757
1.390287e-006,0.1354169
1.390687e-006,0.1340052
1.391087e-006,0.1300053
1.391487e-006,0.1255348
1.391887e-006,0.1241231
1.392287e-006,0.1267112
1.392687e-006,0.1300053
1.393087e-006,0.1309464
1.393487e-006,0.1304758
1.393887e-006,0.1307111
1.394287e-006,0.1356522
1.394687e-006,0.1401227
1.395087e-006,0.1401227
1.395487e-006,0.1349463
1.395887e-006,0.128123
1.396287e-006,0.1257701
1.396687e-006,0.1292994
1.397087e-006,0.1354169
1.397487e-006,0.1380051
1.397887e-006,0.1358875
1.398287e-006,0.1318876
1.398687e-006,0.1290641
1.399087e-006,0.1288288
1.399487e-006,0.1295347
1.399887e-006,0.1295347
1.400287e-006,0.12977
1.400687e-006,0.12977
1.401087e-006,0.1304758
1.401487e-006,0.1328287
1.401887e-006,0.1340052
1.402287e-006,0.1318876
1.402687e-006,0.1295347
1.403087e-006,0.1304758
1.403487e-006,0.1337699
1.403887e-006,0.1377698
1.404287e-006,0.1396521
1.404687e-006,0.1382403
1.405087e-006,0.1361228
1.405487e-006,0.1351816
1.405887e-006,0.1375345
1.406287e-006,0.1412991
1.406687e-006,0.1424755
1.407087e-006,0.1410638
1.407487e-006,0.136358
1.407887e-006,0.1321229
1.408287e-006,0.131417
1.408687e-006,0.1344757
1.409087e-006,0.1398874
1.409487e-006,0.1422402
1.409887e-006,0.1401227
1.410287e-006,0.1351816
1.410687e-006,0.1311817
1.411087e-006,0.131417
1.411487e-006,0.1361228
1.411887e-006,0.1412991
1.412287e-006,0.1448284
1.412687e-006,0.1431814
1.413087e-006,0.1398874
1.413487e-006,0.1387109
1.413887e-006,0.1394168
1.414287e-006,0.1412991
1.414687e-006,0.1415344
1.415087e-006,0.1391815
1.415487e-006,0.1365933
1.415887e-006,0.136358
1.416287e-006,0.1361228
1.416687e-006,0.136358
1.417087e-006,0.1368286
1.417487e-006,0.1365933
1.417887e-006,0.133064
1.418287e-006,0.1276524
1.418687e-006,0.1236525
1.419087e-006,0.120829
1.419487e-006,0.1229466
1.419887e-006,0.1307111
1.420287e-006,0.1372992
1.420687e-006,0.1415344
1.421087e-006,0.1424755
1.421487e-006,0.1384756
1.421887e-006,0.1323581
1.422287e-006,0.126476
1.422687e-006,0.1217702
1.423087e-006,0.1215349
1.423487e-006,0.1285935
1.423887e-006,0.1370639
1.424287e-006,0.1443578
1.424687e-006,0.1455343
1.425087e-006,0.1403579
1.425487e-006,0.1351816
1.425887e-006,0.1332993
1.426287e-006,0.1328287
1.426687e-006,0.1323581
1.427087e-006,0.1318876
1.427487e-006,0.1340052
1.427887e-006,0.1370639
1.428287e-006,0.1380051
1.428687e-006,0.134711
1.429087e-006,0.1278877
1.429487e-006,0.1222408
1.429887e-006,0.1241231
1.430287e-006,0.133064
1.430687e-006,0.142005
1.431087e-006,0.1438873
1.431487e-006,0.1398874
1.431887e-006,0.1354169
1.432287e-006,0.1354169
1.432687e-006,0.1410638
1.433087e-006,0.1467107
1.433487e-006,0.145299
1.433887e-006,0.1365933
1.434287e-006,0.1252995
1.434687e-006,0.1196526
1.435087e-006,0.1210643
1.435487e-006,0.1278877
1.435887e-006,0.1344757
1.436287e-006,0.1391815
1.436687e-006,0.1389462
1.437087e-006,0.134711
1.437487e-006,0.12977
1.437887e-006,0.1288288
1.438287e-006,0.1304758
1.438687e-006,0.1323581
1.439087e-006,0.1332993
1.439487e-006,0.1323581
1.439887e-006,0.1302406
1.440287e-006,0.1316523
1.440687e-006,0.1368286
1.441087e-006,0.143652
1.441487e-006,0.1471813
1.441887e-006,0.145299
1.442287e-006,0.1391815
1.442687e-006,0.1318876
1.443087e-006,0.1295347
1.443487e-006,0.1309464
1.443887e-006,0.1344757
1.444287e-006,0.1375345
1.444687e-006,0.1368286
1.445087e-006,0.133064
1.445487e-006,0.1311817
1.445887e-006,0.1309464
1.446287e-006,0.1328287
1.446687e-006,0.1370639
1.447087e-006,0.1391815
1.447487e-006,0.1387109
1.447887e-006,0.1354169
1.448287e-006,0.1323581
1.448687e-006,0.1321229
1.449087e-006,0.1344757
1.449487e-006,0.1368286
1.449887e-006,0.1375345
1.450287e-006,0.1354169
1.450687e-006,0.1323581
1.451087e-006,0.133064
1.451487e-006,0.136358
1.451887e-006,0.1377698
1.452287e-006,0.1365933
1.452687e-006,0.133064
1.453087e-006,0.1288288
1.453487e-006,0.1278877
1.453887e-006,0.1309464
1.454287e-006,0.1340052
1.454687e-006,0.1361228
1.455087e-006,0.1354169
1.455487e-006,0.1323581
1.455887e-006,0.1285935
1.456287e-006,0.1271818
1.456687e-006,0.1290641
1.457087e-006,0.1318876
1.457487e-006,0.1349463
1.457887e-006,0.1358875
1.458287e-006,0.1349463
1.458687e-006,0.1328287
1.459087e-006,0.1309464
1.459487e-006,0.1309464
1.459887e-006,0.1316523
1.460287e-006,0.133064
1.460687e-006,0.1325934
1.461087e-006,0.131417
1.461487e-006,0.12977
1.461887e-006,0.12977
1.462287e-006,0.131417
1.462687e-006,0.1325934
1.463087e-006,0.1304758
1.463487e-006,0.1271818
1.463887e-006,0.1248289
1.464287e-006,0.1269465
1.464687e-006,0.1332993
1.465087e-006,0.1394168
1.465487e-006,0.1410638
1.465887e-006,0.1391815
1.466287e-006,0.1372992
1.466687e-006,0.1401227
1.467087e-006,0.145299
1.467487e-006,0.1474166
1.467887e-006,0.1427108
1.468287e-006,0.1335346
1.468687e-006,0.1257701
1.469087e-006,0.1257701
1.469487e-006,0.1344757
1.469887e-006,0.1438873
1.470287e-006,0.1460048
1.470687e-006,0.1405932
1.471087e-006,0.1325934
1.471487e-006,0.1283583
1.471887e-006,0.1304758
1.472287e-006,0.1358875
1.472687e-006,0.1382403
1.473087e-006,0.1380051
1.473487e-006,0.134711
1.473887e-006,0.12977
1.474287e-006,0.1267112
1.474687e-006,0.128123
1.475087e-006,0.1307111
1.475487e-006,0.1332993
1.475887e-006,0.1342405
1.476287e-006,0.1323581
1.476687e-006,0.1309464
1.477087e-006,0.1316523
1.477487e-006,0.1340052
1.477887e-006,0.1354169
1.478287e-006,0.1344757
1.478687e-006,0.1311817
1.479087e-006,0.12977
1.479487e-006,0.1321229
1.479887e-006,0.1351816
1.480287e-006,0.1358875
1.480687e-006,0.1325934
1.481087e-006,0.1271818
1.481487e-006,0.1252995
1.481887e-006,0.1283583
1.482287e-006,0.1351816
1.482687e-006,0.1398874
1.483087e-006,0.1403579
1.483487e-006,0.1372992
1.483887e-006,0.1325934
1.484287e-006,0.1278877
1.484687e-006,0.1262407
1.485087e-006,0.1278877
1.485487e-006,0.1318876
1.485887e-006,0.1354169
1.486287e-006,0.1358875
1.486687e-006,0.1358875
1.487087e-006,0.1384756
1.487487e-006,0.1438873
1.487887e-006,0.148593
1.488287e-006,0.1483577
1.488687e-006,0.1408285
1.489087e-006,0.1316523
1.489487e-006,0.1278877
1.489887e-006,0.1325934
1.490287e-006,0.1422402
1.490687e-006,0.1476519
1.491087e-006,0.145299
1.491487e-006,0.1370639
1.491887e-006,0.1267112
1.492287e-006,0.1212996
1.492687e-006,0.1224761
1.493087e-006,0.1283583
1.493487e-006,0.1354169
1.493887e-006,0.1398874
1.494287e-006,0.1380051
1.494687e-006,0.1337699
1.495087e-006,0.1300053
1.495487e-006,0.128123
1.495887e-006,0.1292994
1.496287e-006,0.1321229
1.496687e-006,0.1351816
1.497087e-006,0.1365933
1.497487e-006,0.1377698
1.497887e-006,0.1401227
1.498287e-006,0.1410638
1.498687e-006,0.1401227
1.499087e-006,0.1389462
1.499487e-006,0.1380051
1.499887e-006,0.1356522
1.500287e-006,0.1318876
1.500687e-006,0.1269465
1.501087e-006,0.1229466
1.501487e-006,0.1245936
1.501887e-006,0.1311817
1.502287e-006,0.1405932
1.502687e-006,0.1450637
1.503087e-006,0.1412991
1.503487e-006,0.133064
1.503887e-006,0.126476
1.504287e-006,0.1248289
1.504687e-006,0.1292994
1.505087e-006,0.1337699
1.505487e-006,0.1332993
1.505887e-006,0.1292994
1.506287e-006,0.1250642
1.506687e-006,0.1267112
1.507087e-006,0.1342405
1.507487e-006,0.1415344
1.507887e-006,0.143652
1.508287e-006,0.1401227
1.508687e-006,0.1354169
1.509087e-006,0.1340052
1.509487e-006,0.1361228
1.509887e-006,0.1394168
1.510287e-006,0.1405932
1.510687e-006,0.1387109
1.511087e-006,0.1368286
1.511487e-006,0.1365933
1.511887e-006,0.134711
1.512287e-006,0.131417
1.512687e-006,0.12977
1.513087e-006,0.1318876
1.513487e-006,0.1370639
1.513887e-006,0.142005
1.514287e-006,0.1415344
1.514687e-006,0.1375345
1.515087e-006,0.1311817
1.515487e-006,0.1269465
1.515887e-006,0.1283583
1.516287e-006,0.1309464
1.516687e-006,0.1316523
1.517087e-006,0.1290641
1.517487e-006,0.1248289
1.517887e-006,0.1245936
1.518287e-006,0.128123
1.518687e-006,0.1335346
1.519087e-006,0.1365933
1.519487e-006,0.136358
1.519887e-006,0.1332993
1.520287e-006,0.1311817
1.520687e-006,0.133064
1.521087e-006,0.1356522
1.521487e-006,0.1370639
1.521887e-006,0.1370639
1.522287e-006,0.136358
1.522687e-006,0.1354169
1.523087e-006,0.1356522
1.523487e-006,0.1358875
1.523887e-006,0.1337699
1.524287e-006,0.1321229
1.524687e-006,0.1307111
1.525087e-006,0.12977
1.525487e-006,0.12977
1.525887e-006,0.1292994
1.526287e-006,0.1269465
1.526687e-006,0.1269465
1.527087e-006,0.1311817
1.527487e-006,0.1375345
1.527887e-006,0.1431814
1.528287e-006,0.1448284
1.528687e-006,0.1417697
1.529087e-006,0.1382403
1.529487e-006,0.1377698
1.529887e-006,0.1382403
1.530287e-006,0.1368286
1.530687e-006,0.133064
1.531087e-006,0.1283583
1.531487e-006,0.1271818
1.531887e-006,0.1318876
1.532287e-006,0.1391815
1.532687e-006,0.1448284
1.533087e-006,0.1462401
1.533487e-006,0.1434167
1.533887e-006,0.1398874
1.534287e-006,0.1370639
1.534687e-006,0.1365933
1.535087e-006,0.136358
1.535487e-006,0.1361228
1.535887e-006,0.1349463
1.536287e-006,0.131417
1.536687e-006,0.1278877
1.537087e-006,0.1271818
1.537487e-006,0.1292994
1.537887e-006,0.1344757
1.538287e-006,0.1384756
1.538687e-006,0.1382403
1.539087e-006,0.1340052
1.539487e-006,0.12977
1.539887e-006,0.1288288
1.540287e-006,0.1335346
1.540687e-006,0.1372992
1.541087e-006,0.1358875
1.541487e-006,0.1318876
1.541887e-006,0.1288288
1.542287e-006,0.1271818
1.542687e-006,0.128123
1.543087e-006,0.126476
1.543487e-006,0.1220055
1.543887e-006,0.1184762
1.544287e-006,0.1177703
1.544687e-006,0.1227113
1.545087e-006,0.1304758
1.545487e-006,0.1372992
1.545887e-006,0.1403579
1.546287e-006,0.1398874
1.546687e-006,0.1365933
1.547087e-006,0.1318876
1.547487e-006,0.1288288
1.547887e-006,0.1302406
1.548287e-006,0.1335346
1.548687e-006,0.1382403
1.549087e-006,0.1422402
1.549487e-006,0.1427108
1.549887e-006,0.1396521
1.550287e-006,0.1328287
1.550687e-006,0.1260054
1.551087e-006,0.1234172
1.551487e-006,0.1285935
1.551887e-006,0.1377698
1.552287e-006,0.1462401
1.552687e-006,0.146946
1.553087e-006,0.1380051
1.553487e-006,0.1276524
1.553887e-006,0.1238878
1.554287e-006,0.1285935
1.554687e-006,0.1372992
1.555087e-006,0.1415344
1.555487e-006,0.1387109
1.555887e-006,0.1342405
1.556287e-006,0.1342405
1.556687e-006,0.1401227
1.557087e-006,0.1455343
1.557487e-006,0.143652
1.557887e-006,0.134711
1.558287e-006,0.1255348
1.558687e-006,0.1236525
1.559087e-006,0.1262407
1.559487e-006,0.1295347
1.559887e-006,0.1304758
1.560287e-006,0.1288288
1.560687e-006,0.1288288
1.561087e-006,0.1325934
1.561487e-006,0.136358
1.561887e-006,0.1354169
1.562287e-006,0.1316523
1.562687e-006,0.1302406
1.563087e-006,0.1323581
1.563487e-006,0.1372992
1.563887e-006,0.1408285
1.564287e-006,0.1408285
1.564687e-006,0.1391815
1.565087e-006,0.1389462
1.565487e-006,0.1398874
1.565887e-006,0.1417697
1.566287e-006,0.1408285
1.566687e-006,0.1370639
1.567087e-006,0.1337699
1.567487e-006,0.1309464
1.567887e-006,0.1288288
1.568287e-006,0.1260054
1.568687e-006,0.1236525
1.569087e-006,0.1269465
1.569487e-006,0.1340052
1.569887e-006,0.1391815
1.570287e-006,0.1382403
1.570687e-006,0.1323581
1.571087e-006,0.1260054
1.571487e-006,0.1220055
1.571887e-006,0.1236525
1.572287e-006,0.1278877
1.572687e-006,0.1311817
1.573087e-006,0.1335346
1.573487e-006,0.1354169
1.573887e-006,0.1351816
1.574287e-006,0.133064
1.574687e-006,0.1316523
1.575087e-006,0.1316523
1.575487e-006,0.1349463
1.575887e-006,0.1401227
1.576287e-006,0.1427108
1.576687e-006,0.1415344
1.577087e-006,0.1370639
1.577487e-006,0.1321229
1.577887e-006,0.1307111
1.578287e-006,0.1325934
1.578687e-006,0.1332993
1.579087e-006,0.1309464
1.579487e-006,0.1260054
1.579887e-006,0.1220055
1.580287e-006,0.1227113
1.580687e-006,0.126476
1.581087e-006,0.1311817
1.581487e-006,0.1349463
1.581887e-006,0.136358
1.582287e-006,0.1361228
1.582687e-006,0.1358875
1.583087e-006,0.1358875
1.583487e-006,0.1344757
1.583887e-006,0.1321229
1.584287e-006,0.1307111
1.584687e-006,0.1323581
1.585087e-006,0.136358
1.585487e-006,0.1398874
1.585887e-006,0.1405932
1.586287e-006,0.1358875
1.586687e-006,0.1300053
1.587087e-006,0.1271818
1.587487e-006,0.128123
1.587887e-006,0.1307111
1.588287e-006,0.1335346
1.588687e-006,0.1356522
1.589087e-006,0.1380051
1.589487e-006,0.1408285
1.589887e-006,0.142005
1.590287e-006,0.1403579
1.590687e-006,0.1344757
1.591087e-006,0.1295347
1.591487e-006,0.1295347
1.591887e-006,0.1344757
1.592287e-006,0.1405932
1.592687e-006,0.1429461
1.593087e-006,0.1417697
1.593487e-006,0.1372992
1.593887e-006,0.1337699
1.594287e-006,0.1328287
1.594687e-006,0.1351816
1.595087e-006,0.1398874
1.595487e-006,0.1438873
1.595887e-006,0.1445931
1.596287e-006,0.1412991
1.596687e-006,0.1356522
1.597087e-006,0.131417
1.597487e-006,0.1302406
1.597887e-006,0.1311817
1.598287e-006,0.1309464
1.598687e-006,0.1302406
1.599087e-006,0.1307111
1.599487e-006,0.1321229
1.599887e-006,0.1332993
1.600287e-006,0.1344757
