LECROYWS4054HD,18796,Waveform
Segments,1,SegmentSize,5002
Segment,TrigTime,TimeSinceSegment1
#1,04-Sep-2025 14:52:55,0                 
Time,Ampl
-4.001212e-007,0.04862065
-3.997212e-007,0.04673834
-3.993212e-007,0.04944416
-3.989212e-007,0.05132646
-3.985212e-007,0.05109117
-3.981212e-007,0.04909122
-3.977212e-007,0.04803243
-3.973212e-007,0.04885594
-3.969212e-007,0.05038531
-3.965212e-007,0.05073824
-3.961212e-007,0.04979709
-3.957212e-007,0.04815007
-3.953212e-007,0.04732656
-3.949212e-007,0.04779714
-3.945212e-007,0.04838536
-3.941212e-007,0.04862065
-3.937212e-007,0.04932651
-3.933212e-007,0.0495618
-3.929212e-007,0.0495618
-3.925212e-007,0.04909122
-3.921212e-007,0.04732656
-3.917212e-007,0.04544426
-3.913212e-007,0.04567955
-3.909212e-007,0.04803243
-3.905212e-007,0.05356169
-3.901212e-007,0.05979682
-3.897212e-007,0.06297321
-3.893212e-007,0.0602674
-3.889212e-007,0.05285583
-3.885212e-007,0.04462075
-3.881212e-007,0.04026793
-3.877212e-007,0.04215023
-3.873212e-007,0.04779714
-3.869212e-007,0.05285583
-3.865212e-007,0.05426756
-3.861212e-007,0.05414991
-3.857212e-007,0.05426756
-3.853212e-007,0.05426756
-3.849212e-007,0.05379698
-3.845212e-007,0.05214997
-3.841212e-007,0.04979709
-3.837212e-007,0.04756185
-3.833212e-007,0.0447384
-3.829212e-007,0.039915
-3.825212e-007,0.0369739
-3.821212e-007,0.03803269
-3.817212e-007,0.04438547
-3.813212e-007,0.05320876
-3.809212e-007,0.05979682
-3.805212e-007,0.05944389
-3.801212e-007,0.05309112
-3.797212e-007,0.04520897
-3.793212e-007,0.04285609
-3.789212e-007,0.0466207
-3.785212e-007,0.05356169
-3.781212e-007,0.05685573
-3.777212e-007,0.05462049
-3.773212e-007,0.04815007
-3.769212e-007,0.04403253
-3.765212e-007,0.04532662
-3.761212e-007,0.05085588
-3.757212e-007,0.05556164
-3.753212e-007,0.05614986
-3.749212e-007,0.05203232
-3.745212e-007,0.04709128
-3.741212e-007,0.04438547
-3.737212e-007,0.04438547
-3.733212e-007,0.04520897
-3.729212e-007,0.0447384
-3.725212e-007,0.04415018
-3.721212e-007,0.04579719
-3.717212e-007,0.04991473
-3.713212e-007,0.05450285
-3.709212e-007,0.05556164
-3.705212e-007,0.05179703
-3.701212e-007,0.04579719
-3.697212e-007,0.04438547
-3.693212e-007,0.04979709
-3.689212e-007,0.05791452
-3.685212e-007,0.06285557
-3.681212e-007,0.05944389
-3.677212e-007,0.0506206
-3.673212e-007,0.04226787
-3.669212e-007,0.0388562
-3.665212e-007,0.04062086
-3.661212e-007,0.04556191
-3.657212e-007,0.05120882
-3.653212e-007,0.05320876
-3.649212e-007,0.05203232
-3.645212e-007,0.04779714
-3.641212e-007,0.04415018
-3.637212e-007,0.04438547
-3.633212e-007,0.04979709
-3.629212e-007,0.05603222
-3.625212e-007,0.05744395
-3.621212e-007,0.05309112
-3.617212e-007,0.04556191
-3.613212e-007,0.04003264
-3.609212e-007,0.04262081
-3.605212e-007,0.05191468
-3.601212e-007,0.0613262
-3.597212e-007,0.06579667
-3.593212e-007,0.06450258
-3.589212e-007,0.06038504
-3.585212e-007,0.05509107
-3.581212e-007,0.05109117
-3.577212e-007,0.0476795
-3.573212e-007,0.04450311
-3.569212e-007,0.04262081
-3.565212e-007,0.04356196
-3.561212e-007,0.04697363
-3.557212e-007,0.0506206
-3.553212e-007,0.05191468
-3.549212e-007,0.04920887
-3.545212e-007,0.04544426
-3.541212e-007,0.0447384
-3.537212e-007,0.04944416
-3.533212e-007,0.05662044
-3.529212e-007,0.06073798
-3.525212e-007,0.05850274
-3.521212e-007,0.05273819
-3.517212e-007,0.04779714
-3.513212e-007,0.04756185
-3.509212e-007,0.048503
-3.505212e-007,0.04638541
-3.501212e-007,0.04109143
-3.497212e-007,0.03873856
-3.493212e-007,0.04356196
-3.489212e-007,0.05391463
-3.485212e-007,0.06120855
-3.481212e-007,0.05814981
-3.477212e-007,0.04744421
-3.473212e-007,0.03732683
-3.469212e-007,0.03415044
-3.465212e-007,0.03826798
-3.461212e-007,0.04497369
-3.457212e-007,0.04803243
-3.453212e-007,0.0466207
-3.449212e-007,0.04497369
-3.445212e-007,0.0466207
-3.441212e-007,0.05085588
-3.437212e-007,0.05626751
-3.433212e-007,0.05967918
-3.429212e-007,0.05885567
-3.425212e-007,0.05403227
-3.421212e-007,0.04744421
-3.417212e-007,0.04320903
-3.413212e-007,0.04462075
-3.409212e-007,0.05015002
-3.405212e-007,0.05414991
-3.401212e-007,0.05367934
-3.397212e-007,0.04779714
-3.393212e-007,0.04238552
-3.389212e-007,0.04226787
-3.385212e-007,0.04779714
-3.381212e-007,0.05462049
-3.377212e-007,0.05744395
-3.373212e-007,0.05485578
-3.369212e-007,0.05015002
-3.365212e-007,0.04744421
-3.361212e-007,0.0476795
-3.357212e-007,0.04779714
-3.353212e-007,0.04697363
-3.349212e-007,0.04509133
-3.345212e-007,0.04285609
-3.341212e-007,0.04226787
-3.337212e-007,0.04391489
-3.333212e-007,0.04603248
-3.329212e-007,0.04944416
-3.325212e-007,0.05297347
-3.321212e-007,0.05626751
-3.317212e-007,0.0573263
-3.313212e-007,0.05579693
-3.309212e-007,0.0506206
-3.305212e-007,0.04203259
-3.301212e-007,0.03497395
-3.297212e-007,0.03262107
-3.293212e-007,0.03497395
-3.289212e-007,0.04156201
-3.285212e-007,0.04815007
-3.281212e-007,0.05285583
-3.277212e-007,0.05520871
-3.273212e-007,0.05603222
-3.269212e-007,0.05532635
-3.265212e-007,0.05262054
-3.261212e-007,0.04673834
-3.257212e-007,0.04167965
-3.253212e-007,0.04144437
-3.249212e-007,0.04403253
-3.245212e-007,0.04579719
-3.241212e-007,0.04497369
-3.237212e-007,0.04356196
-3.233212e-007,0.04438547
-3.229212e-007,0.04838536
-3.225212e-007,0.05273819
-3.221212e-007,0.05332641
-3.217212e-007,0.05015002
-3.213212e-007,0.04638541
-3.209212e-007,0.0447384
-3.205212e-007,0.04556191
-3.201212e-007,0.04709128
-3.197212e-007,0.0495618
-3.193212e-007,0.05367934
-3.189212e-007,0.05744395
-3.185212e-007,0.05956154
-3.181212e-007,0.05885567
-3.177212e-007,0.05473813
-3.173212e-007,0.05026766
-3.169212e-007,0.04873829
-3.165212e-007,0.04967944
-3.161212e-007,0.05120882
-3.157212e-007,0.05109117
-3.153212e-007,0.04815007
-3.149212e-007,0.04485604
-3.145212e-007,0.04320903
-3.141212e-007,0.0436796
-3.137212e-007,0.04638541
-3.133212e-007,0.04932651
-3.129212e-007,0.05073824
-3.125212e-007,0.04944416
-3.121212e-007,0.04638541
-3.117212e-007,0.04356196
-3.113212e-007,0.04238552
-3.109212e-007,0.04509133
-3.105212e-007,0.04991473
-3.101212e-007,0.05273819
-3.097212e-007,0.05214997
-3.093212e-007,0.04885594
-3.089212e-007,0.04450311
-3.085212e-007,0.04262081
-3.081212e-007,0.0447384
-3.077212e-007,0.04897358
-3.073212e-007,0.05332641
-3.069212e-007,0.05579693
-3.065212e-007,0.05650279
-3.061212e-007,0.05673808
-3.057212e-007,0.05709101
-3.053212e-007,0.05509107
-3.049212e-007,0.05026766
-3.045212e-007,0.0436796
-3.041212e-007,0.03826798
-3.037212e-007,0.03767976
-3.033212e-007,0.04167965
-3.029212e-007,0.04567955
-3.025212e-007,0.04615012
-3.021212e-007,0.04203259
-3.017212e-007,0.03767976
-3.013212e-007,0.03744447
-3.009212e-007,0.04497369
-3.005212e-007,0.05414991
-3.001212e-007,0.0602674
-2.997212e-007,0.05956154
-2.993212e-007,0.05309112
-2.989212e-007,0.04626777
-2.985212e-007,0.04144437
-2.981212e-007,0.04038557
-2.977212e-007,0.04332667
-2.973212e-007,0.04732656
-2.969212e-007,0.05003238
-2.965212e-007,0.04944416
-2.961212e-007,0.04744421
-2.957212e-007,0.0466207
-2.953212e-007,0.04732656
-2.949212e-007,0.04991473
-2.945212e-007,0.05191468
-2.941212e-007,0.05038531
-2.937212e-007,0.04838536
-2.933212e-007,0.04862065
-2.929212e-007,0.05109117
-2.925212e-007,0.05297347
-2.921212e-007,0.05120882
-2.917212e-007,0.04803243
-2.913212e-007,0.0476795
-2.909212e-007,0.0514441
-2.905212e-007,0.05673808
-2.901212e-007,0.05744395
-2.897212e-007,0.05191468
-2.893212e-007,0.04426782
-2.889212e-007,0.04038557
-2.885212e-007,0.0417973
-2.881212e-007,0.04603248
-2.877212e-007,0.04732656
-2.873212e-007,0.04626777
-2.869212e-007,0.04509133
-2.865212e-007,0.04720892
-2.861212e-007,0.05156175
-2.857212e-007,0.05497342
-2.853212e-007,0.05497342
-2.849212e-007,0.05120882
-2.845212e-007,0.04532662
-2.841212e-007,0.04050321
-2.837212e-007,0.03873856
-2.833212e-007,0.039915
-2.829212e-007,0.04356196
-2.825212e-007,0.04873829
-2.821212e-007,0.05320876
-2.817212e-007,0.05509107
-2.813212e-007,0.05450285
-2.809212e-007,0.05156175
-2.805212e-007,0.04744421
-2.801212e-007,0.04497369
-2.797212e-007,0.04497369
-2.793212e-007,0.0466207
-2.789212e-007,0.04732656
-2.785212e-007,0.04532662
-2.781212e-007,0.04156201
-2.777212e-007,0.03873856
-2.773212e-007,0.04003264
-2.769212e-007,0.04591484
-2.765212e-007,0.05238525
-2.761212e-007,0.05567929
-2.757212e-007,0.05391463
-2.753212e-007,0.05038531
-2.749212e-007,0.04803243
-2.745212e-007,0.04862065
-2.741212e-007,0.05026766
-2.737212e-007,0.05003238
-2.733212e-007,0.04826772
-2.729212e-007,0.04685599
-2.725212e-007,0.04756185
-2.721212e-007,0.04991473
-2.717212e-007,0.05191468
-2.713212e-007,0.05297347
-2.709212e-007,0.05214997
-2.705212e-007,0.05085588
-2.701212e-007,0.04897358
-2.697212e-007,0.0466207
-2.693212e-007,0.04379725
-2.689212e-007,0.04285609
-2.685212e-007,0.04509133
-2.681212e-007,0.04979709
-2.677212e-007,0.05309112
-2.673212e-007,0.05391463
-2.669212e-007,0.05367934
-2.665212e-007,0.05379698
-2.661212e-007,0.05556164
-2.657212e-007,0.05673808
-2.653212e-007,0.05497342
-2.649212e-007,0.05262054
-2.645212e-007,0.05097353
-2.641212e-007,0.04909122
-2.637212e-007,0.04591484
-2.633212e-007,0.04285609
-2.629212e-007,0.04167965
-2.625212e-007,0.04509133
-2.621212e-007,0.05015002
-2.617212e-007,0.05073824
-2.613212e-007,0.0447384
-2.609212e-007,0.03497395
-2.605212e-007,0.02932704
-2.601212e-007,0.03226814
-2.597212e-007,0.04003264
-2.593212e-007,0.04556191
-2.589212e-007,0.04462075
-2.585212e-007,0.04226787
-2.581212e-007,0.0447384
-2.577212e-007,0.05120882
-2.573212e-007,0.05744395
-2.569212e-007,0.05850274
-2.565212e-007,0.05426756
-2.561212e-007,0.04909122
-2.557212e-007,0.04556191
-2.553212e-007,0.04509133
-2.549212e-007,0.04579719
-2.545212e-007,0.04720892
-2.541212e-007,0.04791478
-2.537212e-007,0.04838536
-2.533212e-007,0.04909122
-2.529212e-007,0.04897358
-2.525212e-007,0.04862065
-2.521212e-007,0.04803243
-2.517212e-007,0.04509133
-2.513212e-007,0.0407385
-2.509212e-007,0.03709154
-2.505212e-007,0.03767976
-2.501212e-007,0.04273845
-2.497212e-007,0.05085588
-2.493212e-007,0.05638515
-2.489212e-007,0.05756159
-2.485212e-007,0.05414991
-2.481212e-007,0.0495618
-2.477212e-007,0.04673834
-2.473212e-007,0.04744421
-2.469212e-007,0.05015002
-2.465212e-007,0.05167939
-2.461212e-007,0.05015002
-2.457212e-007,0.0447384
-2.453212e-007,0.03979735
-2.449212e-007,0.04003264
-2.445212e-007,0.04391489
-2.441212e-007,0.04873829
-2.437212e-007,0.04944416
-2.433212e-007,0.04591484
-2.429212e-007,0.04132672
-2.425212e-007,0.03956206
-2.421212e-007,0.04215023
-2.417212e-007,0.04697363
-2.413212e-007,0.05097353
-2.409212e-007,0.05156175
-2.405212e-007,0.05038531
-2.401212e-007,0.04979709
-2.397212e-007,0.0495618
-2.393212e-007,0.04909122
-2.389212e-007,0.04697363
-2.385212e-007,0.04285609
-2.381212e-007,0.03909149
-2.377212e-007,0.03838562
-2.373212e-007,0.04191494
-2.369212e-007,0.04791478
-2.365212e-007,0.05426756
-2.361212e-007,0.05697337
-2.357212e-007,0.055444
-2.353212e-007,0.05073824
-2.349212e-007,0.04685599
-2.345212e-007,0.04544426
-2.341212e-007,0.04544426
-2.337212e-007,0.04603248
-2.333212e-007,0.04650306
-2.329212e-007,0.04826772
-2.325212e-007,0.05073824
-2.321212e-007,0.05273819
-2.317212e-007,0.05344405
-2.313212e-007,0.05097353
-2.309212e-007,0.04544426
-2.305212e-007,0.03979735
-2.301212e-007,0.03673861
-2.297212e-007,0.03767976
-2.293212e-007,0.04050321
-2.289212e-007,0.04344431
-2.285212e-007,0.04450311
-2.281212e-007,0.04438547
-2.277212e-007,0.04485604
-2.273212e-007,0.04756185
-2.269212e-007,0.05109117
-2.265212e-007,0.05262054
-2.261212e-007,0.05097353
-2.257212e-007,0.04873829
-2.253212e-007,0.04791478
-2.249212e-007,0.04909122
-2.245212e-007,0.04979709
-2.241212e-007,0.04967944
-2.237212e-007,0.048503
-2.233212e-007,0.04920887
-2.229212e-007,0.05285583
-2.225212e-007,0.0573263
-2.221212e-007,0.05803216
-2.217212e-007,0.05414991
-2.213212e-007,0.04779714
-2.209212e-007,0.04309138
-2.205212e-007,0.04403253
-2.201212e-007,0.04991473
-2.197212e-007,0.05673808
-2.193212e-007,0.06085562
-2.189212e-007,0.05909096
-2.185212e-007,0.05297347
-2.181212e-007,0.04803243
-2.177212e-007,0.04732656
-2.173212e-007,0.05003238
-2.169212e-007,0.0506206
-2.165212e-007,0.04638541
-2.161212e-007,0.04015028
-2.157212e-007,0.03826798
-2.153212e-007,0.04379725
-2.149212e-007,0.05320876
-2.145212e-007,0.06003211
-2.141212e-007,0.05909096
-2.137212e-007,0.05450285
-2.133212e-007,0.04979709
-2.129212e-007,0.04709128
-2.125212e-007,0.0447384
-2.121212e-007,0.04273845
-2.117212e-007,0.04132672
-2.113212e-007,0.04191494
-2.109212e-007,0.04426782
-2.105212e-007,0.0476795
-2.101212e-007,0.04920887
-2.097212e-007,0.04932651
-2.093212e-007,0.04791478
-2.089212e-007,0.04603248
-2.085212e-007,0.0447384
-2.081212e-007,0.04391489
-2.077212e-007,0.04462075
-2.073212e-007,0.04697363
-2.069212e-007,0.04897358
-2.065212e-007,0.04920887
-2.061212e-007,0.04685599
-2.057212e-007,0.04320903
-2.053212e-007,0.03967971
-2.049212e-007,0.03862091
-2.045212e-007,0.04097379
-2.041212e-007,0.04509133
-2.037212e-007,0.04803243
-2.033212e-007,0.04920887
-2.029212e-007,0.04944416
-2.025212e-007,0.04967944
-2.021212e-007,0.0506206
-2.017212e-007,0.05097353
-2.013212e-007,0.04991473
-2.009212e-007,0.04897358
-2.005212e-007,0.048503
-2.001212e-007,0.04897358
-1.997212e-007,0.04944416
-1.993212e-007,0.04756185
-1.989212e-007,0.04273845
-1.985212e-007,0.03862091
-1.981212e-007,0.03650332
-1.977212e-007,0.03803269
-1.973212e-007,0.04120908
-1.969212e-007,0.04262081
-1.965212e-007,0.04109143
-1.961212e-007,0.03920913
-1.957212e-007,0.03932678
-1.953212e-007,0.04167965
-1.949212e-007,0.04697363
-1.945212e-007,0.05273819
-1.941212e-007,0.055444
-1.937212e-007,0.05497342
-1.933212e-007,0.0514441
-1.929212e-007,0.04685599
-1.925212e-007,0.04379725
-1.921212e-007,0.04509133
-1.917212e-007,0.0495618
-1.913212e-007,0.05297347
-1.909212e-007,0.05203232
-1.905212e-007,0.048503
-1.901212e-007,0.04603248
-1.897212e-007,0.04744421
-1.893212e-007,0.05050295
-1.889212e-007,0.05214997
-1.885212e-007,0.0495618
-1.881212e-007,0.04556191
-1.877212e-007,0.0436796
-1.873212e-007,0.04556191
-1.869212e-007,0.04932651
-1.865212e-007,0.05109117
-1.861212e-007,0.04779714
-1.857212e-007,0.04297374
-1.853212e-007,0.03967971
-1.849212e-007,0.04038557
-1.845212e-007,0.04450311
-1.841212e-007,0.04944416
-1.837212e-007,0.05320876
-1.833212e-007,0.05614986
-1.829212e-007,0.05885567
-1.825212e-007,0.05826745
-1.821212e-007,0.05344405
-1.817212e-007,0.04732656
-1.813212e-007,0.04485604
-1.809212e-007,0.04838536
-1.805212e-007,0.05509107
-1.801212e-007,0.05885567
-1.797212e-007,0.055444
-1.793212e-007,0.04673834
-1.789212e-007,0.03979735
-1.785212e-007,0.04050321
-1.781212e-007,0.04744421
-1.777212e-007,0.05497342
-1.773212e-007,0.05779688
-1.769212e-007,0.05579693
-1.765212e-007,0.05120882
-1.761212e-007,0.0466207
-1.757212e-007,0.04297374
-1.753212e-007,0.04109143
-1.749212e-007,0.04167965
-1.745212e-007,0.04509133
-1.741212e-007,0.04885594
-1.737212e-007,0.05050295
-1.733212e-007,0.04826772
-1.729212e-007,0.04544426
-1.725212e-007,0.04685599
-1.721212e-007,0.05320876
-1.717212e-007,0.06038504
-1.713212e-007,0.06250264
-1.709212e-007,0.0573263
-1.705212e-007,0.04909122
-1.701212e-007,0.04356196
-1.697212e-007,0.04262081
-1.693212e-007,0.04485604
-1.689212e-007,0.04650306
-1.685212e-007,0.04615012
-1.681212e-007,0.04579719
-1.677212e-007,0.04556191
-1.673212e-007,0.04567955
-1.669212e-007,0.04615012
-1.665212e-007,0.04650306
-1.661212e-007,0.04709128
-1.657212e-007,0.04862065
-1.653212e-007,0.0506206
-1.649212e-007,0.05332641
-1.645212e-007,0.05509107
-1.641212e-007,0.05509107
-1.637212e-007,0.05485578
-1.633212e-007,0.05356169
-1.629212e-007,0.05003238
-1.625212e-007,0.04685599
-1.621212e-007,0.0447384
-1.617212e-007,0.0436796
-1.613212e-007,0.04567955
-1.609212e-007,0.04909122
-1.605212e-007,0.05120882
-1.601212e-007,0.05109117
-1.597212e-007,0.05097353
-1.593212e-007,0.05097353
-1.589212e-007,0.05026766
-1.585212e-007,0.05003238
-1.581212e-007,0.04779714
-1.577212e-007,0.04403253
-1.573212e-007,0.04203259
-1.569212e-007,0.04285609
-1.565212e-007,0.04579719
-1.561212e-007,0.04944416
-1.557212e-007,0.0514441
-1.553212e-007,0.05120882
-1.549212e-007,0.05038531
-1.545212e-007,0.0506206
-1.541212e-007,0.05262054
-1.537212e-007,0.05591457
-1.533212e-007,0.05862038
-1.529212e-007,0.05897332
-1.525212e-007,0.05509107
-1.521212e-007,0.048503
-1.517212e-007,0.04297374
-1.513212e-007,0.04285609
-1.509212e-007,0.0495618
-1.505212e-007,0.05885567
-1.501212e-007,0.06450258
-1.497212e-007,0.06238499
-1.493212e-007,0.05332641
-1.489212e-007,0.04379725
-1.485212e-007,0.03873856
-1.481212e-007,0.04038557
-1.477212e-007,0.04567955
-1.473212e-007,0.0506206
-1.469212e-007,0.05226761
-1.465212e-007,0.0514441
-1.461212e-007,0.04991473
-1.457212e-007,0.04920887
-1.453212e-007,0.05050295
-1.449212e-007,0.05367934
-1.445212e-007,0.05614986
-1.441212e-007,0.05591457
-1.437212e-007,0.0525029
-1.433212e-007,0.04720892
-1.429212e-007,0.04203259
-1.425212e-007,0.0407385
-1.421212e-007,0.04415018
-1.417212e-007,0.05156175
-1.413212e-007,0.05850274
-1.409212e-007,0.06062033
-1.405212e-007,0.05579693
-1.401212e-007,0.0466207
-1.397212e-007,0.03932678
-1.393212e-007,0.03803269
-1.389212e-007,0.04309138
-1.385212e-007,0.04944416
-1.381212e-007,0.05214997
-1.377212e-007,0.05073824
-1.373212e-007,0.04697363
-1.369212e-007,0.04556191
-1.365212e-007,0.0476795
-1.361212e-007,0.05109117
-1.357212e-007,0.05297347
-1.353212e-007,0.05379698
-1.349212e-007,0.05273819
-1.345212e-007,0.05191468
-1.341212e-007,0.05332641
-1.337212e-007,0.05485578
-1.333212e-007,0.05344405
-1.329212e-007,0.04920887
-1.325212e-007,0.0447384
-1.321212e-007,0.04167965
-1.317212e-007,0.04250316
-1.313212e-007,0.04756185
-1.309212e-007,0.05238525
-1.305212e-007,0.055444
-1.301212e-007,0.05556164
-1.297212e-007,0.05367934
-1.293212e-007,0.05203232
-1.289212e-007,0.05262054
-1.285212e-007,0.05309112
-1.281212e-007,0.0514441
-1.277212e-007,0.04638541
-1.273212e-007,0.04026793
-1.269212e-007,0.0359151
-1.265212e-007,0.03756212
-1.261212e-007,0.04297374
-1.257212e-007,0.04838536
-1.253212e-007,0.05026766
-1.249212e-007,0.0495618
-1.245212e-007,0.04815007
-1.241212e-007,0.04826772
-1.237212e-007,0.0495618
-1.233212e-007,0.0506206
-1.229212e-007,0.04967944
-1.225212e-007,0.04697363
-1.221212e-007,0.04509133
-1.217212e-007,0.04650306
-1.213212e-007,0.04909122
-1.209212e-007,0.0514441
-1.205212e-007,0.05167939
-1.201212e-007,0.05026766
-1.197212e-007,0.05015002
-1.193212e-007,0.05238525
-1.189212e-007,0.05509107
-1.185212e-007,0.05520871
-1.181212e-007,0.0525029
-1.177212e-007,0.04944416
-1.173212e-007,0.0476795
-1.169212e-007,0.04756185
-1.165212e-007,0.0466207
-1.161212e-007,0.0436796
-1.157212e-007,0.04038557
-1.153212e-007,0.03920913
-1.149212e-007,0.04097379
-1.145212e-007,0.04497369
-1.141212e-007,0.04944416
-1.137212e-007,0.05238525
-1.133212e-007,0.05309112
-1.129212e-007,0.05073824
-1.125212e-007,0.04615012
-1.121212e-007,0.04144437
-1.117212e-007,0.03920913
-1.113212e-007,0.04120908
-1.109212e-007,0.04532662
-1.105212e-007,0.04756185
-1.101212e-007,0.04709128
-1.097212e-007,0.04720892
-1.093212e-007,0.04838536
-1.089212e-007,0.05120882
-1.085212e-007,0.05285583
-1.081212e-007,0.05203232
-1.077212e-007,0.04897358
-1.073212e-007,0.04591484
-1.069212e-007,0.04438547
-1.065212e-007,0.04426782
-1.061212e-007,0.04403253
-1.057212e-007,0.04438547
-1.053212e-007,0.04485604
-1.049212e-007,0.04720892
-1.045212e-007,0.05073824
-1.041212e-007,0.05403227
-1.037212e-007,0.05497342
-1.033212e-007,0.05367934
-1.029212e-007,0.05073824
-1.025212e-007,0.04897358
-1.021212e-007,0.04979709
-1.017212e-007,0.05238525
-1.013212e-007,0.05485578
-1.009212e-007,0.05532635
-1.005212e-007,0.05273819
-1.001212e-007,0.04909122
-9.97212e-008,0.04626777
-9.93212e-008,0.04615012
-9.89212e-008,0.04685599
-9.85212e-008,0.04756185
-9.81212e-008,0.0466207
-9.77212e-008,0.04497369
-9.73212e-008,0.04462075
-9.69212e-008,0.04603248
-9.65212e-008,0.04697363
-9.61212e-008,0.04556191
-9.57212e-008,0.04156201
-9.53212e-008,0.03932678
-9.49212e-008,0.04238552
-9.45212e-008,0.04779714
-9.41212e-008,0.05203232
-9.37212e-008,0.05191468
-9.33212e-008,0.04815007
-9.29212e-008,0.04697363
-9.25212e-008,0.05109117
-9.21212e-008,0.05814981
-9.17212e-008,0.06156148
-9.13212e-008,0.05850274
-9.09212e-008,0.05191468
-9.05212e-008,0.04697363
-9.01212e-008,0.04779714
-8.97212e-008,0.05226761
-8.93212e-008,0.05426756
-8.89212e-008,0.05156175
-8.85212e-008,0.0466207
-8.81212e-008,0.04450311
-8.77212e-008,0.04709128
-8.73212e-008,0.0525029
-8.69212e-008,0.05614986
-8.65212e-008,0.05567929
-8.61212e-008,0.05050295
-8.57212e-008,0.04485604
-8.53212e-008,0.04144437
-8.49212e-008,0.04191494
-8.45212e-008,0.04532662
-8.41212e-008,0.04979709
-8.37212e-008,0.05214997
-8.33212e-008,0.0525029
-8.29212e-008,0.05214997
-8.25212e-008,0.05214997
-8.21212e-008,0.05179703
-8.17212e-008,0.05132646
-8.13212e-008,0.04991473
-8.09212e-008,0.04873829
-8.05212e-008,0.04873829
-8.01212e-008,0.04979709
-7.97212e-008,0.0514441
-7.93212e-008,0.05332641
-7.89212e-008,0.05356169
-7.85212e-008,0.05203232
-7.81212e-008,0.04873829
-7.77212e-008,0.04579719
-7.73212e-008,0.04497369
-7.69212e-008,0.04638541
-7.65212e-008,0.04826772
-7.61212e-008,0.04862065
-7.57212e-008,0.04779714
-7.53212e-008,0.048503
-7.49212e-008,0.05167939
-7.45212e-008,0.05532635
-7.41212e-008,0.05603222
-7.37212e-008,0.05273819
-7.33212e-008,0.0476795
-7.29212e-008,0.04391489
-7.25212e-008,0.0436796
-7.21212e-008,0.04626777
-7.17212e-008,0.04897358
-7.13212e-008,0.05120882
-7.09212e-008,0.04979709
-7.05212e-008,0.04615012
-7.01212e-008,0.04156201
-6.97212e-008,0.03932678
-6.93212e-008,0.0407385
-6.89212e-008,0.04450311
-6.85212e-008,0.04709128
-6.81212e-008,0.04744421
-6.77212e-008,0.04567955
-6.73212e-008,0.0447384
-6.69212e-008,0.04697363
-6.65212e-008,0.05214997
-6.61212e-008,0.05650279
-6.57212e-008,0.05791452
-6.53212e-008,0.05520871
-6.49212e-008,0.05120882
-6.45212e-008,0.048503
-6.41212e-008,0.04873829
-6.37212e-008,0.05073824
-6.33212e-008,0.05285583
-6.29212e-008,0.05356169
-6.25212e-008,0.05356169
-6.21212e-008,0.05344405
-6.17212e-008,0.05285583
-6.13212e-008,0.05285583
-6.09212e-008,0.05403227
-6.05212e-008,0.05520871
-6.01212e-008,0.0543852
-5.97212e-008,0.05085588
-5.93212e-008,0.04591484
-5.89212e-008,0.04309138
-5.85212e-008,0.04603248
-5.81212e-008,0.05120882
-5.77212e-008,0.05414991
-5.73212e-008,0.0514441
-5.69212e-008,0.04603248
-5.65212e-008,0.04332667
-5.61212e-008,0.0447384
-5.57212e-008,0.04909122
-5.53212e-008,0.05073824
-5.49212e-008,0.04897358
-5.45212e-008,0.04709128
-5.41212e-008,0.04603248
-5.37212e-008,0.04626777
-5.33212e-008,0.04685599
-5.29212e-008,0.04685599
-5.25212e-008,0.04873829
-5.21212e-008,0.05262054
-5.17212e-008,0.05450285
-5.13212e-008,0.05085588
-5.09212e-008,0.04332667
-5.05212e-008,0.03826798
-5.01212e-008,0.039915
-4.97212e-008,0.04638541
-4.93212e-008,0.05085588
-4.89212e-008,0.048503
-4.85212e-008,0.04156201
-4.81212e-008,0.03803269
-4.77212e-008,0.04191494
-4.73212e-008,0.0495618
-4.69212e-008,0.05356169
-4.65212e-008,0.05191468
-4.61212e-008,0.048503
-4.57212e-008,0.04967944
-4.53212e-008,0.05603222
-4.49212e-008,0.06273792
-4.45212e-008,0.06297321
-4.41212e-008,0.05803216
-4.37212e-008,0.05191468
-4.33212e-008,0.04756185
-4.29212e-008,0.04532662
-4.25212e-008,0.04320903
-4.21212e-008,0.0417973
-4.17212e-008,0.04356196
-4.13212e-008,0.048503
-4.09212e-008,0.05332641
-4.05212e-008,0.05391463
-4.01212e-008,0.05015002
-3.97212e-008,0.04579719
-3.93212e-008,0.04556191
-3.89212e-008,0.04920887
-3.85212e-008,0.05426756
-3.81212e-008,0.05650279
-3.77212e-008,0.05509107
-3.73212e-008,0.05167939
-3.69212e-008,0.04826772
-3.65212e-008,0.04567955
-3.61212e-008,0.04332667
-3.57212e-008,0.04215023
-3.53212e-008,0.04391489
-3.49212e-008,0.04791478
-3.45212e-008,0.05156175
-3.41212e-008,0.05273819
-3.37212e-008,0.0506206
-3.33212e-008,0.04779714
-3.29212e-008,0.04756185
-3.25212e-008,0.0495618
-3.21212e-008,0.05179703
-3.17212e-008,0.05332641
-3.13212e-008,0.0543852
-3.09212e-008,0.05556164
-3.05212e-008,0.05744395
-3.01212e-008,0.05862038
-2.97212e-008,0.05803216
-2.93212e-008,0.05450285
-2.89212e-008,0.05003238
-2.85212e-008,0.04615012
-2.81212e-008,0.04497369
-2.77212e-008,0.04650306
-2.73212e-008,0.04920887
-2.69212e-008,0.0514441
-2.65212e-008,0.05285583
-2.61212e-008,0.05262054
-2.57212e-008,0.05132646
-2.53212e-008,0.04967944
-2.49212e-008,0.04885594
-2.45212e-008,0.04920887
-2.41212e-008,0.04838536
-2.37212e-008,0.04732656
-2.33212e-008,0.04709128
-2.29212e-008,0.04756185
-2.25212e-008,0.04826772
-2.21212e-008,0.04838536
-2.17212e-008,0.04756185
-2.13212e-008,0.04638541
-2.09212e-008,0.04744421
-2.05212e-008,0.05132646
-2.01212e-008,0.05756159
-1.97212e-008,0.06309086
-1.93212e-008,0.06497316
-1.89212e-008,0.06097326
-1.85212e-008,0.05332641
-1.81212e-008,0.04650306
-1.77212e-008,0.04273845
-1.73212e-008,0.04273845
-1.69212e-008,0.0436796
-1.65212e-008,0.04356196
-1.61212e-008,0.04250316
-1.57212e-008,0.04215023
-1.53212e-008,0.04356196
-1.49212e-008,0.04673834
-1.45212e-008,0.05026766
-1.41212e-008,0.05262054
-1.37212e-008,0.05520871
-1.33212e-008,0.05885567
-1.29212e-008,0.06050269
-1.25212e-008,0.05850274
-1.21212e-008,0.05379698
-1.17212e-008,0.048503
-1.13212e-008,0.04497369
-1.09212e-008,0.04426782
-1.05212e-008,0.04567955
-1.01212e-008,0.04591484
-9.7212e-009,0.04579719
-9.3212e-009,0.04744421
-8.9212e-009,0.05179703
-8.5212e-009,0.05709101
-8.1212e-009,0.0602674
-7.7212e-009,0.05873803
-7.3212e-009,0.05344405
-6.9212e-009,0.0476795
-6.5212e-009,0.04426782
-6.1212e-009,0.04309138
-5.7212e-009,0.04379725
-5.3212e-009,0.04650306
-4.9212e-009,0.05167939
-4.5212e-009,0.0592086
-4.1212e-009,0.06544373
-3.7212e-009,0.06391436
-3.3212e-009,0.0525029
-2.9212e-009,0.03709154
-2.5212e-009,0.02838589
-2.1212e-009,0.03226814
-1.7212e-009,0.04462075
-1.3212e-009,0.05556164
-9.212e-010,0.05779688
-5.212e-010,0.05273819
-1.212e-010,0.04803243
2.788e-010,0.04885594
6.788e-010,0.05356169
1.0788e-009,0.05579693
1.4788e-009,0.05367934
1.8788e-009,0.04944416
2.2788e-009,0.04556191
2.6788e-009,0.04497369
3.0788e-009,0.04567955
3.4788e-009,0.04685599
3.8788e-009,0.04909122
4.2788e-009,0.05156175
4.6788e-009,0.05320876
5.0788e-009,0.05226761
5.4788e-009,0.05003238
5.8788e-009,0.04779714
6.2788e-009,0.04720892
6.6788e-009,0.0476795
7.0788e-009,0.04909122
7.4788e-009,0.04967944
7.8788e-009,0.05003238
8.2788e-009,0.05156175
8.6788e-009,0.05462049
9.0788e-009,0.05697337
9.4788e-009,0.05685573
9.8788e-009,0.05520871
1.02788e-008,0.05426756
1.06788e-008,0.05391463
1.10788e-008,0.05567929
1.14788e-008,0.05720866
1.18788e-008,0.05803216
1.22788e-008,0.05767923
1.26788e-008,0.05603222
1.30788e-008,0.05344405
1.34788e-008,0.05050295
1.38788e-008,0.04862065
1.42788e-008,0.04756185
1.46788e-008,0.04615012
1.50788e-008,0.04415018
1.54788e-008,0.04309138
1.58788e-008,0.04556191
1.62788e-008,0.05003238
1.66788e-008,0.05462049
1.70788e-008,0.05614986
1.74788e-008,0.05403227
1.78788e-008,0.05191468
1.82788e-008,0.05297347
1.86788e-008,0.05626751
1.90788e-008,0.05756159
1.94788e-008,0.05520871
1.98788e-008,0.04991473
2.02788e-008,0.04426782
2.06788e-008,0.04120908
2.10788e-008,0.04120908
2.14788e-008,0.04203259
2.18788e-008,0.04391489
2.22788e-008,0.04744421
2.26788e-008,0.05120882
2.30788e-008,0.05414991
2.34788e-008,0.05462049
2.38788e-008,0.05297347
2.42788e-008,0.05085588
2.46788e-008,0.04909122
2.50788e-008,0.04673834
2.54788e-008,0.04485604
2.58788e-008,0.04509133
2.62788e-008,0.04991473
2.66788e-008,0.05626751
2.70788e-008,0.06073798
2.74788e-008,0.05909096
2.78788e-008,0.05285583
2.82788e-008,0.04732656
2.86788e-008,0.04567955
2.90788e-008,0.04803243
2.94788e-008,0.05038531
2.98788e-008,0.04897358
3.02788e-008,0.04544426
3.06788e-008,0.04238552
3.10788e-008,0.04191494
3.14788e-008,0.04250316
3.18788e-008,0.04403253
3.22788e-008,0.04732656
3.26788e-008,0.05226761
3.30788e-008,0.05603222
3.34788e-008,0.05532635
3.38788e-008,0.04826772
3.42788e-008,0.03909149
3.46788e-008,0.03332693
3.50788e-008,0.0348563
3.54788e-008,0.04144437
3.58788e-008,0.04803243
3.62788e-008,0.05203232
3.66788e-008,0.05320876
3.70788e-008,0.05179703
3.74788e-008,0.05003238
3.78788e-008,0.04779714
3.82788e-008,0.04532662
3.86788e-008,0.04309138
3.90788e-008,0.04320903
3.94788e-008,0.0466207
3.98788e-008,0.05179703
4.02788e-008,0.05567929
4.06788e-008,0.05414991
4.10788e-008,0.04685599
4.14788e-008,0.03909149
4.18788e-008,0.03626803
4.22788e-008,0.04120908
4.26788e-008,0.04991473
4.30788e-008,0.05473813
4.34788e-008,0.05273819
4.38788e-008,0.04615012
4.42788e-008,0.03932678
4.46788e-008,0.0377974
4.50788e-008,0.04144437
4.54788e-008,0.04673834
4.58788e-008,0.05097353
4.62788e-008,0.05214997
4.66788e-008,0.05038531
4.70788e-008,0.04685599
4.74788e-008,0.04379725
4.78788e-008,0.04450311
4.82788e-008,0.048503
4.86788e-008,0.05414991
4.90788e-008,0.05791452
4.94788e-008,0.05803216
4.98788e-008,0.05591457
5.02788e-008,0.05556164
5.06788e-008,0.05626751
5.10788e-008,0.05579693
5.14788e-008,0.05050295
5.18788e-008,0.04273845
5.22788e-008,0.0377974
5.26788e-008,0.04050321
5.30788e-008,0.04862065
5.34788e-008,0.05556164
5.38788e-008,0.05509107
5.42788e-008,0.04873829
5.46788e-008,0.04356196
5.50788e-008,0.04462075
5.54788e-008,0.05097353
5.58788e-008,0.05791452
5.62788e-008,0.05991447
5.66788e-008,0.055444
5.70788e-008,0.04897358
5.74788e-008,0.04638541
5.78788e-008,0.05003238
5.82788e-008,0.0573263
5.86788e-008,0.06179677
5.90788e-008,0.05991447
5.94788e-008,0.05179703
5.98788e-008,0.04356196
6.02788e-008,0.03932678
6.06788e-008,0.03932678
6.10788e-008,0.04285609
6.14788e-008,0.04862065
6.18788e-008,0.05356169
6.22788e-008,0.05626751
6.26788e-008,0.05485578
6.30788e-008,0.05038531
6.34788e-008,0.04579719
6.38788e-008,0.04544426
6.42788e-008,0.04885594
6.46788e-008,0.05203232
6.50788e-008,0.05109117
6.54788e-008,0.04485604
6.58788e-008,0.03850327
6.62788e-008,0.03815034
6.66788e-008,0.04626777
6.70788e-008,0.05850274
6.74788e-008,0.06697311
6.78788e-008,0.06838483
6.82788e-008,0.06203206
6.86788e-008,0.05273819
6.90788e-008,0.04579719
6.94788e-008,0.04438547
6.98788e-008,0.04532662
7.02788e-008,0.04685599
7.06788e-008,0.048503
7.10788e-008,0.05050295
7.14788e-008,0.05226761
7.18788e-008,0.05214997
7.22788e-008,0.04979709
7.26788e-008,0.04544426
7.30788e-008,0.04250316
7.34788e-008,0.04273845
7.38788e-008,0.04450311
7.42788e-008,0.04685599
7.46788e-008,0.04838536
7.50788e-008,0.048503
7.54788e-008,0.04756185
7.58788e-008,0.04579719
7.62788e-008,0.04344431
7.66788e-008,0.04262081
7.70788e-008,0.0447384
7.74788e-008,0.04756185
7.78788e-008,0.04909122
7.82788e-008,0.04826772
7.86788e-008,0.04650306
7.90788e-008,0.04826772
7.94788e-008,0.05226761
7.98788e-008,0.05614986
8.02788e-008,0.05579693
8.06788e-008,0.05156175
8.10788e-008,0.04673834
8.14788e-008,0.04497369
8.18788e-008,0.04567955
8.22788e-008,0.04697363
8.26788e-008,0.048503
8.30788e-008,0.05262054
8.34788e-008,0.05944389
8.38788e-008,0.06662017
8.42788e-008,0.06850248
8.46788e-008,0.06262028
8.50788e-008,0.0525029
8.54788e-008,0.04497369
8.58788e-008,0.04450311
8.62788e-008,0.04838536
8.66788e-008,0.05156175
8.70788e-008,0.05120882
8.74788e-008,0.04709128
8.78788e-008,0.0436796
8.82788e-008,0.04297374
8.86788e-008,0.04438547
8.90788e-008,0.04732656
8.94788e-008,0.05073824
8.98788e-008,0.05309112
9.02788e-008,0.05332641
9.06788e-008,0.05238525
9.10788e-008,0.05191468
9.14788e-008,0.05309112
9.18788e-008,0.05462049
9.22788e-008,0.05332641
9.26788e-008,0.04944416
9.30788e-008,0.04485604
9.34788e-008,0.0436796
9.38788e-008,0.0476795
9.42788e-008,0.05273819
9.46788e-008,0.05426756
9.50788e-008,0.05191468
9.54788e-008,0.04603248
9.58788e-008,0.04203259
9.62788e-008,0.04403253
9.66788e-008,0.05073824
9.70788e-008,0.05744395
9.74788e-008,0.05826745
9.78788e-008,0.05391463
9.82788e-008,0.04803243
9.86788e-008,0.04485604
9.90788e-008,0.0466207
9.94788e-008,0.05038531
9.98788e-008,0.05367934
1.002788e-007,0.05473813
1.006788e-007,0.05367934
1.010788e-007,0.05203232
1.014788e-007,0.05038531
1.018788e-007,0.04815007
1.022788e-007,0.04626777
1.026788e-007,0.04556191
1.030788e-007,0.04791478
1.034788e-007,0.05073824
1.038788e-007,0.05191468
1.042788e-007,0.05191468
1.046788e-007,0.05097353
1.050788e-007,0.05073824
1.054788e-007,0.05132646
1.058788e-007,0.05097353
1.062788e-007,0.05003238
1.066788e-007,0.04932651
1.070788e-007,0.0514441
1.074788e-007,0.05414991
1.078788e-007,0.05320876
1.082788e-007,0.04826772
1.086788e-007,0.04167965
1.090788e-007,0.03838562
1.094788e-007,0.04285609
1.098788e-007,0.05285583
1.102788e-007,0.06144384
1.106788e-007,0.06332614
1.110788e-007,0.0592086
1.114788e-007,0.05309112
1.118788e-007,0.05015002
1.122788e-007,0.0514441
1.126788e-007,0.05379698
1.130788e-007,0.05391463
1.134788e-007,0.05085588
1.138788e-007,0.04697363
1.142788e-007,0.04697363
1.146788e-007,0.05332641
1.150788e-007,0.06203206
1.154788e-007,0.06650253
1.158788e-007,0.06332614
1.162788e-007,0.05485578
1.166788e-007,0.04779714
1.170788e-007,0.0466207
1.174788e-007,0.05050295
1.178788e-007,0.05473813
1.182788e-007,0.05556164
1.186788e-007,0.0525029
1.190788e-007,0.04932651
1.194788e-007,0.04873829
1.198788e-007,0.05003238
1.202788e-007,0.05132646
1.206788e-007,0.05214997
1.210788e-007,0.05167939
1.214788e-007,0.05050295
1.218788e-007,0.04897358
1.222788e-007,0.04591484
1.226788e-007,0.04344431
1.230788e-007,0.04509133
1.234788e-007,0.04991473
1.238788e-007,0.05391463
1.242788e-007,0.05309112
1.246788e-007,0.04873829
1.250788e-007,0.04403253
1.254788e-007,0.04297374
1.258788e-007,0.04485604
1.262788e-007,0.0466207
1.266788e-007,0.0466207
1.270788e-007,0.04720892
1.274788e-007,0.04944416
1.278788e-007,0.05262054
1.282788e-007,0.05485578
1.286788e-007,0.05403227
1.290788e-007,0.0495618
1.294788e-007,0.04462075
1.298788e-007,0.04167965
1.302788e-007,0.04144437
1.306788e-007,0.04426782
1.310788e-007,0.04932651
1.314788e-007,0.05285583
1.318788e-007,0.05509107
1.322788e-007,0.05579693
1.326788e-007,0.05485578
1.330788e-007,0.05309112
1.334788e-007,0.04991473
1.338788e-007,0.04603248
1.342788e-007,0.04485604
1.346788e-007,0.04697363
1.350788e-007,0.04991473
1.354788e-007,0.04944416
1.358788e-007,0.04497369
1.362788e-007,0.04203259
1.366788e-007,0.04403253
1.370788e-007,0.05120882
1.374788e-007,0.05779688
1.378788e-007,0.05885567
1.382788e-007,0.0543852
1.386788e-007,0.04932651
1.390788e-007,0.04685599
1.394788e-007,0.04697363
1.398788e-007,0.04720892
1.402788e-007,0.04673834
1.406788e-007,0.04697363
1.410788e-007,0.04909122
1.414788e-007,0.05214997
1.418788e-007,0.05238525
1.422788e-007,0.05015002
1.426788e-007,0.048503
1.430788e-007,0.0476795
1.434788e-007,0.04803243
1.438788e-007,0.04815007
1.442788e-007,0.04650306
1.446788e-007,0.04579719
1.450788e-007,0.04756185
1.454788e-007,0.05050295
1.458788e-007,0.05214997
1.462788e-007,0.05297347
1.466788e-007,0.0506206
1.470788e-007,0.04920887
1.474788e-007,0.05050295
1.478788e-007,0.05391463
1.482788e-007,0.05614986
1.486788e-007,0.05509107
1.490788e-007,0.05026766
1.494788e-007,0.04320903
1.498788e-007,0.03873856
1.502788e-007,0.04167965
1.506788e-007,0.04815007
1.510788e-007,0.05297347
1.514788e-007,0.05203232
1.518788e-007,0.04591484
1.522788e-007,0.04085615
1.526788e-007,0.04262081
1.530788e-007,0.05073824
1.534788e-007,0.05873803
1.538788e-007,0.05979682
1.542788e-007,0.05297347
1.546788e-007,0.0436796
1.550788e-007,0.03932678
1.554788e-007,0.04191494
1.558788e-007,0.04709128
1.562788e-007,0.04991473
1.566788e-007,0.04862065
1.570788e-007,0.04615012
1.574788e-007,0.04579719
1.578788e-007,0.04720892
1.582788e-007,0.0476795
1.586788e-007,0.04520897
1.590788e-007,0.04085615
1.594788e-007,0.03803269
1.598788e-007,0.04003264
1.602788e-007,0.04591484
1.606788e-007,0.05226761
1.610788e-007,0.05556164
1.614788e-007,0.05579693
1.618788e-007,0.05367934
1.622788e-007,0.04991473
1.626788e-007,0.04673834
1.630788e-007,0.04509133
1.634788e-007,0.04603248
1.638788e-007,0.04932651
1.642788e-007,0.05238525
1.646788e-007,0.05367934
1.650788e-007,0.05226761
1.654788e-007,0.05003238
1.658788e-007,0.0506206
1.662788e-007,0.05426756
1.666788e-007,0.0583851
1.670788e-007,0.06156148
1.674788e-007,0.06038504
1.678788e-007,0.05414991
1.682788e-007,0.04520897
1.686788e-007,0.039915
1.690788e-007,0.04297374
1.694788e-007,0.05226761
1.698788e-007,0.06038504
1.702788e-007,0.06167913
1.706788e-007,0.05485578
1.710788e-007,0.04426782
1.714788e-007,0.03732683
1.718788e-007,0.0377974
1.722788e-007,0.04203259
1.726788e-007,0.04626777
1.730788e-007,0.04791478
1.734788e-007,0.04791478
1.738788e-007,0.0476795
1.742788e-007,0.04897358
1.746788e-007,0.05085588
1.750788e-007,0.05120882
1.754788e-007,0.04897358
1.758788e-007,0.04544426
1.762788e-007,0.04250316
1.766788e-007,0.04250316
1.770788e-007,0.04591484
1.774788e-007,0.05026766
1.778788e-007,0.05285583
1.782788e-007,0.05167939
1.786788e-007,0.04791478
1.790788e-007,0.04720892
1.794788e-007,0.05132646
1.798788e-007,0.05767923
1.802788e-007,0.06003211
1.806788e-007,0.05462049
1.810788e-007,0.04497369
1.814788e-007,0.03897384
1.818788e-007,0.04003264
1.822788e-007,0.04579719
1.826788e-007,0.05203232
1.830788e-007,0.05520871
1.834788e-007,0.05367934
1.838788e-007,0.05003238
1.842788e-007,0.04579719
1.846788e-007,0.04344431
1.850788e-007,0.04379725
1.854788e-007,0.04909122
1.858788e-007,0.05579693
1.862788e-007,0.05897332
1.866788e-007,0.05509107
1.870788e-007,0.04838536
1.874788e-007,0.04591484
1.878788e-007,0.0506206
1.882788e-007,0.05909096
1.886788e-007,0.0632085
1.890788e-007,0.05944389
1.894788e-007,0.05156175
1.898788e-007,0.04720892
1.902788e-007,0.05038531
1.906788e-007,0.05579693
1.910788e-007,0.0583851
1.914788e-007,0.05579693
1.918788e-007,0.05097353
1.922788e-007,0.048503
1.926788e-007,0.05038531
1.930788e-007,0.05450285
1.934788e-007,0.05650279
1.938788e-007,0.05567929
1.942788e-007,0.05344405
1.946788e-007,0.05085588
1.950788e-007,0.05097353
1.954788e-007,0.05309112
1.958788e-007,0.05591457
1.962788e-007,0.05814981
1.966788e-007,0.05626751
1.970788e-007,0.0506206
1.974788e-007,0.04509133
1.978788e-007,0.04050321
1.982788e-007,0.04026793
1.986788e-007,0.04497369
1.990788e-007,0.04991473
1.994788e-007,0.05156175
1.998788e-007,0.04967944
2.002788e-007,0.04685599
2.006788e-007,0.04567955
2.010788e-007,0.04509133
2.014788e-007,0.04356196
2.018788e-007,0.04132672
2.022788e-007,0.0417973
2.026788e-007,0.04803243
2.030788e-007,0.05744395
2.034788e-007,0.06367907
2.038788e-007,0.06403201
2.042788e-007,0.05909096
2.046788e-007,0.0525029
2.050788e-007,0.04838536
2.054788e-007,0.04779714
2.058788e-007,0.04720892
2.062788e-007,0.04744421
2.066788e-007,0.04826772
2.070788e-007,0.04862065
2.074788e-007,0.04885594
2.078788e-007,0.05003238
2.082788e-007,0.05167939
2.086788e-007,0.05320876
2.090788e-007,0.05309112
2.094788e-007,0.05238525
2.098788e-007,0.0514441
2.102788e-007,0.05097353
2.106788e-007,0.05015002
2.110788e-007,0.04815007
2.114788e-007,0.04450311
2.118788e-007,0.04262081
2.122788e-007,0.04462075
2.126788e-007,0.04920887
2.130788e-007,0.05214997
2.134788e-007,0.05167939
2.138788e-007,0.0495618
2.142788e-007,0.04897358
2.146788e-007,0.0514441
2.150788e-007,0.05403227
2.154788e-007,0.05285583
2.158788e-007,0.04897358
2.162788e-007,0.04685599
2.166788e-007,0.05015002
2.170788e-007,0.05603222
2.174788e-007,0.05744395
2.178788e-007,0.05179703
2.182788e-007,0.04285609
2.186788e-007,0.03826798
2.190788e-007,0.039915
2.194788e-007,0.04462075
2.198788e-007,0.0476795
2.202788e-007,0.04909122
2.206788e-007,0.05320876
2.210788e-007,0.06038504
2.214788e-007,0.06650253
2.218788e-007,0.06403201
2.222788e-007,0.05238525
2.226788e-007,0.03920913
2.230788e-007,0.03415044
2.234788e-007,0.03862091
2.238788e-007,0.04756185
2.242788e-007,0.05226761
2.246788e-007,0.0514441
2.250788e-007,0.04862065
2.254788e-007,0.04885594
2.258788e-007,0.05156175
2.262788e-007,0.05262054
2.266788e-007,0.04944416
2.270788e-007,0.04320903
2.274788e-007,0.03873856
2.278788e-007,0.03932678
2.282788e-007,0.04567955
2.286788e-007,0.05520871
2.290788e-007,0.06250264
2.294788e-007,0.06344379
2.298788e-007,0.05720866
2.302788e-007,0.0476795
2.306788e-007,0.04144437
2.310788e-007,0.04167965
2.314788e-007,0.04673834
2.318788e-007,0.05167939
2.322788e-007,0.05273819
2.326788e-007,0.05203232
2.330788e-007,0.0514441
2.334788e-007,0.0506206
2.338788e-007,0.04885594
2.342788e-007,0.04532662
2.346788e-007,0.0417973
2.350788e-007,0.04250316
2.354788e-007,0.048503
2.358788e-007,0.05485578
2.362788e-007,0.05662044
2.366788e-007,0.05426756
2.370788e-007,0.05097353
2.374788e-007,0.04967944
2.378788e-007,0.04944416
2.382788e-007,0.04756185
2.386788e-007,0.04485604
2.390788e-007,0.04579719
2.394788e-007,0.05179703
2.398788e-007,0.05826745
2.402788e-007,0.05944389
2.406788e-007,0.05497342
2.410788e-007,0.04897358
2.414788e-007,0.04732656
2.418788e-007,0.05038531
2.422788e-007,0.05356169
2.426788e-007,0.05309112
2.430788e-007,0.04920887
2.434788e-007,0.04415018
2.438788e-007,0.04062086
2.442788e-007,0.04062086
2.446788e-007,0.04379725
2.450788e-007,0.04862065
2.454788e-007,0.05214997
2.458788e-007,0.05120882
2.462788e-007,0.04803243
2.466788e-007,0.04579719
2.470788e-007,0.04815007
2.474788e-007,0.05262054
2.478788e-007,0.05379698
2.482788e-007,0.04920887
2.486788e-007,0.04285609
2.490788e-007,0.03920913
2.494788e-007,0.04097379
2.498788e-007,0.04638541
2.502788e-007,0.05050295
2.506788e-007,0.04944416
2.510788e-007,0.04685599
2.514788e-007,0.04591484
2.518788e-007,0.04673834
2.522788e-007,0.04709128
2.526788e-007,0.04697363
2.530788e-007,0.04685599
2.534788e-007,0.04744421
2.538788e-007,0.04885594
2.542788e-007,0.05038531
2.546788e-007,0.05285583
2.550788e-007,0.05591457
2.554788e-007,0.05709101
2.558788e-007,0.05367934
2.562788e-007,0.04838536
2.566788e-007,0.04532662
2.570788e-007,0.04720892
2.574788e-007,0.05356169
2.578788e-007,0.05956154
2.582788e-007,0.0613262
2.586788e-007,0.06003211
2.590788e-007,0.05697337
2.594788e-007,0.05344405
2.598788e-007,0.04744421
2.602788e-007,0.03873856
2.606788e-007,0.03379751
2.610788e-007,0.03826798
2.614788e-007,0.05085588
2.618788e-007,0.06156148
2.622788e-007,0.06167913
2.626788e-007,0.04979709
2.630788e-007,0.0377974
2.634788e-007,0.03438573
2.638788e-007,0.03920913
2.642788e-007,0.04556191
2.646788e-007,0.04720892
2.650788e-007,0.04567955
2.654788e-007,0.04673834
2.658788e-007,0.0514441
2.662788e-007,0.05638515
2.666788e-007,0.05803216
2.670788e-007,0.05650279
2.674788e-007,0.05414991
2.678788e-007,0.05414991
2.682788e-007,0.055444
2.686788e-007,0.05579693
2.690788e-007,0.05403227
2.694788e-007,0.05214997
2.698788e-007,0.05167939
2.702788e-007,0.0514441
2.706788e-007,0.04944416
2.710788e-007,0.04615012
2.714788e-007,0.04391489
2.718788e-007,0.04650306
2.722788e-007,0.05167939
2.726788e-007,0.05509107
2.730788e-007,0.05356169
2.734788e-007,0.04897358
2.738788e-007,0.04544426
2.742788e-007,0.04744421
2.746788e-007,0.05156175
2.750788e-007,0.05309112
2.754788e-007,0.04979709
2.758788e-007,0.04379725
2.762788e-007,0.04050321
2.766788e-007,0.04250316
2.770788e-007,0.0476795
2.774788e-007,0.0525029
2.778788e-007,0.05297347
2.782788e-007,0.04838536
2.786788e-007,0.04250316
2.790788e-007,0.03838562
2.794788e-007,0.03944442
2.798788e-007,0.04626777
2.802788e-007,0.05556164
2.806788e-007,0.06297321
2.810788e-007,0.06438494
2.814788e-007,0.05967918
2.818788e-007,0.05450285
2.822788e-007,0.05179703
2.826788e-007,0.05073824
2.830788e-007,0.04885594
2.834788e-007,0.04567955
2.838788e-007,0.04379725
2.842788e-007,0.04520897
2.846788e-007,0.04967944
2.850788e-007,0.05309112
2.854788e-007,0.0543852
2.858788e-007,0.05109117
2.862788e-007,0.04615012
2.866788e-007,0.0417973
2.870788e-007,0.04015028
2.874788e-007,0.04156201
2.878788e-007,0.04567955
2.882788e-007,0.04967944
2.886788e-007,0.05203232
2.890788e-007,0.0506206
2.894788e-007,0.04603248
2.898788e-007,0.04120908
2.902788e-007,0.04003264
2.906788e-007,0.04462075
2.910788e-007,0.0525029
2.914788e-007,0.05897332
2.918788e-007,0.06003211
2.922788e-007,0.05391463
2.926788e-007,0.04509133
2.930788e-007,0.03909149
2.934788e-007,0.04097379
2.938788e-007,0.04944416
2.942788e-007,0.05756159
2.946788e-007,0.05814981
2.950788e-007,0.05191468
2.954788e-007,0.04520897
2.958788e-007,0.04509133
2.962788e-007,0.0514441
2.966788e-007,0.0583851
2.970788e-007,0.05967918
2.974788e-007,0.05709101
2.978788e-007,0.05509107
2.982788e-007,0.05626751
2.986788e-007,0.0573263
2.990788e-007,0.05344405
2.994788e-007,0.0447384
2.998788e-007,0.03767976
3.002788e-007,0.0369739
3.006788e-007,0.04332667
3.010788e-007,0.05191468
3.014788e-007,0.05709101
3.018788e-007,0.05591457
3.022788e-007,0.05073824
3.026788e-007,0.04685599
3.030788e-007,0.04638541
3.034788e-007,0.04732656
3.038788e-007,0.04791478
3.042788e-007,0.04591484
3.046788e-007,0.04403253
3.050788e-007,0.04509133
3.054788e-007,0.04885594
3.058788e-007,0.05132646
3.062788e-007,0.05214997
3.066788e-007,0.05120882
3.070788e-007,0.05120882
3.074788e-007,0.05297347
3.078788e-007,0.05509107
3.082788e-007,0.05591457
3.086788e-007,0.0543852
3.090788e-007,0.05285583
3.094788e-007,0.05367934
3.098788e-007,0.05520871
3.102788e-007,0.05532635
3.106788e-007,0.0514441
3.110788e-007,0.04603248
3.114788e-007,0.04285609
3.118788e-007,0.04309138
3.122788e-007,0.04603248
3.126788e-007,0.04944416
3.130788e-007,0.05085588
3.134788e-007,0.05320876
3.138788e-007,0.05756159
3.142788e-007,0.06450258
3.146788e-007,0.07073771
3.150788e-007,0.07120829
3.154788e-007,0.06520845
3.158788e-007,0.05344405
3.162788e-007,0.04320903
3.166788e-007,0.03920913
3.170788e-007,0.04238552
3.174788e-007,0.04932651
3.178788e-007,0.05497342
3.182788e-007,0.05650279
3.186788e-007,0.05626751
3.190788e-007,0.05720866
3.194788e-007,0.05873803
3.198788e-007,0.05767923
3.202788e-007,0.05167939
3.206788e-007,0.04191494
3.210788e-007,0.03520924
3.214788e-007,0.0369739
3.218788e-007,0.04579719
3.222788e-007,0.05626751
3.226788e-007,0.06120855
3.230788e-007,0.05862038
3.234788e-007,0.05120882
3.238788e-007,0.04485604
3.242788e-007,0.04238552
3.246788e-007,0.04273845
3.250788e-007,0.04556191
3.254788e-007,0.0495618
3.258788e-007,0.05309112
3.262788e-007,0.05626751
3.266788e-007,0.05744395
3.270788e-007,0.05591457
3.274788e-007,0.05156175
3.278788e-007,0.04603248
3.282788e-007,0.04120908
3.286788e-007,0.03944442
3.290788e-007,0.03932678
3.294788e-007,0.039915
3.298788e-007,0.04050321
3.302788e-007,0.04120908
3.306788e-007,0.0417973
3.310788e-007,0.04309138
3.314788e-007,0.04438547
3.318788e-007,0.04650306
3.322788e-007,0.04920887
3.326788e-007,0.05156175
3.330788e-007,0.05120882
3.334788e-007,0.04673834
3.338788e-007,0.03979735
3.342788e-007,0.03662096
3.346788e-007,0.04109143
3.350788e-007,0.0506206
3.354788e-007,0.05944389
3.358788e-007,0.06109091
3.362788e-007,0.05532635
3.366788e-007,0.0476795
3.370788e-007,0.04415018
3.374788e-007,0.04615012
3.378788e-007,0.05050295
3.382788e-007,0.05285583
3.386788e-007,0.05262054
3.390788e-007,0.05085588
3.394788e-007,0.04920887
3.398788e-007,0.04803243
3.402788e-007,0.04532662
3.406788e-007,0.04144437
3.410788e-007,0.03932678
3.414788e-007,0.04273845
3.418788e-007,0.05109117
3.422788e-007,0.05909096
3.426788e-007,0.06250264
3.430788e-007,0.06038504
3.434788e-007,0.05614986
3.438788e-007,0.05520871
3.442788e-007,0.05814981
3.446788e-007,0.06050269
3.450788e-007,0.05991447
3.454788e-007,0.05520871
3.458788e-007,0.04897358
3.462788e-007,0.04497369
3.466788e-007,0.04426782
3.470788e-007,0.0447384
3.474788e-007,0.04544426
3.478788e-007,0.04756185
3.482788e-007,0.05132646
3.486788e-007,0.05579693
3.490788e-007,0.05767923
3.494788e-007,0.05626751
3.498788e-007,0.05238525
3.502788e-007,0.04991473
3.506788e-007,0.05015002
3.510788e-007,0.05226761
3.514788e-007,0.05156175
3.518788e-007,0.04732656
3.522788e-007,0.04262081
3.526788e-007,0.04262081
3.530788e-007,0.04709128
3.534788e-007,0.05097353
3.538788e-007,0.04909122
3.542788e-007,0.04215023
3.546788e-007,0.03685625
3.550788e-007,0.03956206
3.554788e-007,0.04979709
3.558788e-007,0.06085562
3.562788e-007,0.0661496
3.566788e-007,0.06285557
3.570788e-007,0.05520871
3.574788e-007,0.04909122
3.578788e-007,0.04579719
3.582788e-007,0.04650306
3.586788e-007,0.05015002
3.590788e-007,0.05450285
3.594788e-007,0.05756159
3.598788e-007,0.05897332
3.602788e-007,0.05862038
3.606788e-007,0.05579693
3.610788e-007,0.05179703
3.614788e-007,0.04838536
3.618788e-007,0.04544426
3.622788e-007,0.04415018
3.626788e-007,0.04297374
3.630788e-007,0.04344431
3.634788e-007,0.04556191
3.638788e-007,0.04920887
3.642788e-007,0.05356169
3.646788e-007,0.05756159
3.650788e-007,0.05991447
3.654788e-007,0.05956154
3.658788e-007,0.05626751
3.662788e-007,0.05179703
3.666788e-007,0.04873829
3.670788e-007,0.04920887
3.674788e-007,0.05191468
3.678788e-007,0.05297347
3.682788e-007,0.05015002
3.686788e-007,0.04626777
3.690788e-007,0.04391489
3.694788e-007,0.04379725
3.698788e-007,0.04509133
3.702788e-007,0.04532662
3.706788e-007,0.04509133
3.710788e-007,0.04685599
3.714788e-007,0.05085588
3.718788e-007,0.05509107
3.722788e-007,0.05509107
3.726788e-007,0.05179703
3.730788e-007,0.04920887
3.734788e-007,0.04873829
3.738788e-007,0.05026766
3.742788e-007,0.05238525
3.746788e-007,0.05320876
3.750788e-007,0.05414991
3.754788e-007,0.05473813
3.758788e-007,0.05414991
3.762788e-007,0.0514441
3.766788e-007,0.04756185
3.770788e-007,0.04438547
3.774788e-007,0.04415018
3.778788e-007,0.0466207
3.782788e-007,0.05073824
3.786788e-007,0.05356169
3.790788e-007,0.05297347
3.794788e-007,0.04979709
3.798788e-007,0.04626777
3.802788e-007,0.04615012
3.806788e-007,0.05191468
3.810788e-007,0.06038504
3.814788e-007,0.06426729
3.818788e-007,0.06003211
3.822788e-007,0.05073824
3.826788e-007,0.04297374
3.830788e-007,0.04215023
3.834788e-007,0.04520897
3.838788e-007,0.04697363
3.842788e-007,0.04579719
3.846788e-007,0.04497369
3.850788e-007,0.04838536
3.854788e-007,0.05567929
3.858788e-007,0.05979682
3.862788e-007,0.05603222
3.866788e-007,0.04756185
3.870788e-007,0.04132672
3.874788e-007,0.0417973
3.878788e-007,0.04862065
3.882788e-007,0.05473813
3.886788e-007,0.05591457
3.890788e-007,0.05120882
3.894788e-007,0.04450311
3.898788e-007,0.03956206
3.902788e-007,0.039915
3.906788e-007,0.04415018
3.910788e-007,0.04791478
3.914788e-007,0.04944416
3.918788e-007,0.04815007
3.922788e-007,0.04626777
3.926788e-007,0.04520897
3.930788e-007,0.04532662
3.934788e-007,0.04450311
3.938788e-007,0.04250316
3.942788e-007,0.04120908
3.946788e-007,0.04238552
3.950788e-007,0.04673834
3.954788e-007,0.05156175
3.958788e-007,0.05297347
3.962788e-007,0.05120882
3.966788e-007,0.04815007
3.970788e-007,0.04556191
3.974788e-007,0.04509133
3.978788e-007,0.04650306
3.982788e-007,0.04873829
3.986788e-007,0.04991473
3.990788e-007,0.04838536
3.994788e-007,0.04285609
3.998788e-007,0.03791505
4.002788e-007,0.03944442
4.006788e-007,0.04732656
4.010788e-007,0.05579693
4.014788e-007,0.05709101
4.018788e-007,0.05050295
4.022788e-007,0.04297374
4.026788e-007,0.04085615
4.030788e-007,0.04591484
4.034788e-007,0.05367934
4.038788e-007,0.0573263
4.042788e-007,0.05414991
4.046788e-007,0.04862065
4.050788e-007,0.04532662
4.054788e-007,0.04615012
4.058788e-007,0.04932651
4.062788e-007,0.05120882
4.066788e-007,0.04944416
4.070788e-007,0.04603248
4.074788e-007,0.04532662
4.078788e-007,0.04720892
4.082788e-007,0.05167939
4.086788e-007,0.0573263
4.090788e-007,0.06003211
4.094788e-007,0.05826745
4.098788e-007,0.0525029
4.102788e-007,0.04591484
4.106788e-007,0.04167965
4.110788e-007,0.04144437
4.114788e-007,0.04379725
4.118788e-007,0.04426782
4.122788e-007,0.04191494
4.126788e-007,0.03944442
4.130788e-007,0.03932678
4.134788e-007,0.0417973
4.138788e-007,0.04391489
4.142788e-007,0.04462075
4.146788e-007,0.04462075
4.150788e-007,0.04615012
4.154788e-007,0.04944416
4.158788e-007,0.05273819
4.162788e-007,0.05285583
4.166788e-007,0.05050295
4.170788e-007,0.04826772
4.174788e-007,0.0476795
4.178788e-007,0.0495618
4.182788e-007,0.05297347
4.186788e-007,0.05520871
4.190788e-007,0.05450285
4.194788e-007,0.0525029
4.198788e-007,0.0506206
4.202788e-007,0.04862065
4.206788e-007,0.04826772
4.210788e-007,0.04873829
4.214788e-007,0.04803243
4.218788e-007,0.04732656
4.222788e-007,0.04815007
4.226788e-007,0.05050295
4.230788e-007,0.05203232
4.234788e-007,0.05003238
4.238788e-007,0.04544426
4.242788e-007,0.04262081
4.246788e-007,0.04497369
4.250788e-007,0.0495618
4.254788e-007,0.05273819
4.258788e-007,0.05156175
4.262788e-007,0.04885594
4.266788e-007,0.04791478
4.270788e-007,0.05015002
4.274788e-007,0.05285583
4.278788e-007,0.05367934
4.282788e-007,0.05132646
4.286788e-007,0.04932651
4.290788e-007,0.04944416
4.294788e-007,0.04909122
4.298788e-007,0.04544426
4.302788e-007,0.03932678
4.306788e-007,0.0340328
4.310788e-007,0.03391515
4.314788e-007,0.0388562
4.318788e-007,0.04450311
4.322788e-007,0.0466207
4.326788e-007,0.04638541
4.330788e-007,0.04779714
4.334788e-007,0.05167939
4.338788e-007,0.05673808
4.342788e-007,0.06073798
4.346788e-007,0.05956154
4.350788e-007,0.05332641
4.354788e-007,0.04650306
4.358788e-007,0.04356196
4.362788e-007,0.04638541
4.366788e-007,0.05391463
4.370788e-007,0.06038504
4.374788e-007,0.06203206
4.378788e-007,0.05897332
4.382788e-007,0.05414991
4.386788e-007,0.05050295
4.390788e-007,0.04803243
4.394788e-007,0.04485604
4.398788e-007,0.04120908
4.402788e-007,0.03967971
4.406788e-007,0.04285609
4.410788e-007,0.04909122
4.414788e-007,0.05403227
4.418788e-007,0.05509107
4.422788e-007,0.05391463
4.426788e-007,0.05414991
4.430788e-007,0.05603222
4.434788e-007,0.05485578
4.438788e-007,0.04909122
4.442788e-007,0.04144437
4.446788e-007,0.0377974
4.450788e-007,0.04144437
4.454788e-007,0.0476795
4.458788e-007,0.0514441
4.462788e-007,0.05156175
4.466788e-007,0.05026766
4.470788e-007,0.05015002
4.474788e-007,0.0506206
4.478788e-007,0.05085588
4.482788e-007,0.05097353
4.486788e-007,0.05238525
4.490788e-007,0.05414991
4.494788e-007,0.05285583
4.498788e-007,0.04862065
4.502788e-007,0.04403253
4.506788e-007,0.04262081
4.510788e-007,0.04567955
4.514788e-007,0.04979709
4.518788e-007,0.05214997
4.522788e-007,0.05285583
4.526788e-007,0.05414991
4.530788e-007,0.05662044
4.534788e-007,0.0583851
4.538788e-007,0.05709101
4.542788e-007,0.05297347
4.546788e-007,0.05003238
4.550788e-007,0.04944416
4.554788e-007,0.048503
4.558788e-007,0.04532662
4.562788e-007,0.04015028
4.566788e-007,0.03638568
4.570788e-007,0.03650332
4.574788e-007,0.03979735
4.578788e-007,0.04297374
4.582788e-007,0.04356196
4.586788e-007,0.04403253
4.590788e-007,0.04603248
4.594788e-007,0.04979709
4.598788e-007,0.05462049
4.602788e-007,0.0573263
4.606788e-007,0.05638515
4.610788e-007,0.05214997
4.614788e-007,0.04732656
4.618788e-007,0.04379725
4.622788e-007,0.04309138
4.626788e-007,0.0447384
4.630788e-007,0.04838536
4.634788e-007,0.05156175
4.638788e-007,0.0525029
4.642788e-007,0.05132646
4.646788e-007,0.04826772
4.650788e-007,0.04591484
4.654788e-007,0.04720892
4.658788e-007,0.05085588
4.662788e-007,0.05379698
4.666788e-007,0.05297347
4.670788e-007,0.04803243
4.674788e-007,0.04344431
4.678788e-007,0.04391489
4.682788e-007,0.04826772
4.686788e-007,0.05132646
4.690788e-007,0.05085588
4.694788e-007,0.04744421
4.698788e-007,0.04438547
4.702788e-007,0.04344431
4.706788e-007,0.0436796
4.710788e-007,0.04356196
4.714788e-007,0.04320903
4.718788e-007,0.04462075
4.722788e-007,0.04791478
4.726788e-007,0.04873829
4.730788e-007,0.04615012
4.734788e-007,0.04120908
4.738788e-007,0.03803269
4.742788e-007,0.04015028
4.746788e-007,0.04603248
4.750788e-007,0.05132646
4.754788e-007,0.05238525
4.758788e-007,0.04944416
4.762788e-007,0.04579719
4.766788e-007,0.04520897
4.770788e-007,0.04697363
4.774788e-007,0.04920887
4.778788e-007,0.04932651
4.782788e-007,0.04720892
4.786788e-007,0.04391489
4.790788e-007,0.0436796
4.794788e-007,0.04615012
4.798788e-007,0.05038531
4.802788e-007,0.05485578
4.806788e-007,0.05791452
4.810788e-007,0.05779688
4.814788e-007,0.05685573
4.818788e-007,0.05650279
4.822788e-007,0.05662044
4.826788e-007,0.05614986
4.830788e-007,0.05450285
4.834788e-007,0.05167939
4.838788e-007,0.05050295
4.842788e-007,0.05214997
4.846788e-007,0.05520871
4.850788e-007,0.05814981
4.854788e-007,0.05814981
4.858788e-007,0.05497342
4.862788e-007,0.0514441
4.866788e-007,0.04897358
4.870788e-007,0.04838536
4.874788e-007,0.04932651
4.878788e-007,0.05097353
4.882788e-007,0.05426756
4.886788e-007,0.05814981
4.890788e-007,0.06156148
4.894788e-007,0.06297321
4.898788e-007,0.06097326
4.902788e-007,0.05638515
4.906788e-007,0.05203232
4.910788e-007,0.05026766
4.914788e-007,0.05156175
4.918788e-007,0.05344405
4.922788e-007,0.05320876
4.926788e-007,0.05285583
4.930788e-007,0.05097353
4.934788e-007,0.04944416
4.938788e-007,0.04732656
4.942788e-007,0.04532662
4.946788e-007,0.04532662
4.950788e-007,0.04756185
4.954788e-007,0.05297347
4.958788e-007,0.05709101
4.962788e-007,0.05638515
4.966788e-007,0.05238525
4.970788e-007,0.04862065
4.974788e-007,0.04944416
4.978788e-007,0.05309112
4.982788e-007,0.05414991
4.986788e-007,0.04991473
4.990788e-007,0.04285609
4.994788e-007,0.03838562
4.998788e-007,0.03909149
5.002788e-007,0.04426782
5.006788e-007,0.04991473
5.010788e-007,0.05403227
5.014788e-007,0.05662044
5.018788e-007,0.05814981
5.022788e-007,0.05803216
5.026788e-007,0.05367934
5.030788e-007,0.04650306
5.034788e-007,0.04132672
5.038788e-007,0.04097379
5.042788e-007,0.04626777
5.046788e-007,0.05320876
5.050788e-007,0.0573263
5.054788e-007,0.05897332
5.058788e-007,0.05814981
5.062788e-007,0.05567929
5.066788e-007,0.05038531
5.070788e-007,0.04356196
5.074788e-007,0.03920913
5.078788e-007,0.03909149
5.082788e-007,0.04415018
5.086788e-007,0.0506206
5.090788e-007,0.05332641
5.094788e-007,0.05203232
5.098788e-007,0.04944416
5.102788e-007,0.048503
5.106788e-007,0.04932651
5.110788e-007,0.0495618
5.114788e-007,0.04779714
5.118788e-007,0.04509133
5.122788e-007,0.04485604
5.126788e-007,0.04803243
5.130788e-007,0.05120882
5.134788e-007,0.05167939
5.138788e-007,0.04920887
5.142788e-007,0.04591484
5.146788e-007,0.04415018
5.150788e-007,0.04426782
5.154788e-007,0.04332667
5.158788e-007,0.04120908
5.162788e-007,0.03979735
5.166788e-007,0.0417973
5.170788e-007,0.04732656
5.174788e-007,0.05367934
5.178788e-007,0.05720866
5.182788e-007,0.0573263
5.186788e-007,0.05509107
5.190788e-007,0.0514441
5.194788e-007,0.04697363
5.198788e-007,0.04356196
5.202788e-007,0.04356196
5.206788e-007,0.04779714
5.210788e-007,0.05391463
5.214788e-007,0.05650279
5.218788e-007,0.05132646
5.222788e-007,0.04144437
5.226788e-007,0.03379751
5.230788e-007,0.03262107
5.234788e-007,0.03673861
5.238788e-007,0.0407385
5.242788e-007,0.04320903
5.246788e-007,0.04520897
5.250788e-007,0.04826772
5.254788e-007,0.05297347
5.258788e-007,0.05591457
5.262788e-007,0.05509107
5.266788e-007,0.05038531
5.270788e-007,0.04520897
5.274788e-007,0.04191494
5.278788e-007,0.04215023
5.282788e-007,0.04344431
5.286788e-007,0.04497369
5.290788e-007,0.04615012
5.294788e-007,0.04626777
5.298788e-007,0.04697363
5.302788e-007,0.04967944
5.306788e-007,0.05356169
5.310788e-007,0.05697337
5.314788e-007,0.05779688
5.318788e-007,0.05567929
5.322788e-007,0.05085588
5.326788e-007,0.04744421
5.330788e-007,0.04756185
5.334788e-007,0.05003238
5.338788e-007,0.05344405
5.342788e-007,0.05697337
5.346788e-007,0.05756159
5.350788e-007,0.05626751
5.354788e-007,0.05426756
5.358788e-007,0.05120882
5.362788e-007,0.04862065
5.366788e-007,0.04815007
5.370788e-007,0.04862065
5.374788e-007,0.04909122
5.378788e-007,0.04826772
5.382788e-007,0.04791478
5.386788e-007,0.048503
5.390788e-007,0.05203232
5.394788e-007,0.05744395
5.398788e-007,0.06014976
5.402788e-007,0.05767923
5.406788e-007,0.05191468
5.410788e-007,0.04697363
5.414788e-007,0.04462075
5.418788e-007,0.04462075
5.422788e-007,0.04591484
5.426788e-007,0.04626777
5.430788e-007,0.04532662
5.434788e-007,0.04438547
5.438788e-007,0.04344431
5.442788e-007,0.04144437
5.446788e-007,0.03956206
5.450788e-007,0.03909149
5.454788e-007,0.0417973
5.458788e-007,0.04685599
5.462788e-007,0.05179703
5.466788e-007,0.05297347
5.470788e-007,0.04979709
5.474788e-007,0.04591484
5.478788e-007,0.04579719
5.482788e-007,0.04897358
5.486788e-007,0.05262054
5.490788e-007,0.05379698
5.494788e-007,0.05203232
5.498788e-007,0.05038531
5.502788e-007,0.05097353
5.506788e-007,0.05273819
5.510788e-007,0.05226761
5.514788e-007,0.04944416
5.518788e-007,0.04591484
5.522788e-007,0.04544426
5.526788e-007,0.04932651
5.530788e-007,0.05473813
5.534788e-007,0.05850274
5.538788e-007,0.05909096
5.542788e-007,0.05720866
5.546788e-007,0.05603222
5.550788e-007,0.05638515
5.554788e-007,0.05826745
5.558788e-007,0.05944389
5.562788e-007,0.05756159
5.566788e-007,0.05273819
5.570788e-007,0.04720892
5.574788e-007,0.04497369
5.578788e-007,0.04509133
5.582788e-007,0.0476795
5.586788e-007,0.04967944
5.590788e-007,0.0495618
5.594788e-007,0.04932651
5.598788e-007,0.05097353
5.602788e-007,0.05414991
5.606788e-007,0.0573263
5.610788e-007,0.0583851
5.614788e-007,0.055444
5.618788e-007,0.05097353
5.622788e-007,0.04791478
5.626788e-007,0.04779714
5.630788e-007,0.05003238
5.634788e-007,0.05238525
5.638788e-007,0.05426756
5.642788e-007,0.05614986
5.646788e-007,0.05814981
5.650788e-007,0.05979682
5.654788e-007,0.05814981
5.658788e-007,0.05273819
5.662788e-007,0.04650306
5.666788e-007,0.04344431
5.670788e-007,0.04426782
5.674788e-007,0.04720892
5.678788e-007,0.05050295
5.682788e-007,0.05167939
5.686788e-007,0.05132646
5.690788e-007,0.04979709
5.694788e-007,0.04920887
5.698788e-007,0.04873829
5.702788e-007,0.05038531
5.706788e-007,0.05414991
5.710788e-007,0.05709101
5.714788e-007,0.05791452
5.718788e-007,0.05591457
5.722788e-007,0.05167939
5.726788e-007,0.04744421
5.730788e-007,0.04744421
5.734788e-007,0.05050295
5.738788e-007,0.0543852
5.742788e-007,0.05485578
5.746788e-007,0.04885594
5.750788e-007,0.04003264
5.754788e-007,0.03544452
5.758788e-007,0.03767976
5.762788e-007,0.04497369
5.766788e-007,0.0506206
5.770788e-007,0.05120882
5.774788e-007,0.04897358
5.778788e-007,0.04991473
5.782788e-007,0.05485578
5.786788e-007,0.0592086
5.790788e-007,0.05814981
5.794788e-007,0.05097353
5.798788e-007,0.0436796
5.802788e-007,0.04085615
5.806788e-007,0.04238552
5.810788e-007,0.04615012
5.814788e-007,0.0495618
5.818788e-007,0.05073824
5.822788e-007,0.05132646
5.826788e-007,0.05214997
5.830788e-007,0.05179703
5.834788e-007,0.04944416
5.838788e-007,0.04638541
5.842788e-007,0.0436796
5.846788e-007,0.04238552
5.850788e-007,0.04320903
5.854788e-007,0.04685599
5.858788e-007,0.05226761
5.862788e-007,0.05779688
5.866788e-007,0.06144384
5.870788e-007,0.0613262
5.874788e-007,0.0583851
5.878788e-007,0.05603222
5.882788e-007,0.05462049
5.886788e-007,0.05320876
5.890788e-007,0.0495618
5.894788e-007,0.04485604
5.898788e-007,0.04215023
5.902788e-007,0.04415018
5.906788e-007,0.04979709
5.910788e-007,0.05403227
5.914788e-007,0.05473813
5.918788e-007,0.05367934
5.922788e-007,0.05320876
5.926788e-007,0.05579693
5.930788e-007,0.05944389
5.934788e-007,0.06179677
5.938788e-007,0.06097326
5.942788e-007,0.05803216
5.946788e-007,0.05497342
5.950788e-007,0.05203232
5.954788e-007,0.04732656
5.958788e-007,0.04215023
5.962788e-007,0.03932678
5.966788e-007,0.04050321
5.970788e-007,0.04544426
5.974788e-007,0.04991473
5.978788e-007,0.05015002
5.982788e-007,0.04626777
5.986788e-007,0.04297374
5.990788e-007,0.04626777
5.994788e-007,0.05356169
5.998788e-007,0.05897332
6.002788e-007,0.05673808
6.006788e-007,0.04709128
6.010788e-007,0.03826798
6.014788e-007,0.03603274
6.018788e-007,0.04167965
6.022788e-007,0.0506206
6.026788e-007,0.055444
6.030788e-007,0.05403227
6.034788e-007,0.05050295
6.038788e-007,0.04815007
6.042788e-007,0.0476795
6.046788e-007,0.04862065
6.050788e-007,0.04803243
6.054788e-007,0.04591484
6.058788e-007,0.04285609
6.062788e-007,0.03920913
6.066788e-007,0.03685625
6.070788e-007,0.03862091
6.074788e-007,0.04379725
6.078788e-007,0.04979709
6.082788e-007,0.05379698
6.086788e-007,0.05344405
6.090788e-007,0.05109117
6.094788e-007,0.0495618
6.098788e-007,0.04885594
6.102788e-007,0.04803243
6.106788e-007,0.04497369
6.110788e-007,0.04132672
6.114788e-007,0.04085615
6.118788e-007,0.0447384
6.122788e-007,0.05073824
6.126788e-007,0.05450285
6.130788e-007,0.05344405
6.134788e-007,0.04838536
6.138788e-007,0.04238552
6.142788e-007,0.039915
6.146788e-007,0.04203259
6.150788e-007,0.04650306
6.154788e-007,0.05015002
6.158788e-007,0.05156175
6.162788e-007,0.05203232
6.166788e-007,0.05050295
6.170788e-007,0.048503
6.174788e-007,0.04744421
6.178788e-007,0.04732656
6.182788e-007,0.04967944
6.186788e-007,0.05297347
6.190788e-007,0.05367934
6.194788e-007,0.0514441
6.198788e-007,0.0495618
6.202788e-007,0.05038531
6.206788e-007,0.05320876
6.210788e-007,0.05403227
6.214788e-007,0.05085588
6.218788e-007,0.04544426
6.222788e-007,0.04262081
6.226788e-007,0.04426782
6.230788e-007,0.04732656
6.234788e-007,0.04744421
6.238788e-007,0.04426782
6.242788e-007,0.04203259
6.246788e-007,0.04520897
6.250788e-007,0.05167939
6.254788e-007,0.05650279
6.258788e-007,0.05638515
6.262788e-007,0.05203232
6.266788e-007,0.04873829
6.270788e-007,0.04909122
6.274788e-007,0.05015002
6.278788e-007,0.05026766
6.282788e-007,0.04944416
6.286788e-007,0.04967944
6.290788e-007,0.0514441
6.294788e-007,0.05379698
6.298788e-007,0.05356169
6.302788e-007,0.05097353
6.306788e-007,0.04815007
6.310788e-007,0.04779714
6.314788e-007,0.04979709
6.318788e-007,0.05344405
6.322788e-007,0.05662044
6.326788e-007,0.05767923
6.330788e-007,0.05450285
6.334788e-007,0.04873829
6.338788e-007,0.04320903
6.342788e-007,0.04238552
6.346788e-007,0.04626777
6.350788e-007,0.05285583
6.354788e-007,0.05767923
6.358788e-007,0.05803216
6.362788e-007,0.05603222
6.366788e-007,0.05332641
6.370788e-007,0.05132646
6.374788e-007,0.05026766
6.378788e-007,0.04885594
6.382788e-007,0.04673834
6.386788e-007,0.04556191
6.390788e-007,0.0466207
6.394788e-007,0.04873829
6.398788e-007,0.0514441
6.402788e-007,0.05391463
6.406788e-007,0.05567929
6.410788e-007,0.05650279
6.414788e-007,0.05673808
6.418788e-007,0.05579693
6.422788e-007,0.05403227
6.426788e-007,0.05109117
6.430788e-007,0.04779714
6.434788e-007,0.04579719
6.438788e-007,0.04615012
6.442788e-007,0.04709128
6.446788e-007,0.04815007
6.450788e-007,0.04979709
6.454788e-007,0.05226761
6.458788e-007,0.05532635
6.462788e-007,0.05803216
6.466788e-007,0.05814981
6.470788e-007,0.05697337
6.474788e-007,0.05485578
6.478788e-007,0.0525029
6.482788e-007,0.04944416
6.486788e-007,0.04626777
6.490788e-007,0.04450311
6.494788e-007,0.04673834
6.498788e-007,0.0525029
6.502788e-007,0.05826745
6.506788e-007,0.05850274
6.510788e-007,0.05356169
6.514788e-007,0.04732656
6.518788e-007,0.04579719
6.522788e-007,0.04897358
6.526788e-007,0.05344405
6.530788e-007,0.05462049
6.534788e-007,0.05167939
6.538788e-007,0.048503
6.542788e-007,0.04838536
6.546788e-007,0.05238525
6.550788e-007,0.05638515
6.554788e-007,0.05614986
6.558788e-007,0.05238525
6.562788e-007,0.04732656
6.566788e-007,0.04379725
6.570788e-007,0.04332667
6.574788e-007,0.04426782
6.578788e-007,0.04509133
6.582788e-007,0.04485604
6.586788e-007,0.04379725
6.590788e-007,0.04450311
6.594788e-007,0.0466207
6.598788e-007,0.05085588
6.602788e-007,0.05473813
6.606788e-007,0.05697337
6.610788e-007,0.05697337
6.614788e-007,0.05485578
6.618788e-007,0.05109117
6.622788e-007,0.04579719
6.626788e-007,0.03909149
6.630788e-007,0.0348563
6.634788e-007,0.03767976
6.638788e-007,0.04779714
6.642788e-007,0.05979682
6.646788e-007,0.06626724
6.650788e-007,0.06250264
6.654788e-007,0.05167939
6.658788e-007,0.04132672
6.662788e-007,0.03732683
6.666788e-007,0.039915
6.670788e-007,0.04591484
6.674788e-007,0.05226761
6.678788e-007,0.05673808
6.682788e-007,0.05909096
6.686788e-007,0.05862038
6.690788e-007,0.05614986
6.694788e-007,0.05356169
6.698788e-007,0.05191468
6.702788e-007,0.05167939
6.706788e-007,0.05179703
6.710788e-007,0.05085588
6.714788e-007,0.04873829
6.718788e-007,0.04756185
6.722788e-007,0.04815007
6.726788e-007,0.04979709
6.730788e-007,0.05015002
6.734788e-007,0.04920887
6.738788e-007,0.04803243
6.742788e-007,0.04826772
6.746788e-007,0.04991473
6.750788e-007,0.05026766
6.754788e-007,0.04967944
6.758788e-007,0.04897358
6.762788e-007,0.0495618
6.766788e-007,0.05297347
6.770788e-007,0.055444
6.774788e-007,0.05473813
6.778788e-007,0.05203232
6.782788e-007,0.04944416
6.786788e-007,0.04885594
6.790788e-007,0.04979709
6.794788e-007,0.05238525
6.798788e-007,0.05638515
6.802788e-007,0.06038504
6.806788e-007,0.0621497
6.810788e-007,0.06109091
6.814788e-007,0.05756159
6.818788e-007,0.05403227
6.822788e-007,0.05450285
6.826788e-007,0.05685573
6.830788e-007,0.05744395
6.834788e-007,0.05520871
6.838788e-007,0.05120882
6.842788e-007,0.04815007
6.846788e-007,0.04826772
6.850788e-007,0.05003238
6.854788e-007,0.0525029
6.858788e-007,0.05356169
6.862788e-007,0.05356169
6.866788e-007,0.05297347
6.870788e-007,0.05262054
6.874788e-007,0.05332641
6.878788e-007,0.05426756
6.882788e-007,0.05191468
6.886788e-007,0.04567955
6.890788e-007,0.03956206
6.894788e-007,0.03838562
6.898788e-007,0.04320903
6.902788e-007,0.0506206
6.906788e-007,0.055444
6.910788e-007,0.05497342
6.914788e-007,0.05050295
6.918788e-007,0.0466207
6.922788e-007,0.04520897
6.926788e-007,0.04544426
6.930788e-007,0.04756185
6.934788e-007,0.05038531
6.938788e-007,0.05203232
6.942788e-007,0.05015002
6.946788e-007,0.04379725
6.950788e-007,0.03838562
6.954788e-007,0.03815034
6.958788e-007,0.04567955
6.962788e-007,0.05626751
6.966788e-007,0.06109091
6.970788e-007,0.05662044
6.974788e-007,0.0476795
6.978788e-007,0.04156201
6.982788e-007,0.04226787
6.986788e-007,0.04791478
6.990788e-007,0.05344405
6.994788e-007,0.05579693
6.998788e-007,0.05720866
7.002788e-007,0.06003211
7.006788e-007,0.06203206
7.010788e-007,0.06014976
7.014788e-007,0.05273819
7.018788e-007,0.04379725
7.022788e-007,0.03944442
7.026788e-007,0.04226787
7.030788e-007,0.04791478
7.034788e-007,0.05179703
7.038788e-007,0.05285583
7.042788e-007,0.05191468
7.046788e-007,0.05132646
7.050788e-007,0.05156175
7.054788e-007,0.05167939
7.058788e-007,0.05156175
7.062788e-007,0.0525029
7.066788e-007,0.05638515
7.070788e-007,0.06014976
7.074788e-007,0.05944389
7.078788e-007,0.05462049
7.082788e-007,0.04815007
7.086788e-007,0.04297374
7.090788e-007,0.04250316
7.094788e-007,0.04756185
7.098788e-007,0.05238525
7.102788e-007,0.05520871
7.106788e-007,0.05650279
7.110788e-007,0.05650279
7.114788e-007,0.05567929
7.118788e-007,0.05497342
7.122788e-007,0.05320876
7.126788e-007,0.05073824
7.130788e-007,0.04991473
7.134788e-007,0.05344405
7.138788e-007,0.05897332
7.142788e-007,0.06191442
7.146788e-007,0.05956154
7.150788e-007,0.05273819
7.154788e-007,0.0466207
7.158788e-007,0.04532662
7.162788e-007,0.048503
7.166788e-007,0.05179703
7.170788e-007,0.05214997
7.174788e-007,0.05073824
7.178788e-007,0.04920887
7.182788e-007,0.04967944
7.186788e-007,0.0514441
7.190788e-007,0.05109117
7.194788e-007,0.0476795
7.198788e-007,0.04426782
7.202788e-007,0.04297374
7.206788e-007,0.04520897
7.210788e-007,0.04920887
7.214788e-007,0.0514441
7.218788e-007,0.05167939
7.222788e-007,0.05003238
7.226788e-007,0.04744421
7.230788e-007,0.04626777
7.234788e-007,0.04673834
7.238788e-007,0.04779714
7.242788e-007,0.04897358
7.246788e-007,0.05003238
7.250788e-007,0.05038531
7.254788e-007,0.05050295
7.258788e-007,0.04991473
7.262788e-007,0.04650306
7.266788e-007,0.04309138
7.270788e-007,0.04250316
7.274788e-007,0.04497369
7.278788e-007,0.04862065
7.282788e-007,0.05003238
7.286788e-007,0.04791478
7.290788e-007,0.04520897
7.294788e-007,0.04603248
7.298788e-007,0.0495618
7.302788e-007,0.05120882
7.306788e-007,0.04732656
7.310788e-007,0.03944442
7.314788e-007,0.03473866
7.318788e-007,0.03744447
7.322788e-007,0.04591484
7.326788e-007,0.05379698
7.330788e-007,0.05567929
7.334788e-007,0.05285583
7.338788e-007,0.04897358
7.342788e-007,0.04520897
7.346788e-007,0.04250316
7.350788e-007,0.04120908
7.354788e-007,0.04215023
7.358788e-007,0.04556191
7.362788e-007,0.05050295
7.366788e-007,0.05414991
7.370788e-007,0.05450285
7.374788e-007,0.05297347
7.378788e-007,0.05050295
7.382788e-007,0.04838536
7.386788e-007,0.04591484
7.390788e-007,0.04379725
7.394788e-007,0.04238552
7.398788e-007,0.04215023
7.402788e-007,0.04426782
7.406788e-007,0.04732656
7.410788e-007,0.04967944
7.414788e-007,0.05003238
7.418788e-007,0.04862065
7.422788e-007,0.04744421
7.426788e-007,0.04791478
7.430788e-007,0.05191468
7.434788e-007,0.05791452
7.438788e-007,0.06250264
7.442788e-007,0.06191442
7.446788e-007,0.05697337
7.450788e-007,0.05191468
7.454788e-007,0.04967944
7.458788e-007,0.05050295
7.462788e-007,0.05191468
7.466788e-007,0.05003238
7.470788e-007,0.04520897
7.474788e-007,0.04273845
7.478788e-007,0.04520897
7.482788e-007,0.05015002
7.486788e-007,0.05285583
7.490788e-007,0.05003238
7.494788e-007,0.04544426
7.498788e-007,0.04403253
7.502788e-007,0.04756185
7.506788e-007,0.05273819
7.510788e-007,0.05591457
7.514788e-007,0.05426756
7.518788e-007,0.04838536
7.522788e-007,0.04273845
7.526788e-007,0.04003264
7.530788e-007,0.03944442
7.534788e-007,0.0417973
7.538788e-007,0.0466207
7.542788e-007,0.05109117
7.546788e-007,0.05309112
7.550788e-007,0.05320876
7.554788e-007,0.0525029
7.558788e-007,0.05520871
7.562788e-007,0.06191442
7.566788e-007,0.06626724
7.570788e-007,0.06391436
7.574788e-007,0.05638515
7.578788e-007,0.04897358
7.582788e-007,0.04744421
7.586788e-007,0.0514441
7.590788e-007,0.05591457
7.594788e-007,0.05497342
7.598788e-007,0.04897358
7.602788e-007,0.04285609
7.606788e-007,0.04250316
7.610788e-007,0.04720892
7.614788e-007,0.05297347
7.618788e-007,0.05626751
7.622788e-007,0.05614986
7.626788e-007,0.05320876
7.630788e-007,0.04979709
7.634788e-007,0.04673834
7.638788e-007,0.04462075
7.642788e-007,0.04497369
7.646788e-007,0.04744421
7.650788e-007,0.05097353
7.654788e-007,0.05414991
7.658788e-007,0.05473813
7.662788e-007,0.05320876
7.666788e-007,0.05109117
7.670788e-007,0.05073824
7.674788e-007,0.05073824
7.678788e-007,0.05038531
7.682788e-007,0.04885594
7.686788e-007,0.04650306
7.690788e-007,0.0436796
7.694788e-007,0.04438547
7.698788e-007,0.04932651
7.702788e-007,0.05509107
7.706788e-007,0.05850274
7.710788e-007,0.05791452
7.714788e-007,0.05273819
7.718788e-007,0.04626777
7.722788e-007,0.04203259
7.726788e-007,0.04144437
7.730788e-007,0.04391489
7.734788e-007,0.0466207
7.738788e-007,0.04897358
7.742788e-007,0.05167939
7.746788e-007,0.05285583
7.750788e-007,0.0525029
7.754788e-007,0.05097353
7.758788e-007,0.05109117
7.762788e-007,0.05391463
7.766788e-007,0.05897332
7.770788e-007,0.0632085
7.774788e-007,0.06238499
7.778788e-007,0.05591457
7.782788e-007,0.04779714
7.786788e-007,0.04191494
7.790788e-007,0.04038557
7.794788e-007,0.04320903
7.798788e-007,0.04826772
7.802788e-007,0.05109117
7.806788e-007,0.0506206
7.810788e-007,0.04838536
7.814788e-007,0.04650306
7.818788e-007,0.04803243
7.822788e-007,0.05309112
7.826788e-007,0.06038504
7.830788e-007,0.06591431
7.834788e-007,0.06709075
7.838788e-007,0.06332614
7.842788e-007,0.05414991
7.846788e-007,0.04426782
7.850788e-007,0.03838562
7.854788e-007,0.03967971
7.858788e-007,0.04638541
7.862788e-007,0.05309112
7.866788e-007,0.05403227
7.870788e-007,0.04885594
7.874788e-007,0.04320903
7.878788e-007,0.04285609
7.882788e-007,0.04732656
7.886788e-007,0.0525029
7.890788e-007,0.05379698
7.894788e-007,0.05238525
7.898788e-007,0.0514441
7.902788e-007,0.0525029
7.906788e-007,0.0525029
7.910788e-007,0.0506206
7.914788e-007,0.04873829
7.918788e-007,0.04979709
7.922788e-007,0.05320876
7.926788e-007,0.05603222
7.930788e-007,0.05426756
7.934788e-007,0.05038531
7.938788e-007,0.04944416
7.942788e-007,0.05297347
7.946788e-007,0.05756159
7.950788e-007,0.05897332
7.954788e-007,0.05556164
7.958788e-007,0.0495618
7.962788e-007,0.04379725
7.966788e-007,0.04156201
7.970788e-007,0.04285609
7.974788e-007,0.04638541
7.978788e-007,0.05038531
7.982788e-007,0.05320876
7.986788e-007,0.05414991
7.990788e-007,0.05297347
7.994788e-007,0.0514441
7.998788e-007,0.05109117
8.002788e-007,0.05214997
8.006788e-007,0.05462049
8.010788e-007,0.05685573
8.014788e-007,0.05779688
8.018788e-007,0.05626751
8.022788e-007,0.05238525
8.026788e-007,0.04803243
8.030788e-007,0.04520897
8.034788e-007,0.04544426
8.038788e-007,0.04885594
8.042788e-007,0.05273819
8.046788e-007,0.05426756
8.050788e-007,0.05297347
8.054788e-007,0.05050295
8.058788e-007,0.04885594
8.062788e-007,0.04815007
8.066788e-007,0.04697363
8.070788e-007,0.04485604
8.074788e-007,0.04332667
8.078788e-007,0.04509133
8.082788e-007,0.04862065
8.086788e-007,0.05097353
8.090788e-007,0.05120882
8.094788e-007,0.04979709
8.098788e-007,0.04932651
8.102788e-007,0.05191468
8.106788e-007,0.05567929
8.110788e-007,0.05638515
8.114788e-007,0.05344405
8.118788e-007,0.04897358
8.122788e-007,0.04532662
8.126788e-007,0.04497369
8.130788e-007,0.04626777
8.134788e-007,0.04685599
8.138788e-007,0.04650306
8.142788e-007,0.04709128
8.146788e-007,0.04979709
8.150788e-007,0.05214997
8.154788e-007,0.05226761
8.158788e-007,0.04920887
8.162788e-007,0.04591484
8.166788e-007,0.04556191
8.170788e-007,0.04862065
8.174788e-007,0.0514441
8.178788e-007,0.05167939
8.182788e-007,0.05026766
8.186788e-007,0.04838536
8.190788e-007,0.04967944
8.194788e-007,0.05073824
8.198788e-007,0.04897358
8.202788e-007,0.04426782
8.206788e-007,0.03967971
8.210788e-007,0.03967971
8.214788e-007,0.04650306
8.218788e-007,0.05426756
8.222788e-007,0.05779688
8.226788e-007,0.05567929
8.230788e-007,0.05191468
8.234788e-007,0.05038531
8.238788e-007,0.05214997
8.242788e-007,0.05450285
8.246788e-007,0.05579693
8.250788e-007,0.05497342
8.254788e-007,0.05403227
8.258788e-007,0.0525029
8.262788e-007,0.05026766
8.266788e-007,0.04803243
8.270788e-007,0.04673834
8.274788e-007,0.04756185
8.278788e-007,0.05085588
8.282788e-007,0.05391463
8.286788e-007,0.05391463
8.290788e-007,0.05026766
8.294788e-007,0.04544426
8.298788e-007,0.04332667
8.302788e-007,0.04579719
8.306788e-007,0.05109117
8.310788e-007,0.05462049
8.314788e-007,0.05403227
8.318788e-007,0.0514441
8.322788e-007,0.04932651
8.326788e-007,0.04932651
8.330788e-007,0.0514441
8.334788e-007,0.05332641
8.338788e-007,0.05391463
8.342788e-007,0.05414991
8.346788e-007,0.05344405
8.350788e-007,0.05073824
8.354788e-007,0.0447384
8.358788e-007,0.03826798
8.362788e-007,0.03673861
8.366788e-007,0.04167965
8.370788e-007,0.05085588
8.374788e-007,0.05803216
8.378788e-007,0.05909096
8.382788e-007,0.05603222
8.386788e-007,0.05203232
8.390788e-007,0.04991473
8.394788e-007,0.0495618
8.398788e-007,0.04991473
8.402788e-007,0.04897358
8.406788e-007,0.04638541
8.410788e-007,0.04497369
8.414788e-007,0.04497369
8.418788e-007,0.0466207
8.422788e-007,0.05073824
8.426788e-007,0.05697337
8.430788e-007,0.06120855
8.434788e-007,0.0592086
8.438788e-007,0.05214997
8.442788e-007,0.04426782
8.446788e-007,0.0407385
8.450788e-007,0.04285609
8.454788e-007,0.04944416
8.458788e-007,0.05509107
8.462788e-007,0.05638515
8.466788e-007,0.05156175
8.470788e-007,0.04332667
8.474788e-007,0.03626803
8.478788e-007,0.03450337
8.482788e-007,0.03826798
8.486788e-007,0.04497369
8.490788e-007,0.04873829
8.494788e-007,0.04897358
8.498788e-007,0.04779714
8.502788e-007,0.04591484
8.506788e-007,0.04415018
8.510788e-007,0.0436796
8.514788e-007,0.04462075
8.518788e-007,0.04979709
8.522788e-007,0.05862038
8.526788e-007,0.06414965
8.530788e-007,0.06097326
8.534788e-007,0.04979709
8.538788e-007,0.03826798
8.542788e-007,0.03626803
8.546788e-007,0.04391489
8.550788e-007,0.05403227
8.554788e-007,0.05791452
8.558788e-007,0.05591457
8.562788e-007,0.05285583
8.566788e-007,0.05391463
8.570788e-007,0.05897332
8.574788e-007,0.06273792
8.578788e-007,0.06120855
8.582788e-007,0.05532635
8.586788e-007,0.04885594
8.590788e-007,0.04485604
8.594788e-007,0.04567955
8.598788e-007,0.05026766
8.602788e-007,0.05626751
8.606788e-007,0.0613262
8.610788e-007,0.06273792
8.614788e-007,0.06073798
8.618788e-007,0.05638515
8.622788e-007,0.05179703
8.626788e-007,0.04920887
8.630788e-007,0.04944416
8.634788e-007,0.05203232
8.638788e-007,0.05509107
8.642788e-007,0.05579693
8.646788e-007,0.05344405
8.650788e-007,0.05073824
8.654788e-007,0.0506206
8.658788e-007,0.05273819
8.662788e-007,0.05403227
8.666788e-007,0.05309112
8.670788e-007,0.05073824
8.674788e-007,0.04979709
8.678788e-007,0.05214997
8.682788e-007,0.05556164
8.686788e-007,0.05556164
8.690788e-007,0.05003238
8.694788e-007,0.04238552
8.698788e-007,0.03850327
8.702788e-007,0.04132672
8.706788e-007,0.04826772
8.710788e-007,0.05367934
8.714788e-007,0.05426756
8.718788e-007,0.0525029
8.722788e-007,0.0506206
8.726788e-007,0.04991473
8.730788e-007,0.04944416
8.734788e-007,0.04779714
8.738788e-007,0.04591484
8.742788e-007,0.04532662
8.746788e-007,0.04673834
8.750788e-007,0.04979709
8.754788e-007,0.05203232
8.758788e-007,0.05167939
8.762788e-007,0.04897358
8.766788e-007,0.04685599
8.770788e-007,0.04720892
8.774788e-007,0.05050295
8.778788e-007,0.05450285
8.782788e-007,0.05685573
8.786788e-007,0.05614986
8.790788e-007,0.05262054
8.794788e-007,0.05038531
8.798788e-007,0.05015002
8.802788e-007,0.0514441
8.806788e-007,0.05109117
8.810788e-007,0.04873829
8.814788e-007,0.04826772
8.818788e-007,0.05179703
8.822788e-007,0.0573263
8.826788e-007,0.06062033
8.830788e-007,0.05756159
8.834788e-007,0.04932651
8.838788e-007,0.0417973
8.842788e-007,0.04109143
8.846788e-007,0.04791478
8.850788e-007,0.05638515
8.854788e-007,0.06179677
8.858788e-007,0.06179677
8.862788e-007,0.0583851
8.866788e-007,0.05309112
8.870788e-007,0.04744421
8.874788e-007,0.04215023
8.878788e-007,0.03756212
8.882788e-007,0.03685625
8.886788e-007,0.03956206
8.890788e-007,0.04309138
8.894788e-007,0.04415018
8.898788e-007,0.04109143
8.902788e-007,0.03920913
8.906788e-007,0.0407385
8.910788e-007,0.04697363
8.914788e-007,0.05403227
8.918788e-007,0.05779688
8.922788e-007,0.05556164
8.926788e-007,0.04979709
8.930788e-007,0.04485604
8.934788e-007,0.0447384
8.938788e-007,0.048503
8.942788e-007,0.05167939
8.946788e-007,0.05214997
8.950788e-007,0.04991473
8.954788e-007,0.04791478
8.958788e-007,0.048503
8.962788e-007,0.05050295
8.966788e-007,0.0525029
8.970788e-007,0.05238525
8.974788e-007,0.0514441
8.978788e-007,0.05156175
8.982788e-007,0.05226761
8.986788e-007,0.05297347
8.990788e-007,0.05309112
8.994788e-007,0.05179703
8.998788e-007,0.0514441
9.002788e-007,0.0506206
9.006788e-007,0.04979709
9.010788e-007,0.04815007
9.014788e-007,0.04685599
9.018788e-007,0.04803243
9.022788e-007,0.05285583
9.026788e-007,0.05767923
9.030788e-007,0.05932625
9.034788e-007,0.05485578
9.038788e-007,0.04673834
9.042788e-007,0.04015028
9.046788e-007,0.04038557
9.050788e-007,0.04791478
9.054788e-007,0.05614986
9.058788e-007,0.06014976
9.062788e-007,0.05826745
9.066788e-007,0.05391463
9.070788e-007,0.05050295
9.074788e-007,0.04909122
9.078788e-007,0.04862065
9.082788e-007,0.048503
9.086788e-007,0.04909122
9.090788e-007,0.05097353
9.094788e-007,0.05462049
9.098788e-007,0.05850274
9.102788e-007,0.06109091
9.106788e-007,0.06073798
9.110788e-007,0.05591457
9.114788e-007,0.04909122
9.118788e-007,0.0447384
9.122788e-007,0.04520897
9.126788e-007,0.05097353
9.130788e-007,0.05638515
9.134788e-007,0.05767923
9.138788e-007,0.05638515
9.142788e-007,0.05509107
9.146788e-007,0.05462049
9.150788e-007,0.05509107
9.154788e-007,0.0543852
9.158788e-007,0.05226761
9.162788e-007,0.04979709
9.166788e-007,0.04873829
9.170788e-007,0.04885594
9.174788e-007,0.04815007
9.178788e-007,0.04626777
9.182788e-007,0.0436796
9.186788e-007,0.04038557
9.190788e-007,0.03920913
9.194788e-007,0.04156201
9.198788e-007,0.04720892
9.202788e-007,0.05367934
9.206788e-007,0.05697337
9.210788e-007,0.05497342
9.214788e-007,0.05026766
9.218788e-007,0.04732656
9.222788e-007,0.0476795
9.226788e-007,0.05026766
9.230788e-007,0.05379698
9.234788e-007,0.05673808
9.238788e-007,0.05826745
9.242788e-007,0.05697337
9.246788e-007,0.05344405
9.250788e-007,0.04932651
9.254788e-007,0.04815007
9.258788e-007,0.05132646
9.262788e-007,0.05626751
9.266788e-007,0.05897332
9.270788e-007,0.05685573
9.274788e-007,0.05026766
9.278788e-007,0.04415018
9.282788e-007,0.04062086
9.286788e-007,0.039915
9.290788e-007,0.04167965
9.294788e-007,0.04438547
9.298788e-007,0.04685599
9.302788e-007,0.048503
9.306788e-007,0.04944416
9.310788e-007,0.04885594
9.314788e-007,0.04779714
9.318788e-007,0.04744421
9.322788e-007,0.04756185
9.326788e-007,0.0495618
9.330788e-007,0.05191468
9.334788e-007,0.05262054
9.338788e-007,0.05179703
9.342788e-007,0.04920887
9.346788e-007,0.04556191
9.350788e-007,0.04203259
9.354788e-007,0.0407385
9.358788e-007,0.04426782
9.362788e-007,0.0514441
9.366788e-007,0.05909096
9.370788e-007,0.06191442
9.374788e-007,0.05767923
9.378788e-007,0.04838536
9.382788e-007,0.03979735
9.386788e-007,0.03662096
9.390788e-007,0.04038557
9.394788e-007,0.04779714
9.398788e-007,0.05473813
9.402788e-007,0.05603222
9.406788e-007,0.05379698
9.410788e-007,0.04991473
9.414788e-007,0.0466207
9.418788e-007,0.04450311
9.422788e-007,0.04462075
9.426788e-007,0.04897358
9.430788e-007,0.05744395
9.434788e-007,0.06650253
9.438788e-007,0.06897305
9.442788e-007,0.06038504
9.446788e-007,0.04815007
9.450788e-007,0.04332667
9.454788e-007,0.05156175
9.458788e-007,0.06756133
9.462788e-007,0.07850221
9.466788e-007,0.07603169
9.470788e-007,0.06309086
9.474788e-007,0.04897358
9.478788e-007,0.04262081
9.482788e-007,0.04250316
9.486788e-007,0.04462075
9.490788e-007,0.04591484
9.494788e-007,0.04520897
9.498788e-007,0.04379725
9.502788e-007,0.04273845
9.506788e-007,0.04226787
9.510788e-007,0.0436796
9.514788e-007,0.04791478
9.518788e-007,0.05356169
9.522788e-007,0.05744395
9.526788e-007,0.05720866
9.530788e-007,0.05262054
9.534788e-007,0.04720892
9.538788e-007,0.04262081
9.542788e-007,0.04132672
9.546788e-007,0.04450311
9.550788e-007,0.05026766
9.554788e-007,0.0543852
9.558788e-007,0.055444
9.562788e-007,0.05356169
9.566788e-007,0.05097353
9.570788e-007,0.05109117
9.574788e-007,0.05344405
9.578788e-007,0.05426756
9.582788e-007,0.0525029
9.586788e-007,0.04920887
9.590788e-007,0.04732656
9.594788e-007,0.04862065
9.598788e-007,0.05109117
9.602788e-007,0.05238525
9.606788e-007,0.05285583
9.610788e-007,0.05309112
9.614788e-007,0.05367934
9.618788e-007,0.05332641
9.622788e-007,0.05132646
9.626788e-007,0.04979709
9.630788e-007,0.04920887
9.634788e-007,0.04862065
9.638788e-007,0.04697363
9.642788e-007,0.04438547
9.646788e-007,0.04297374
9.650788e-007,0.04544426
9.654788e-007,0.0506206
9.658788e-007,0.05156175
9.662788e-007,0.04697363
9.666788e-007,0.04226787
9.670788e-007,0.04191494
9.674788e-007,0.04591484
9.678788e-007,0.05120882
9.682788e-007,0.05297347
9.686788e-007,0.04944416
9.690788e-007,0.04462075
9.694788e-007,0.04238552
9.698788e-007,0.04156201
9.702788e-007,0.04203259
9.706788e-007,0.04403253
9.710788e-007,0.0476795
9.714788e-007,0.05156175
9.718788e-007,0.05485578
9.722788e-007,0.05614986
9.726788e-007,0.05367934
9.730788e-007,0.04815007
9.734788e-007,0.04344431
9.738788e-007,0.04156201
9.742788e-007,0.04415018
9.746788e-007,0.04897358
9.750788e-007,0.05097353
9.754788e-007,0.04826772
9.758788e-007,0.04426782
9.762788e-007,0.04273845
9.766788e-007,0.04650306
9.770788e-007,0.05238525
9.774788e-007,0.05520871
9.778788e-007,0.05344405
9.782788e-007,0.05167939
9.786788e-007,0.05309112
9.790788e-007,0.05779688
9.794788e-007,0.05897332
9.798788e-007,0.05226761
9.802788e-007,0.04085615
9.806788e-007,0.03179756
9.810788e-007,0.02979761
9.814788e-007,0.03509159
9.818788e-007,0.04167965
9.822788e-007,0.04579719
9.826788e-007,0.04756185
9.830788e-007,0.04909122
9.834788e-007,0.05414991
9.838788e-007,0.06109091
9.842788e-007,0.06556138
9.846788e-007,0.06414965
9.850788e-007,0.05556164
9.854788e-007,0.04509133
9.858788e-007,0.03932678
9.862788e-007,0.04144437
9.866788e-007,0.04838536
9.870788e-007,0.05332641
9.874788e-007,0.05297347
9.878788e-007,0.04732656
9.882788e-007,0.04097379
9.886788e-007,0.03873856
9.890788e-007,0.03920913
9.894788e-007,0.03944442
9.898788e-007,0.0377974
9.902788e-007,0.03662096
9.906788e-007,0.03956206
9.910788e-007,0.04626777
9.914788e-007,0.05179703
9.918788e-007,0.05285583
9.922788e-007,0.04944416
9.926788e-007,0.04603248
9.930788e-007,0.0476795
9.934788e-007,0.05391463
9.938788e-007,0.05909096
9.942788e-007,0.05873803
9.946788e-007,0.05320876
9.950788e-007,0.04615012
9.954788e-007,0.04156201
9.958788e-007,0.04120908
9.962788e-007,0.0436796
9.966788e-007,0.04685599
9.970788e-007,0.05015002
9.974788e-007,0.05285583
9.978788e-007,0.05379698
9.982788e-007,0.05391463
9.986788e-007,0.05391463
9.990788e-007,0.05414991
9.994788e-007,0.05332641
9.998788e-007,0.05156175
1.000279e-006,0.04815007
1.000679e-006,0.04485604
1.001079e-006,0.04415018
1.001479e-006,0.04638541
1.001879e-006,0.048503
1.002279e-006,0.04932651
1.002679e-006,0.04873829
1.003079e-006,0.04862065
1.003479e-006,0.04991473
1.003879e-006,0.05179703
1.004279e-006,0.05473813
1.004679e-006,0.05803216
1.005079e-006,0.05873803
1.005479e-006,0.05638515
1.005879e-006,0.04932651
1.006279e-006,0.04050321
1.006679e-006,0.03544452
1.007079e-006,0.03744447
1.007479e-006,0.04462075
1.007879e-006,0.0525029
1.008279e-006,0.05697337
1.008679e-006,0.05673808
1.009079e-006,0.05285583
1.009479e-006,0.04909122
1.009879e-006,0.04779714
1.010279e-006,0.04862065
1.010679e-006,0.05097353
1.011079e-006,0.05214997
1.011479e-006,0.05073824
1.011879e-006,0.04791478
1.012279e-006,0.04709128
1.012679e-006,0.05085588
1.013079e-006,0.05756159
1.013479e-006,0.06203206
1.013879e-006,0.05967918
1.014279e-006,0.05285583
1.014679e-006,0.04603248
1.015079e-006,0.0447384
1.015479e-006,0.04826772
1.015879e-006,0.05226761
1.016279e-006,0.05603222
1.016679e-006,0.05967918
1.017079e-006,0.06085562
1.017479e-006,0.05767923
1.017879e-006,0.04944416
1.018279e-006,0.04144437
1.018679e-006,0.04062086
1.019079e-006,0.04897358
1.019479e-006,0.0592086
1.019879e-006,0.06085562
1.020279e-006,0.05309112
1.020679e-006,0.04485604
1.021079e-006,0.04462075
1.021479e-006,0.05332641
1.021879e-006,0.06262028
1.022279e-006,0.06297321
1.022679e-006,0.05520871
1.023079e-006,0.04838536
1.023479e-006,0.04697363
1.023879e-006,0.04979709
1.024279e-006,0.05309112
1.024679e-006,0.05485578
1.025079e-006,0.05532635
1.025479e-006,0.0573263
1.025879e-006,0.05756159
1.026279e-006,0.05332641
1.026679e-006,0.04603248
1.027079e-006,0.0407385
1.027479e-006,0.04120908
1.027879e-006,0.04732656
1.028279e-006,0.05226761
1.028679e-006,0.05320876
1.029079e-006,0.05132646
1.029479e-006,0.0506206
1.029879e-006,0.05273819
1.030279e-006,0.05532635
1.030679e-006,0.05473813
1.031079e-006,0.05203232
1.031479e-006,0.05015002
1.031879e-006,0.05073824
1.032279e-006,0.05238525
1.032679e-006,0.05214997
1.033079e-006,0.04862065
1.033479e-006,0.04556191
1.033879e-006,0.04532662
1.034279e-006,0.048503
1.034679e-006,0.05367934
1.035079e-006,0.05626751
1.035479e-006,0.05450285
1.035879e-006,0.05015002
1.036279e-006,0.04744421
1.036679e-006,0.04897358
1.037079e-006,0.05403227
1.037479e-006,0.0583851
1.037879e-006,0.05779688
1.038279e-006,0.05203232
1.038679e-006,0.04426782
1.039079e-006,0.03979735
1.039479e-006,0.04062086
1.039879e-006,0.0447384
1.040279e-006,0.04685599
1.040679e-006,0.04626777
1.041079e-006,0.04567955
1.041479e-006,0.04897358
1.041879e-006,0.05638515
1.042279e-006,0.06344379
1.042679e-006,0.06414965
1.043079e-006,0.0573263
1.043479e-006,0.04862065
1.043879e-006,0.04415018
1.044279e-006,0.04615012
1.044679e-006,0.05179703
1.045079e-006,0.05426756
1.045479e-006,0.05156175
1.045879e-006,0.04579719
1.046279e-006,0.04191494
1.046679e-006,0.0417973
1.047079e-006,0.04520897
1.047479e-006,0.04909122
1.047879e-006,0.04979709
1.048279e-006,0.04673834
1.048679e-006,0.04262081
1.049079e-006,0.04120908
1.049479e-006,0.04579719
1.049879e-006,0.05485578
1.050279e-006,0.06309086
1.050679e-006,0.06626724
1.051079e-006,0.06309086
1.051479e-006,0.05685573
1.051879e-006,0.05262054
1.052279e-006,0.05309112
1.052679e-006,0.05638515
1.053079e-006,0.05744395
1.053479e-006,0.05391463
1.053879e-006,0.04744421
1.054279e-006,0.0417973
1.054679e-006,0.04038557
1.055079e-006,0.0447384
1.055479e-006,0.05238525
1.055879e-006,0.05967918
1.056279e-006,0.06050269
1.056679e-006,0.05497342
1.057079e-006,0.04615012
1.057479e-006,0.03909149
1.057879e-006,0.03720918
1.058279e-006,0.03956206
1.058679e-006,0.04332667
1.059079e-006,0.04556191
1.059479e-006,0.04673834
1.059879e-006,0.0476795
1.060279e-006,0.04791478
1.060679e-006,0.04650306
1.061079e-006,0.04356196
1.061479e-006,0.04262081
1.061879e-006,0.04579719
1.062279e-006,0.05332641
1.062679e-006,0.05991447
1.063079e-006,0.06073798
1.063479e-006,0.05662044
1.063879e-006,0.05179703
1.064279e-006,0.05085588
1.064679e-006,0.05367934
1.065079e-006,0.05850274
1.065479e-006,0.06120855
1.065879e-006,0.06003211
1.066279e-006,0.05720866
1.066679e-006,0.05297347
1.067079e-006,0.05038531
1.067479e-006,0.04944416
1.067879e-006,0.05015002
1.068279e-006,0.04979709
1.068679e-006,0.04650306
1.069079e-006,0.04156201
1.069479e-006,0.03920913
1.069879e-006,0.04144437
1.070279e-006,0.04815007
1.070679e-006,0.05367934
1.071079e-006,0.05497342
1.071479e-006,0.05226761
1.071879e-006,0.04909122
1.072279e-006,0.04838536
1.072679e-006,0.05003238
1.073079e-006,0.05203232
1.073479e-006,0.05191468
1.073879e-006,0.04873829
1.074279e-006,0.04426782
1.074679e-006,0.0407385
1.075079e-006,0.04262081
1.075479e-006,0.04991473
1.075879e-006,0.05850274
1.076279e-006,0.06273792
1.076679e-006,0.05991447
1.077079e-006,0.05332641
1.077479e-006,0.04897358
1.077879e-006,0.04944416
1.078279e-006,0.05167939
1.078679e-006,0.05167939
1.079079e-006,0.04991473
1.079479e-006,0.04862065
1.079879e-006,0.04885594
1.080279e-006,0.05015002
1.080679e-006,0.05026766
1.081079e-006,0.04697363
1.081479e-006,0.04438547
1.081879e-006,0.04450311
1.082279e-006,0.048503
1.082679e-006,0.05320876
1.083079e-006,0.0543852
1.083479e-006,0.05073824
1.083879e-006,0.04567955
1.084279e-006,0.04438547
1.084679e-006,0.04815007
1.085079e-006,0.05473813
1.085479e-006,0.0583851
1.085879e-006,0.05591457
1.086279e-006,0.04838536
1.086679e-006,0.04003264
1.087079e-006,0.0369739
1.087479e-006,0.04191494
1.087879e-006,0.05038531
1.088279e-006,0.05626751
1.088679e-006,0.05673808
1.089079e-006,0.05120882
1.089479e-006,0.04485604
1.089879e-006,0.04485604
1.090279e-006,0.0525029
1.090679e-006,0.06120855
1.091079e-006,0.06367907
1.091479e-006,0.05697337
1.091879e-006,0.04673834
1.092279e-006,0.04015028
1.092679e-006,0.04167965
1.093079e-006,0.04838536
1.093479e-006,0.05344405
1.093879e-006,0.05226761
1.094279e-006,0.0466207
1.094679e-006,0.04144437
1.095079e-006,0.04038557
1.095479e-006,0.04238552
1.095879e-006,0.0447384
1.096279e-006,0.04485604
1.096679e-006,0.04320903
1.097079e-006,0.04273845
1.097479e-006,0.04497369
1.097879e-006,0.04920887
1.098279e-006,0.05462049
1.098679e-006,0.05803216
1.099079e-006,0.05673808
1.099479e-006,0.05120882
1.099879e-006,0.04544426
1.100279e-006,0.04450311
1.100679e-006,0.05073824
1.101079e-006,0.05885567
1.101479e-006,0.06191442
1.101879e-006,0.05532635
1.102279e-006,0.04309138
1.102679e-006,0.03332693
1.103079e-006,0.03332693
1.103479e-006,0.04097379
1.103879e-006,0.04862065
1.104279e-006,0.05156175
1.104679e-006,0.05120882
1.105079e-006,0.05132646
1.105479e-006,0.05297347
1.105879e-006,0.05379698
1.106279e-006,0.0514441
1.106679e-006,0.04615012
1.107079e-006,0.04250316
1.107479e-006,0.04156201
1.107879e-006,0.04332667
1.108279e-006,0.04591484
1.108679e-006,0.04803243
1.109079e-006,0.05050295
1.109479e-006,0.0525029
1.109879e-006,0.05203232
1.110279e-006,0.04756185
1.110679e-006,0.04003264
1.111079e-006,0.03567981
1.111479e-006,0.03920913
1.111879e-006,0.04838536
1.112279e-006,0.05662044
1.112679e-006,0.05909096
1.113079e-006,0.05614986
1.113479e-006,0.05179703
1.113879e-006,0.048503
1.114279e-006,0.04791478
1.114679e-006,0.04944416
1.115079e-006,0.05073824
1.115479e-006,0.05097353
1.115879e-006,0.04979709
1.116279e-006,0.04697363
1.116679e-006,0.0447384
1.117079e-006,0.04450311
1.117479e-006,0.04791478
1.117879e-006,0.05273819
1.118279e-006,0.05450285
1.118679e-006,0.05238525
1.119079e-006,0.05026766
1.119479e-006,0.05026766
1.119879e-006,0.05273819
1.120279e-006,0.05391463
1.120679e-006,0.05085588
1.121079e-006,0.04520897
1.121479e-006,0.04215023
1.121879e-006,0.04403253
1.122279e-006,0.04944416
1.122679e-006,0.05262054
1.123079e-006,0.04909122
1.123479e-006,0.04085615
1.123879e-006,0.03520924
1.124279e-006,0.03685625
1.124679e-006,0.04509133
1.125079e-006,0.0525029
1.125479e-006,0.05238525
1.125879e-006,0.04626777
1.126279e-006,0.04003264
1.126679e-006,0.03967971
1.127079e-006,0.04509133
1.127479e-006,0.05085588
1.127879e-006,0.05156175
1.128279e-006,0.04685599
1.128679e-006,0.04109143
1.129079e-006,0.03767976
1.129479e-006,0.03791505
1.129879e-006,0.03897384
1.130279e-006,0.04097379
1.130679e-006,0.04262081
1.131079e-006,0.04462075
1.131479e-006,0.04603248
1.131879e-006,0.04720892
1.132279e-006,0.04815007
1.132679e-006,0.05050295
1.133079e-006,0.05156175
1.133479e-006,0.05085588
1.133879e-006,0.04732656
1.134279e-006,0.04356196
1.134679e-006,0.04215023
1.135079e-006,0.04450311
1.135479e-006,0.04873829
1.135879e-006,0.05179703
1.136279e-006,0.0506206
1.136679e-006,0.04744421
1.137079e-006,0.04567955
1.137479e-006,0.04626777
1.137879e-006,0.04756185
1.138279e-006,0.048503
1.138679e-006,0.05026766
1.139079e-006,0.05379698
1.139479e-006,0.05709101
1.139879e-006,0.05720866
1.140279e-006,0.05344405
1.140679e-006,0.0476795
1.141079e-006,0.04332667
1.141479e-006,0.04191494
1.141879e-006,0.04262081
1.142279e-006,0.04462075
1.142679e-006,0.04685599
1.143079e-006,0.04932651
1.143479e-006,0.05097353
1.143879e-006,0.0506206
1.144279e-006,0.04826772
1.144679e-006,0.04567955
1.145079e-006,0.04379725
1.145479e-006,0.04332667
1.145879e-006,0.04450311
1.146279e-006,0.04650306
1.146679e-006,0.04909122
1.147079e-006,0.05214997
1.147479e-006,0.05379698
1.147879e-006,0.05285583
1.148279e-006,0.04979709
1.148679e-006,0.04709128
1.149079e-006,0.04638541
1.149479e-006,0.0466207
1.149879e-006,0.04673834
1.150279e-006,0.04544426
1.150679e-006,0.04462075
1.151079e-006,0.04603248
1.151479e-006,0.048503
1.151879e-006,0.05015002
1.152279e-006,0.05038531
1.152679e-006,0.04920887
1.153079e-006,0.04815007
1.153479e-006,0.04838536
1.153879e-006,0.04909122
1.154279e-006,0.04897358
1.154679e-006,0.04779714
1.155079e-006,0.04756185
1.155479e-006,0.04897358
1.155879e-006,0.05226761
1.156279e-006,0.05485578
1.156679e-006,0.05509107
1.157079e-006,0.05262054
1.157479e-006,0.04991473
1.157879e-006,0.04873829
1.158279e-006,0.04991473
1.158679e-006,0.05214997
1.159079e-006,0.05426756
1.159479e-006,0.05356169
1.159879e-006,0.0514441
1.160279e-006,0.05026766
1.160679e-006,0.0506206
1.161079e-006,0.05191468
1.161479e-006,0.05226761
1.161879e-006,0.05097353
1.162279e-006,0.04920887
1.162679e-006,0.04756185
1.163079e-006,0.04732656
1.163479e-006,0.04826772
1.163879e-006,0.05003238
1.164279e-006,0.05156175
1.164679e-006,0.05097353
1.165079e-006,0.048503
1.165479e-006,0.04462075
1.165879e-006,0.04144437
1.166279e-006,0.04132672
1.166679e-006,0.04379725
1.167079e-006,0.04603248
1.167479e-006,0.04650306
1.167879e-006,0.04626777
1.168279e-006,0.04720892
1.168679e-006,0.05050295
1.169079e-006,0.05520871
1.169479e-006,0.05826745
1.169879e-006,0.05791452
1.170279e-006,0.05591457
1.170679e-006,0.05226761
1.171079e-006,0.05026766
1.171479e-006,0.0506206
1.171879e-006,0.05262054
1.172279e-006,0.05426756
1.172679e-006,0.0543852
1.173079e-006,0.0514441
1.173479e-006,0.04756185
1.173879e-006,0.04732656
1.174279e-006,0.05167939
1.174679e-006,0.05697337
1.175079e-006,0.05956154
1.175479e-006,0.05756159
1.175879e-006,0.05273819
1.176279e-006,0.0476795
1.176679e-006,0.04485604
1.177079e-006,0.04509133
1.177479e-006,0.04615012
1.177879e-006,0.04626777
1.178279e-006,0.04626777
1.178679e-006,0.04520897
1.179079e-006,0.04532662
1.179479e-006,0.04673834
1.179879e-006,0.0476795
1.180279e-006,0.04615012
1.180679e-006,0.04356196
1.181079e-006,0.04344431
1.181479e-006,0.04756185
1.181879e-006,0.05462049
1.182279e-006,0.0602674
1.182679e-006,0.06097326
1.183079e-006,0.05744395
1.183479e-006,0.05273819
1.183879e-006,0.04920887
1.184279e-006,0.04615012
1.184679e-006,0.04438547
1.185079e-006,0.04450311
1.185479e-006,0.0466207
1.185879e-006,0.04826772
1.186279e-006,0.04803243
1.186679e-006,0.04650306
1.187079e-006,0.04567955
1.187479e-006,0.04720892
1.187879e-006,0.04967944
1.188279e-006,0.0476795
1.188679e-006,0.04215023
1.189079e-006,0.03803269
1.189479e-006,0.03956206
1.189879e-006,0.04720892
1.190279e-006,0.05403227
1.190679e-006,0.05379698
1.191079e-006,0.0476795
1.191479e-006,0.04226787
1.191879e-006,0.04250316
1.192279e-006,0.04685599
1.192679e-006,0.04967944
1.193079e-006,0.04838536
1.193479e-006,0.04520897
1.193879e-006,0.04391489
1.194279e-006,0.04626777
1.194679e-006,0.048503
1.195079e-006,0.04815007
1.195479e-006,0.04532662
1.195879e-006,0.04309138
1.196279e-006,0.04262081
1.196679e-006,0.04297374
1.197079e-006,0.04403253
1.197479e-006,0.04615012
1.197879e-006,0.04944416
1.198279e-006,0.05379698
1.198679e-006,0.05697337
1.199079e-006,0.05650279
1.199479e-006,0.05344405
1.199879e-006,0.05120882
1.200279e-006,0.0506206
1.200679e-006,0.0506206
1.201079e-006,0.04944416
1.201479e-006,0.04720892
1.201879e-006,0.04685599
1.202279e-006,0.05050295
1.202679e-006,0.05591457
1.203079e-006,0.05814981
1.203479e-006,0.05332641
1.203879e-006,0.04332667
1.204279e-006,0.03450337
1.204679e-006,0.03250343
1.205079e-006,0.03744447
1.205479e-006,0.04438547
1.205879e-006,0.048503
1.206279e-006,0.0495618
1.206679e-006,0.05050295
1.207079e-006,0.05450285
1.207479e-006,0.0583851
1.207879e-006,0.05744395
1.208279e-006,0.05097353
1.208679e-006,0.04238552
1.209079e-006,0.03685625
1.209479e-006,0.03709154
1.209879e-006,0.03909149
1.210279e-006,0.04109143
1.210679e-006,0.04285609
1.211079e-006,0.04638541
1.211479e-006,0.05226761
1.211879e-006,0.05744395
1.212279e-006,0.0573263
1.212679e-006,0.05214997
1.213079e-006,0.04732656
1.213479e-006,0.04744421
1.213879e-006,0.05238525
1.214279e-006,0.05673808
1.214679e-006,0.05709101
1.215079e-006,0.05520871
1.215479e-006,0.05367934
1.215879e-006,0.05473813
1.216279e-006,0.05673808
1.216679e-006,0.05685573
1.217079e-006,0.0525029
1.217479e-006,0.04638541
1.217879e-006,0.04203259
1.218279e-006,0.04097379
1.218679e-006,0.04403253
1.219079e-006,0.04932651
1.219479e-006,0.05414991
1.219879e-006,0.05638515
1.220279e-006,0.05473813
1.220679e-006,0.05073824
1.221079e-006,0.04673834
1.221479e-006,0.04591484
1.221879e-006,0.04673834
1.222279e-006,0.04909122
1.222679e-006,0.04932651
1.223079e-006,0.04626777
1.223479e-006,0.04226787
1.223879e-006,0.04038557
1.224279e-006,0.04415018
1.224679e-006,0.05203232
1.225079e-006,0.05756159
1.225479e-006,0.05697337
1.225879e-006,0.05085588
1.226279e-006,0.04544426
1.226679e-006,0.04520897
1.227079e-006,0.04920887
1.227479e-006,0.05226761
1.227879e-006,0.05109117
1.228279e-006,0.04803243
1.228679e-006,0.04697363
1.229079e-006,0.04803243
1.229479e-006,0.05015002
1.229879e-006,0.05132646
1.230279e-006,0.05203232
1.230679e-006,0.05320876
1.231079e-006,0.05367934
1.231479e-006,0.0525029
1.231879e-006,0.04920887
1.232279e-006,0.04626777
1.232679e-006,0.04591484
1.233079e-006,0.04732656
1.233479e-006,0.04815007
1.233879e-006,0.04720892
1.234279e-006,0.0447384
1.234679e-006,0.04250316
1.235079e-006,0.04238552
1.235479e-006,0.04332667
1.235879e-006,0.04520897
1.236279e-006,0.04779714
1.236679e-006,0.0495618
1.237079e-006,0.05120882
1.237479e-006,0.05320876
1.237879e-006,0.05603222
1.238279e-006,0.05897332
1.238679e-006,0.06097326
1.239079e-006,0.05932625
1.239479e-006,0.05426756
1.239879e-006,0.04838536
1.240279e-006,0.0436796
1.240679e-006,0.0417973
1.241079e-006,0.04320903
1.241479e-006,0.04603248
1.241879e-006,0.04756185
1.242279e-006,0.04838536
1.242679e-006,0.0495618
1.243079e-006,0.05262054
1.243479e-006,0.05650279
1.243879e-006,0.05803216
1.244279e-006,0.05614986
1.244679e-006,0.05120882
1.245079e-006,0.04603248
1.245479e-006,0.04356196
1.245879e-006,0.04297374
1.246279e-006,0.04250316
1.246679e-006,0.04262081
1.247079e-006,0.04591484
1.247479e-006,0.05109117
1.247879e-006,0.05744395
1.248279e-006,0.06120855
1.248679e-006,0.05956154
1.249079e-006,0.05367934
1.249479e-006,0.04838536
1.249879e-006,0.04803243
1.250279e-006,0.0525029
1.250679e-006,0.05720866
1.251079e-006,0.05791452
1.251479e-006,0.05309112
1.251879e-006,0.04756185
1.252279e-006,0.04603248
1.252679e-006,0.04697363
1.253079e-006,0.04815007
1.253479e-006,0.04720892
1.253879e-006,0.04462075
1.254279e-006,0.0436796
1.254679e-006,0.04862065
1.255079e-006,0.05720866
1.255479e-006,0.06379672
1.255879e-006,0.06462023
1.256279e-006,0.06062033
1.256679e-006,0.05450285
1.257079e-006,0.04862065
1.257479e-006,0.04497369
1.257879e-006,0.04297374
1.258279e-006,0.04167965
1.258679e-006,0.04203259
1.259079e-006,0.04344431
1.259479e-006,0.04485604
1.259879e-006,0.0476795
1.260279e-006,0.05226761
1.260679e-006,0.05779688
1.261079e-006,0.0621497
1.261479e-006,0.06379672
1.261879e-006,0.06120855
1.262279e-006,0.05485578
1.262679e-006,0.04673834
1.263079e-006,0.03862091
1.263479e-006,0.03320929
1.263879e-006,0.03332693
1.264279e-006,0.03909149
1.264679e-006,0.04779714
1.265079e-006,0.05309112
1.265479e-006,0.05262054
1.265879e-006,0.0476795
1.266279e-006,0.04332667
1.266679e-006,0.04520897
1.267079e-006,0.05214997
1.267479e-006,0.05650279
1.267879e-006,0.05414991
1.268279e-006,0.04756185
1.268679e-006,0.04332667
1.269079e-006,0.04685599
1.269479e-006,0.05556164
1.269879e-006,0.06144384
1.270279e-006,0.05944389
1.270679e-006,0.05003238
1.271079e-006,0.04038557
1.271479e-006,0.0359151
1.271879e-006,0.03897384
1.272279e-006,0.04756185
1.272679e-006,0.05697337
1.273079e-006,0.06297321
1.273479e-006,0.0632085
1.273879e-006,0.05814981
1.274279e-006,0.04979709
1.274679e-006,0.04109143
1.275079e-006,0.03720918
1.275479e-006,0.04015028
1.275879e-006,0.04720892
1.276279e-006,0.05391463
1.276679e-006,0.05520871
1.277079e-006,0.0506206
1.277479e-006,0.04520897
1.277879e-006,0.04309138
1.278279e-006,0.04685599
1.278679e-006,0.05191468
1.279079e-006,0.05450285
1.279479e-006,0.05450285
1.279879e-006,0.05344405
1.280279e-006,0.05403227
1.280679e-006,0.05744395
1.281079e-006,0.05979682
1.281479e-006,0.05897332
1.281879e-006,0.05509107
1.282279e-006,0.05120882
1.282679e-006,0.04967944
1.283079e-006,0.0506206
1.283479e-006,0.05132646
1.283879e-006,0.05038531
1.284279e-006,0.04897358
1.284679e-006,0.048503
1.285079e-006,0.04897358
1.285479e-006,0.04932651
1.285879e-006,0.04885594
1.286279e-006,0.04873829
1.286679e-006,0.04932651
1.287079e-006,0.0506206
1.287479e-006,0.04897358
1.287879e-006,0.04415018
1.288279e-006,0.03897384
1.288679e-006,0.0388562
1.289079e-006,0.0447384
1.289479e-006,0.05156175
1.289879e-006,0.05344405
1.290279e-006,0.04815007
1.290679e-006,0.04026793
1.291079e-006,0.0377974
1.291479e-006,0.04250316
1.291879e-006,0.04979709
1.292279e-006,0.05579693
1.292679e-006,0.05720866
1.293079e-006,0.05403227
1.293479e-006,0.04967944
1.293879e-006,0.04579719
1.294279e-006,0.04273845
1.294679e-006,0.04191494
1.295079e-006,0.04426782
1.295479e-006,0.04803243
1.295879e-006,0.05191468
1.296279e-006,0.05414991
1.296679e-006,0.0543852
1.297079e-006,0.05344405
1.297479e-006,0.05167939
1.297879e-006,0.05003238
1.298279e-006,0.05015002
1.298679e-006,0.05109117
1.299079e-006,0.05379698
1.299479e-006,0.0573263
1.299879e-006,0.06062033
1.300279e-006,0.05967918
1.300679e-006,0.055444
1.301079e-006,0.0506206
1.301479e-006,0.04920887
1.301879e-006,0.05132646
1.302279e-006,0.05462049
1.302679e-006,0.05638515
1.303079e-006,0.05591457
1.303479e-006,0.05309112
1.303879e-006,0.04815007
1.304279e-006,0.04238552
1.304679e-006,0.04038557
1.305079e-006,0.04509133
1.305479e-006,0.055444
1.305879e-006,0.06414965
1.306279e-006,0.06473787
1.306679e-006,0.05803216
1.307079e-006,0.05050295
1.307479e-006,0.04838536
1.307879e-006,0.05085588
1.308279e-006,0.05097353
1.308679e-006,0.04626777
1.309079e-006,0.04026793
1.309479e-006,0.04097379
1.309879e-006,0.048503
1.310279e-006,0.05579693
1.310679e-006,0.0573263
1.311079e-006,0.05579693
1.311479e-006,0.05473813
1.311879e-006,0.05685573
1.312279e-006,0.05803216
1.312679e-006,0.05367934
1.313079e-006,0.04567955
1.313479e-006,0.04050321
1.313879e-006,0.04332667
1.314279e-006,0.0525029
1.314679e-006,0.06050269
1.315079e-006,0.0613262
1.315479e-006,0.05673808
1.315879e-006,0.05156175
1.316279e-006,0.04885594
1.316679e-006,0.04932651
1.317079e-006,0.05120882
1.317479e-006,0.05262054
1.317879e-006,0.05297347
1.318279e-006,0.05262054
1.318679e-006,0.05167939
1.319079e-006,0.05050295
1.319479e-006,0.04826772
1.319879e-006,0.04615012
1.320279e-006,0.04544426
1.320679e-006,0.04709128
1.321079e-006,0.05073824
1.321479e-006,0.05520871
1.321879e-006,0.05720866
1.322279e-006,0.05473813
1.322679e-006,0.04873829
1.323079e-006,0.04297374
1.323479e-006,0.04262081
1.323879e-006,0.04862065
1.324279e-006,0.05462049
1.324679e-006,0.05709101
1.325079e-006,0.05497342
1.325479e-006,0.05109117
1.325879e-006,0.0476795
1.326279e-006,0.04638541
1.326679e-006,0.04615012
1.327079e-006,0.04626777
1.327479e-006,0.04732656
1.327879e-006,0.05015002
1.328279e-006,0.05344405
1.328679e-006,0.05532635
1.329079e-006,0.05591457
1.329479e-006,0.05309112
1.329879e-006,0.04567955
1.330279e-006,0.03826798
1.330679e-006,0.03450337
1.331079e-006,0.03744447
1.331479e-006,0.04509133
1.331879e-006,0.05226761
1.332279e-006,0.05309112
1.332679e-006,0.04779714
1.333079e-006,0.04167965
1.333479e-006,0.03967971
1.333879e-006,0.04320903
1.334279e-006,0.04991473
1.334679e-006,0.0525029
1.335079e-006,0.04885594
1.335479e-006,0.04297374
1.335879e-006,0.04085615
1.336279e-006,0.04485604
1.336679e-006,0.05273819
1.337079e-006,0.05897332
1.337479e-006,0.05803216
1.337879e-006,0.05038531
1.338279e-006,0.04273845
1.338679e-006,0.04191494
1.339079e-006,0.04944416
1.339479e-006,0.05991447
1.339879e-006,0.06532609
1.340279e-006,0.06191442
1.340679e-006,0.05391463
1.341079e-006,0.04779714
1.341479e-006,0.04779714
1.341879e-006,0.0525029
1.342279e-006,0.0573263
1.342679e-006,0.05720866
1.343079e-006,0.05285583
1.343479e-006,0.04791478
1.343879e-006,0.04579719
1.344279e-006,0.04756185
1.344679e-006,0.05050295
1.345079e-006,0.05038531
1.345479e-006,0.04697363
1.345879e-006,0.04320903
1.346279e-006,0.04309138
1.346679e-006,0.04803243
1.347079e-006,0.05403227
1.347479e-006,0.05462049
1.347879e-006,0.04932651
1.348279e-006,0.04144437
1.348679e-006,0.03815034
1.349079e-006,0.04344431
1.349479e-006,0.05344405
1.349879e-006,0.0602674
1.350279e-006,0.05979682
1.350679e-006,0.055444
1.351079e-006,0.05238525
1.351479e-006,0.0525029
1.351879e-006,0.05320876
1.352279e-006,0.05120882
1.352679e-006,0.04838536
1.353079e-006,0.04815007
1.353479e-006,0.05273819
1.353879e-006,0.05803216
1.354279e-006,0.06003211
1.354679e-006,0.05897332
1.355079e-006,0.05709101
1.355479e-006,0.05626751
1.355879e-006,0.055444
1.356279e-006,0.05320876
1.356679e-006,0.0506206
1.357079e-006,0.04932651
1.357479e-006,0.0506206
1.357879e-006,0.05132646
1.358279e-006,0.05026766
1.358679e-006,0.04826772
1.359079e-006,0.04803243
1.359479e-006,0.05226761
1.359879e-006,0.05909096
1.360279e-006,0.06226735
1.360679e-006,0.05862038
1.361079e-006,0.05073824
1.361479e-006,0.04509133
1.361879e-006,0.0447384
1.362279e-006,0.04732656
1.362679e-006,0.04756185
1.363079e-006,0.04462075
1.363479e-006,0.04215023
1.363879e-006,0.04426782
1.364279e-006,0.05262054
1.364679e-006,0.06226735
1.365079e-006,0.06767897
1.365479e-006,0.06544373
1.365879e-006,0.05673808
1.366279e-006,0.04556191
1.366679e-006,0.03732683
1.367079e-006,0.03497395
1.367479e-006,0.03932678
1.367879e-006,0.04815007
1.368279e-006,0.05556164
1.368679e-006,0.0583851
1.369079e-006,0.05720866
1.369479e-006,0.05567929
1.369879e-006,0.05414991
1.370279e-006,0.05320876
1.370679e-006,0.05085588
1.371079e-006,0.04673834
1.371479e-006,0.04309138
1.371879e-006,0.04238552
1.372279e-006,0.04509133
1.372679e-006,0.0506206
1.373079e-006,0.05579693
1.373479e-006,0.0583851
1.373879e-006,0.05709101
1.374279e-006,0.05214997
1.374679e-006,0.04650306
1.375079e-006,0.04356196
1.375479e-006,0.04462075
1.375879e-006,0.04909122
1.376279e-006,0.05403227
1.376679e-006,0.05650279
1.377079e-006,0.05414991
1.377479e-006,0.04979709
1.377879e-006,0.04626777
1.378279e-006,0.04615012
1.378679e-006,0.04862065
1.379079e-006,0.05132646
1.379479e-006,0.05344405
1.379879e-006,0.05356169
1.380279e-006,0.05309112
1.380679e-006,0.05379698
1.381079e-006,0.05520871
1.381479e-006,0.05638515
1.381879e-006,0.05473813
1.382279e-006,0.04991473
1.382679e-006,0.04497369
1.383079e-006,0.04332667
1.383479e-006,0.04791478
1.383879e-006,0.05532635
1.384279e-006,0.05991447
1.384679e-006,0.05803216
1.385079e-006,0.0525029
1.385479e-006,0.04838536
1.385879e-006,0.04885594
1.386279e-006,0.05379698
1.386679e-006,0.05626751
1.387079e-006,0.05297347
1.387479e-006,0.04544426
1.387879e-006,0.04062086
1.388279e-006,0.04250316
1.388679e-006,0.04873829
1.389079e-006,0.0543852
1.389479e-006,0.05744395
1.389879e-006,0.05591457
1.390279e-006,0.05344405
1.390679e-006,0.05226761
1.391079e-006,0.05226761
1.391479e-006,0.05297347
1.391879e-006,0.05403227
1.392279e-006,0.05497342
1.392679e-006,0.05532635
1.393079e-006,0.05450285
1.393479e-006,0.05285583
1.393879e-006,0.05132646
1.394279e-006,0.05003238
1.394679e-006,0.04897358
1.395079e-006,0.04744421
1.395479e-006,0.04532662
1.395879e-006,0.04462075
1.396279e-006,0.04650306
1.396679e-006,0.05085588
1.397079e-006,0.05379698
1.397479e-006,0.05285583
1.397879e-006,0.04944416
1.398279e-006,0.04697363
1.398679e-006,0.04838536
1.399079e-006,0.05273819
1.399479e-006,0.05414991
1.399879e-006,0.05073824
1.400279e-006,0.04697363
1.400679e-006,0.04862065
1.401079e-006,0.05603222
1.401479e-006,0.06497316
1.401879e-006,0.06709075
1.402279e-006,0.05779688
1.402679e-006,0.04356196
1.403079e-006,0.03462102
1.403479e-006,0.03673861
1.403879e-006,0.04603248
1.404279e-006,0.05450285
1.404679e-006,0.05603222
1.405079e-006,0.0514441
1.405479e-006,0.04626777
1.405879e-006,0.04238552
1.406279e-006,0.04038557
1.406679e-006,0.03944442
1.407079e-006,0.04038557
1.407479e-006,0.04497369
1.407879e-006,0.05109117
1.408279e-006,0.05603222
1.408679e-006,0.05909096
1.409079e-006,0.05991447
1.409479e-006,0.05944389
1.409879e-006,0.05897332
1.410279e-006,0.05826745
1.410679e-006,0.05520871
1.411079e-006,0.0514441
1.411479e-006,0.04803243
1.411879e-006,0.04532662
1.412279e-006,0.04238552
1.412679e-006,0.04015028
1.413079e-006,0.04085615
1.413479e-006,0.04579719
1.413879e-006,0.05226761
1.414279e-006,0.05485578
1.414679e-006,0.05226761
1.415079e-006,0.04732656
1.415479e-006,0.04403253
1.415879e-006,0.04509133
1.416279e-006,0.04732656
1.416679e-006,0.04838536
1.417079e-006,0.04932651
1.417479e-006,0.05085588
1.417879e-006,0.05520871
1.418279e-006,0.05932625
1.418679e-006,0.05944389
1.419079e-006,0.05662044
1.419479e-006,0.05367934
1.419879e-006,0.05238525
1.420279e-006,0.05273819
1.420679e-006,0.05309112
1.421079e-006,0.05320876
1.421479e-006,0.05226761
1.421879e-006,0.05015002
1.422279e-006,0.04697363
1.422679e-006,0.04191494
1.423079e-006,0.03838562
1.423479e-006,0.0407385
1.423879e-006,0.04826772
1.424279e-006,0.05497342
1.424679e-006,0.05638515
1.425079e-006,0.05226761
1.425479e-006,0.04967944
1.425879e-006,0.05379698
1.426279e-006,0.06438494
1.426679e-006,0.07073771
1.427079e-006,0.06556138
1.427479e-006,0.05073824
1.427879e-006,0.03509159
1.428279e-006,0.02838589
1.428679e-006,0.03379751
1.429079e-006,0.04532662
1.429479e-006,0.05356169
1.429879e-006,0.05579693
1.430279e-006,0.05344405
1.430679e-006,0.05179703
1.431079e-006,0.05320876
1.431479e-006,0.05450285
1.431879e-006,0.05367934
1.432279e-006,0.05015002
1.432679e-006,0.04650306
1.433079e-006,0.04520897
1.433479e-006,0.04779714
1.433879e-006,0.05191468
1.434279e-006,0.05367934
1.434679e-006,0.05179703
1.435079e-006,0.0476795
1.435479e-006,0.0447384
1.435879e-006,0.0447384
1.436279e-006,0.04756185
1.436679e-006,0.05073824
1.437079e-006,0.05179703
1.437479e-006,0.05073824
1.437879e-006,0.04862065
1.438279e-006,0.0476795
1.438679e-006,0.04650306
1.439079e-006,0.04603248
1.439479e-006,0.04603248
1.439879e-006,0.04638541
1.440279e-006,0.04626777
1.440679e-006,0.04520897
1.441079e-006,0.04426782
1.441479e-006,0.04532662
1.441879e-006,0.04909122
1.442279e-006,0.05285583
1.442679e-006,0.05426756
1.443079e-006,0.05285583
1.443479e-006,0.05073824
1.443879e-006,0.05026766
1.444279e-006,0.05167939
1.444679e-006,0.05403227
1.445079e-006,0.05509107
1.445479e-006,0.05285583
1.445879e-006,0.04920887
1.446279e-006,0.04697363
1.446679e-006,0.0476795
1.447079e-006,0.05156175
1.447479e-006,0.05520871
1.447879e-006,0.05614986
1.448279e-006,0.05297347
1.448679e-006,0.0466207
1.449079e-006,0.04156201
1.449479e-006,0.04332667
1.449879e-006,0.05109117
1.450279e-006,0.05909096
1.450679e-006,0.06073798
1.451079e-006,0.05344405
1.451479e-006,0.04297374
1.451879e-006,0.03862091
1.452279e-006,0.04262081
1.452679e-006,0.05097353
1.453079e-006,0.05556164
1.453479e-006,0.05367934
1.453879e-006,0.04862065
1.454279e-006,0.04591484
1.454679e-006,0.04756185
1.455079e-006,0.05120882
1.455479e-006,0.05309112
1.455879e-006,0.05273819
1.456279e-006,0.05120882
1.456679e-006,0.05038531
1.457079e-006,0.05015002
1.457479e-006,0.04932651
1.457879e-006,0.04920887
1.458279e-006,0.05132646
1.458679e-006,0.05650279
1.459079e-006,0.06050269
1.459479e-006,0.06073798
1.459879e-006,0.05767923
1.460279e-006,0.05332641
1.460679e-006,0.05120882
1.461079e-006,0.05273819
1.461479e-006,0.05662044
1.461879e-006,0.05862038
1.462279e-006,0.05650279
1.462679e-006,0.04920887
1.463079e-006,0.04003264
1.463479e-006,0.03391515
1.463879e-006,0.03544452
1.464279e-006,0.04415018
1.464679e-006,0.05238525
1.465079e-006,0.05356169
1.465479e-006,0.04909122
1.465879e-006,0.04403253
1.466279e-006,0.04497369
1.466679e-006,0.05156175
1.467079e-006,0.05779688
1.467479e-006,0.05791452
1.467879e-006,0.05191468
1.468279e-006,0.04379725
1.468679e-006,0.03956206
1.469079e-006,0.04109143
1.469479e-006,0.04685599
1.469879e-006,0.05403227
1.470279e-006,0.05791452
1.470679e-006,0.05520871
1.471079e-006,0.04673834
1.471479e-006,0.03720918
1.471879e-006,0.03273871
1.472279e-006,0.03520924
1.472679e-006,0.04250316
1.473079e-006,0.05003238
1.473479e-006,0.05367934
1.473879e-006,0.0525029
1.474279e-006,0.05038531
1.474679e-006,0.0506206
1.475079e-006,0.05297347
1.475479e-006,0.055444
1.475879e-006,0.05520871
1.476279e-006,0.05097353
1.476679e-006,0.04426782
1.477079e-006,0.039915
1.477479e-006,0.04203259
1.477879e-006,0.04803243
1.478279e-006,0.05356169
1.478679e-006,0.05414991
1.479079e-006,0.04979709
1.479479e-006,0.0436796
1.479879e-006,0.04062086
1.480279e-006,0.04226787
1.480679e-006,0.04697363
1.481079e-006,0.05179703
1.481479e-006,0.05426756
1.481879e-006,0.05403227
1.482279e-006,0.05238525
1.482679e-006,0.05085588
1.483079e-006,0.0514441
1.483479e-006,0.05356169
1.483879e-006,0.05462049
1.484279e-006,0.0514441
1.484679e-006,0.04509133
1.485079e-006,0.03967971
1.485479e-006,0.03897384
1.485879e-006,0.04273845
1.486279e-006,0.04756185
1.486679e-006,0.04944416
1.487079e-006,0.04791478
1.487479e-006,0.04497369
1.487879e-006,0.04450311
1.488279e-006,0.04591484
1.488679e-006,0.04756185
1.489079e-006,0.04862065
1.489479e-006,0.05050295
1.489879e-006,0.05356169
1.490279e-006,0.05720866
1.490679e-006,0.05862038
1.491079e-006,0.05556164
1.491479e-006,0.04967944
1.491879e-006,0.04556191
1.492279e-006,0.04462075
1.492679e-006,0.04709128
1.493079e-006,0.05003238
1.493479e-006,0.04991473
1.493879e-006,0.04650306
1.494279e-006,0.04250316
1.494679e-006,0.04120908
1.495079e-006,0.0447384
1.495479e-006,0.05003238
1.495879e-006,0.05356169
1.496279e-006,0.05273819
1.496679e-006,0.04862065
1.497079e-006,0.04426782
1.497479e-006,0.04297374
1.497879e-006,0.04485604
1.498279e-006,0.0476795
1.498679e-006,0.04909122
1.499079e-006,0.04779714
1.499479e-006,0.04520897
1.499879e-006,0.04462075
1.500279e-006,0.04626777
1.500679e-006,0.04932651
1.501079e-006,0.05297347
1.501479e-006,0.05614986
1.501879e-006,0.05709101
1.502279e-006,0.05567929
1.502679e-006,0.05285583
1.503079e-006,0.05073824
1.503479e-006,0.04909122
1.503879e-006,0.04826772
1.504279e-006,0.04626777
1.504679e-006,0.04203259
1.505079e-006,0.03650332
1.505479e-006,0.032974
1.505879e-006,0.032974
1.506279e-006,0.03685625
1.506679e-006,0.0436796
1.507079e-006,0.05097353
1.507479e-006,0.05603222
1.507879e-006,0.05850274
1.508279e-006,0.05850274
1.508679e-006,0.05650279
1.509079e-006,0.05226761
1.509479e-006,0.0476795
1.509879e-006,0.04497369
1.510279e-006,0.04497369
1.510679e-006,0.04626777
1.511079e-006,0.04932651
1.511479e-006,0.05156175
1.511879e-006,0.05285583
1.512279e-006,0.05450285
1.512679e-006,0.05744395
1.513079e-006,0.06109091
1.513479e-006,0.06309086
1.513879e-006,0.06109091
1.514279e-006,0.05638515
1.514679e-006,0.05073824
1.515079e-006,0.04885594
1.515479e-006,0.0514441
1.515879e-006,0.05567929
1.516279e-006,0.05697337
1.516679e-006,0.05379698
1.517079e-006,0.04626777
1.517479e-006,0.04003264
1.517879e-006,0.039915
1.518279e-006,0.04403253
1.518679e-006,0.04744421
1.519079e-006,0.04826772
1.519479e-006,0.04673834
1.519879e-006,0.04603248
1.520279e-006,0.04862065
1.520679e-006,0.05179703
1.521079e-006,0.05156175
1.521479e-006,0.04862065
1.521879e-006,0.04520897
1.522279e-006,0.04379725
1.522679e-006,0.04544426
1.523079e-006,0.04897358
1.523479e-006,0.05156175
1.523879e-006,0.05379698
1.524279e-006,0.05650279
1.524679e-006,0.05791452
1.525079e-006,0.05662044
1.525479e-006,0.05203232
1.525879e-006,0.04791478
1.526279e-006,0.04862065
1.526679e-006,0.05391463
1.527079e-006,0.06038504
1.527479e-006,0.06273792
1.527879e-006,0.06003211
1.528279e-006,0.05556164
1.528679e-006,0.05320876
1.529079e-006,0.0525029
1.529479e-006,0.05191468
1.529879e-006,0.04909122
1.530279e-006,0.04497369
1.530679e-006,0.04238552
1.531079e-006,0.04226787
1.531479e-006,0.04403253
1.531879e-006,0.04532662
1.532279e-006,0.04544426
1.532679e-006,0.04450311
1.533079e-006,0.04238552
1.533479e-006,0.04132672
1.533879e-006,0.04273845
1.534279e-006,0.0447384
1.534679e-006,0.04673834
1.535079e-006,0.04709128
1.535479e-006,0.04462075
1.535879e-006,0.04203259
1.536279e-006,0.04250316
1.536679e-006,0.04626777
1.537079e-006,0.05085588
1.537479e-006,0.05167939
1.537879e-006,0.04732656
1.538279e-006,0.04109143
1.538679e-006,0.03850327
1.539079e-006,0.04167965
1.539479e-006,0.04732656
1.539879e-006,0.0514441
1.540279e-006,0.0514441
1.540679e-006,0.04873829
1.541079e-006,0.04744421
1.541479e-006,0.04944416
1.541879e-006,0.05297347
1.542279e-006,0.05485578
1.542679e-006,0.05391463
1.543079e-006,0.05262054
1.543479e-006,0.05214997
1.543879e-006,0.05273819
1.544279e-006,0.05273819
1.544679e-006,0.0514441
1.545079e-006,0.05026766
1.545479e-006,0.05073824
1.545879e-006,0.05356169
1.546279e-006,0.05567929
1.546679e-006,0.05509107
1.547079e-006,0.05226761
1.547479e-006,0.04920887
1.547879e-006,0.04791478
1.548279e-006,0.04838536
1.548679e-006,0.048503
1.549079e-006,0.04709128
1.549479e-006,0.04567955
1.549879e-006,0.04556191
1.550279e-006,0.04720892
1.550679e-006,0.04920887
1.551079e-006,0.04885594
1.551479e-006,0.04709128
1.551879e-006,0.04567955
1.552279e-006,0.04685599
1.552679e-006,0.05085588
1.553079e-006,0.05509107
1.553479e-006,0.05744395
1.553879e-006,0.05638515
1.554279e-006,0.05156175
1.554679e-006,0.04462075
1.555079e-006,0.03967971
1.555479e-006,0.04050321
1.555879e-006,0.04638541
1.556279e-006,0.05167939
1.556679e-006,0.05167939
1.557079e-006,0.04603248
1.557479e-006,0.04026793
1.557879e-006,0.04144437
1.558279e-006,0.05003238
1.558679e-006,0.05991447
1.559079e-006,0.06391436
1.559479e-006,0.05991447
1.559879e-006,0.05356169
1.560279e-006,0.04920887
1.560679e-006,0.04885594
1.561079e-006,0.04991473
1.561479e-006,0.05015002
1.561879e-006,0.04991473
1.562279e-006,0.05003238
1.562679e-006,0.05038531
1.563079e-006,0.04991473
1.563479e-006,0.04838536
1.563879e-006,0.04650306
1.564279e-006,0.04591484
1.564679e-006,0.04756185
1.565079e-006,0.05015002
1.565479e-006,0.05238525
1.565879e-006,0.05297347
1.566279e-006,0.04991473
1.566679e-006,0.04297374
1.567079e-006,0.0359151
1.567479e-006,0.03309165
1.567879e-006,0.03709154
1.568279e-006,0.04509133
1.568679e-006,0.0525029
1.569079e-006,0.05414991
1.569479e-006,0.04979709
1.569879e-006,0.04356196
1.570279e-006,0.04026793
1.570679e-006,0.04109143
1.571079e-006,0.04379725
1.571479e-006,0.04532662
1.571879e-006,0.04415018
1.572279e-006,0.0417973
1.572679e-006,0.04120908
1.573079e-006,0.04438547
1.573479e-006,0.0495618
1.573879e-006,0.05426756
1.574279e-006,0.05709101
1.574679e-006,0.05567929
1.575079e-006,0.04967944
1.575479e-006,0.04109143
1.575879e-006,0.03438573
1.576279e-006,0.0340328
1.576679e-006,0.03944442
1.577079e-006,0.04591484
1.577479e-006,0.04967944
1.577879e-006,0.04920887
1.578279e-006,0.04732656
1.578679e-006,0.04626777
1.579079e-006,0.04638541
1.579479e-006,0.0466207
1.579879e-006,0.04685599
1.580279e-006,0.04709128
1.580679e-006,0.0476795
1.581079e-006,0.0495618
1.581479e-006,0.05179703
1.581879e-006,0.05520871
1.582279e-006,0.05897332
1.582679e-006,0.05991447
1.583079e-006,0.05685573
1.583479e-006,0.04967944
1.583879e-006,0.04191494
1.584279e-006,0.03815034
1.584679e-006,0.03967971
1.585079e-006,0.04532662
1.585479e-006,0.05085588
1.585879e-006,0.05262054
1.586279e-006,0.0506206
1.586679e-006,0.04650306
1.587079e-006,0.04379725
1.587479e-006,0.04438547
1.587879e-006,0.0476795
1.588279e-006,0.05085588
1.588679e-006,0.05179703
1.589079e-006,0.04979709
1.589479e-006,0.04638541
1.589879e-006,0.04285609
1.590279e-006,0.04120908
1.590679e-006,0.04132672
1.591079e-006,0.04391489
1.591479e-006,0.04779714
1.591879e-006,0.05191468
1.592279e-006,0.055444
1.592679e-006,0.05626751
1.593079e-006,0.05262054
1.593479e-006,0.0466207
1.593879e-006,0.04297374
1.594279e-006,0.04415018
1.594679e-006,0.0495618
1.595079e-006,0.05426756
1.595479e-006,0.05403227
1.595879e-006,0.04756185
1.596279e-006,0.04015028
1.596679e-006,0.0388562
1.597079e-006,0.04462075
1.597479e-006,0.05379698
1.597879e-006,0.06144384
1.598279e-006,0.06473787
1.598679e-006,0.06179677
1.599079e-006,0.055444
1.599479e-006,0.05050295
1.599879e-006,0.04873829
1.600279e-006,0.04791478
