LECROYWS4054HD,18796,Waveform
Segments,1,SegmentSize,5002
Segment,TrigTime,TimeSinceSegment1
#1,04-Sep-2025 14:52:55,0                 
Time,Ampl
-4.001492e-007,0.0070720094
-3.997492e-007,0.0076367004
-3.993492e-007,0.0077778731
-3.989492e-007,0.0073072973
-3.985492e-007,0.006554376
-3.981492e-007,0.0055191091
-3.977492e-007,0.0053308788
-3.973492e-007,0.0057543971
-3.969492e-007,0.0064602608
-3.965492e-007,0.0067896639
-3.961492e-007,0.007119067
-3.957492e-007,0.0074955276
-3.953492e-007,0.0079661035
-3.949492e-007,0.008248449
-3.945492e-007,0.0084366793
-3.941492e-007,0.008248449
-3.937492e-007,0.0076367004
-3.933492e-007,0.0075425852
-3.929492e-007,0.0077308156
-3.925492e-007,0.0079190459
-3.921492e-007,0.0075896428
-3.917492e-007,0.0067426063
-3.913492e-007,0.0062720305
-3.909492e-007,0.006554376
-3.905492e-007,0.0075425852
-3.901492e-007,0.0090484279
-3.897492e-007,0.0098954644
-3.893492e-007,0.0095660613
-3.889492e-007,0.0080131611
-3.885492e-007,0.0063661456
-3.881492e-007,0.0055191091
-3.877492e-007,0.0056132243
-3.873492e-007,0.0060838001
-3.869492e-007,0.0064132032
-3.865492e-007,0.0069308366
-3.861492e-007,0.0082013914
-3.857492e-007,0.0096601765
-3.853492e-007,0.010883674
-3.849492e-007,0.01017781
-3.845492e-007,0.007683758
-3.841492e-007,0.0053308788
-3.837492e-007,0.0049073606
-3.833492e-007,0.0066014336
-3.829492e-007,0.0086249096
-3.825492e-007,0.009377831
-3.821492e-007,0.0082955066
-3.817492e-007,0.0062720305
-3.813492e-007,0.0055191091
-3.809492e-007,0.006554376
-3.805492e-007,0.0086249096
-3.801492e-007,0.009942522
-3.797492e-007,0.0094248886
-3.793492e-007,0.0078719883
-3.789492e-007,0.0068837791
-3.785492e-007,0.0072602397
-3.781492e-007,0.0082955066
-3.777492e-007,0.0090013703
-3.773492e-007,0.0085307945
-3.769492e-007,0.0067426063
-3.765492e-007,0.0054720516
-3.761492e-007,0.0057073395
-3.757492e-007,0.0070249518
-3.753492e-007,0.0082013914
-3.749492e-007,0.0083896217
-3.745492e-007,0.0072602397
-3.741492e-007,0.0053779364
-3.737492e-007,0.0040132665
-3.733492e-007,0.0040132665
-3.729492e-007,0.0058485122
-3.725492e-007,0.0083896217
-3.721492e-007,0.010554271
-3.717492e-007,0.010648386
-3.713492e-007,0.0091425431
-3.709492e-007,0.007683758
-3.705492e-007,0.0074484701
-3.701492e-007,0.0082013914
-3.697492e-007,0.0090954855
-3.693492e-007,0.0094719462
-3.689492e-007,0.0096131189
-3.685492e-007,0.0094719462
-3.681492e-007,0.0091896007
-3.677492e-007,0.0086719672
-3.673492e-007,0.0081072762
-3.669492e-007,0.0083896217
-3.665492e-007,0.0095190037
-3.661492e-007,0.010507213
-3.657492e-007,0.010460155
-3.653492e-007,0.00881314
-3.649492e-007,0.0066014336
-3.645492e-007,0.0061779153
-3.641492e-007,0.0070720094
-3.637492e-007,0.00881314
-3.633492e-007,0.0094719462
-3.629492e-007,0.0090013703
-3.625492e-007,0.0073543549
-3.621492e-007,0.0058955698
-3.617492e-007,0.0051426485
-3.613492e-007,0.0058014546
-3.609492e-007,0.007683758
-3.605492e-007,0.0095660613
-3.601492e-007,0.010836616
-3.597492e-007,0.010224867
-3.593492e-007,0.0084837369
-3.589492e-007,0.0075896428
-3.585492e-007,0.0087660824
-3.581492e-007,0.010601328
-3.577492e-007,0.010413098
-3.573492e-007,0.0083425641
-3.569492e-007,0.0058014546
-3.565492e-007,0.0052838212
-3.561492e-007,0.0070720094
-3.557492e-007,0.009377831
-3.553492e-007,0.0098954644
-3.549492e-007,0.0087190248
-3.545492e-007,0.0067426063
-3.541492e-007,0.0067426063
-3.537492e-007,0.0080131611
-3.533492e-007,0.0086249096
-3.529492e-007,0.0077778731
-3.525492e-007,0.0057073395
-3.521492e-007,0.0050014757
-3.517492e-007,0.006554376
-3.513492e-007,0.0090013703
-3.509492e-007,0.010413098
-3.505492e-007,0.0097072341
-3.501492e-007,0.0081072762
-3.497492e-007,0.0075425852
-3.493492e-007,0.008248449
-3.489492e-007,0.0098013492
-3.485492e-007,0.010930731
-3.481492e-007,0.010460155
-3.477492e-007,0.0091896007
-3.473492e-007,0.0077308156
-3.469492e-007,0.0061308577
-3.465492e-007,0.005424994
-3.461492e-007,0.0059426274
-3.457492e-007,0.0075896428
-3.453492e-007,0.010271925
-3.449492e-007,0.01173071
-3.445492e-007,0.010507213
-3.441492e-007,0.0079190459
-3.437492e-007,0.0054720516
-3.433492e-007,0.0051897061
-3.429492e-007,0.0072131821
-3.425492e-007,0.0089072551
-3.421492e-007,0.0084837369
-3.417492e-007,0.0067896639
-3.413492e-007,0.0055661667
-3.409492e-007,0.0062249729
-3.405492e-007,0.0082013914
-3.401492e-007,0.01017781
-3.397492e-007,0.0099895796
-3.393492e-007,0.0080131611
-3.389492e-007,0.0066014336
-3.385492e-007,0.0068367215
-3.381492e-007,0.0082955066
-3.377492e-007,0.0095190037
-3.373492e-007,0.0092366582
-3.369492e-007,0.0082013914
-3.365492e-007,0.0075425852
-3.361492e-007,0.0071661246
-3.357492e-007,0.007683758
-3.353492e-007,0.0092837158
-3.349492e-007,0.010554271
-3.345492e-007,0.010648386
-3.341492e-007,0.0095190037
-3.337492e-007,0.007119067
-3.333492e-007,0.0044838423
-3.329492e-007,0.0038720937
-3.325492e-007,0.0058485122
-3.321492e-007,0.0090954855
-3.317492e-007,0.011213077
-3.313492e-007,0.010883674
-3.309492e-007,0.0079190459
-3.305492e-007,0.0045779575
-3.301492e-007,0.0036368058
-3.297492e-007,0.0057073395
-3.293492e-007,0.010318983
-3.289492e-007,0.013801244
-3.285492e-007,0.013660071
-3.281492e-007,0.0096601765
-3.277492e-007,0.0046250151
-3.273492e-007,0.0022250783
-3.269492e-007,0.0039662089
-3.265492e-007,0.0081072762
-3.261492e-007,0.011118962
-3.257492e-007,0.010648386
-3.253492e-007,0.0073543549
-3.249492e-007,0.0041544392
-3.245492e-007,0.0033544603
-3.241492e-007,0.0062720305
-3.237492e-007,0.010648386
-3.233492e-007,0.013707129
-3.229492e-007,0.013754186
-3.225492e-007,0.010930731
-3.221492e-007,0.0072131821
-3.217492e-007,0.0058485122
-3.213492e-007,0.0068367215
-3.209492e-007,0.00881314
-3.205492e-007,0.0097542917
-3.201492e-007,0.0090954855
-3.197492e-007,0.0073543549
-3.193492e-007,0.0066014336
-3.189492e-007,0.0075896428
-3.185492e-007,0.0088601976
-3.181492e-007,0.00881314
-3.177492e-007,0.0073072973
-3.173492e-007,0.0056132243
-3.169492e-007,0.005424994
-3.165492e-007,0.0070720094
-3.161492e-007,0.01036604
-3.157492e-007,0.012813035
-3.153492e-007,0.012624804
-3.149492e-007,0.0094719462
-3.145492e-007,0.0055661667
-3.141492e-007,0.0034015179
-3.137492e-007,0.0049073606
-3.133492e-007,0.0085307945
-3.129492e-007,0.010648386
-3.125492e-007,0.0092366582
-3.121492e-007,0.006554376
-3.117492e-007,0.0049544181
-3.113492e-007,0.0060367426
-3.109492e-007,0.00881314
-3.105492e-007,0.009942522
-3.101492e-007,0.0089072551
-3.097492e-007,0.0071661246
-3.093492e-007,0.0068837791
-3.089492e-007,0.0080131611
-3.085492e-007,0.0092837158
-3.081492e-007,0.0093307734
-3.077492e-007,0.00881314
-3.073492e-007,0.0088601976
-3.069492e-007,0.010271925
-3.065492e-007,0.011166019
-3.061492e-007,0.010130752
-3.057492e-007,0.0077308156
-3.053492e-007,0.0058955698
-3.049492e-007,0.0060367426
-3.045492e-007,0.0080131611
-3.041492e-007,0.0097542917
-3.037492e-007,0.010789558
-3.033492e-007,0.011166019
-3.029492e-007,0.010507213
-3.025492e-007,0.0096601765
-3.021492e-007,0.00881314
-3.017492e-007,0.0076367004
-3.013492e-007,0.0067896639
-3.009492e-007,0.0062720305
-3.005492e-007,0.0063661456
-3.001492e-007,0.0066955487
-2.997492e-007,0.0070249518
-2.993492e-007,0.0075896428
-2.989492e-007,0.0069308366
-2.985492e-007,0.0058485122
-2.981492e-007,0.0050955909
-2.977492e-007,0.0052367636
-2.973492e-007,0.0066484911
-2.969492e-007,0.0092366582
-2.965492e-007,0.011354249
-2.961492e-007,0.011636595
-2.957492e-007,0.0096131189
-2.953492e-007,0.0065073184
-2.949492e-007,0.0044838423
-2.945492e-007,0.0054720516
-2.941492e-007,0.0085778521
-2.937492e-007,0.012154228
-2.933492e-007,0.013801244
-2.929492e-007,0.012530689
-2.925492e-007,0.0094248886
-2.921492e-007,0.0063190881
-2.917492e-007,0.0046720726
-2.913492e-007,0.0051426485
-2.909492e-007,0.0061308577
-2.905492e-007,0.0075425852
-2.901492e-007,0.0087660824
-2.897492e-007,0.0097072341
-2.893492e-007,0.0096131189
-2.889492e-007,0.0080602186
-2.885492e-007,0.0055191091
-2.881492e-007,0.0037779786
-2.877492e-007,0.0041073816
-2.873492e-007,0.0065073184
-2.869492e-007,0.0090484279
-2.865492e-007,0.010036637
-2.861492e-007,0.0094719462
-2.857492e-007,0.0080602186
-2.853492e-007,0.0070249518
-2.849492e-007,0.0071661246
-2.845492e-007,0.0077778731
-2.841492e-007,0.0082955066
-2.837492e-007,0.0084366793
-2.833492e-007,0.0081072762
-2.829492e-007,0.0072602397
-2.825492e-007,0.0068367215
-2.821492e-007,0.0066955487
-2.817492e-007,0.007119067
-2.813492e-007,0.0074955276
-2.809492e-007,0.0073543549
-2.805492e-007,0.007119067
-2.801492e-007,0.0077308156
-2.797492e-007,0.0083896217
-2.793492e-007,0.0090484279
-2.789492e-007,0.0083896217
-2.785492e-007,0.0068837791
-2.781492e-007,0.0057543971
-2.777492e-007,0.0065073184
-2.773492e-007,0.0085307945
-2.769492e-007,0.0096601765
-2.765492e-007,0.0091896007
-2.761492e-007,0.0077778731
-2.757492e-007,0.0069308366
-2.753492e-007,0.0077308156
-2.749492e-007,0.0089543127
-2.745492e-007,0.0096131189
-2.741492e-007,0.0099895796
-2.737492e-007,0.010130752
-2.733492e-007,0.010130752
-2.729492e-007,0.0095190037
-2.725492e-007,0.0085778521
-2.721492e-007,0.0074484701
-2.717492e-007,0.0073543549
-2.713492e-007,0.0078249307
-2.709492e-007,0.0081543338
-2.705492e-007,0.0074484701
-2.701492e-007,0.0057073395
-2.697492e-007,0.0044367847
-2.693492e-007,0.0057073395
-2.689492e-007,0.0093307734
-2.685492e-007,0.012718919
-2.681492e-007,0.013754186
-2.677492e-007,0.01173071
-2.673492e-007,0.0087660824
-2.669492e-007,0.0063661456
-2.665492e-007,0.0053308788
-2.661492e-007,0.0055661667
-2.657492e-007,0.0060838001
-2.653492e-007,0.0070720094
-2.649492e-007,0.0085307945
-2.645492e-007,0.0095190037
-2.641492e-007,0.0095660613
-2.637492e-007,0.0080131611
-2.633492e-007,0.0063190881
-2.629492e-007,0.0066014336
-2.625492e-007,0.0085778521
-2.621492e-007,0.010930731
-2.617492e-007,0.011118962
-2.613492e-007,0.0083896217
-2.609492e-007,0.0045308999
-2.605492e-007,0.0030721148
-2.601492e-007,0.0050955909
-2.597492e-007,0.0084366793
-2.593492e-007,0.010460155
-2.589492e-007,0.009377831
-2.585492e-007,0.0069778942
-2.581492e-007,0.0053308788
-2.577492e-007,0.0061779153
-2.573492e-007,0.0078249307
-2.569492e-007,0.0082013914
-2.565492e-007,0.007119067
-2.561492e-007,0.0057543971
-2.557492e-007,0.005989685
-2.553492e-007,0.0077778731
-2.549492e-007,0.0092366582
-2.545492e-007,0.009377831
-2.541492e-007,0.0084837369
-2.537492e-007,0.0076367004
-2.533492e-007,0.0072131821
-2.529492e-007,0.0076367004
-2.525492e-007,0.0086249096
-2.521492e-007,0.0094719462
-2.517492e-007,0.0092837158
-2.513492e-007,0.0088601976
-2.509492e-007,0.0082955066
-2.505492e-007,0.0074014125
-2.501492e-007,0.0064132032
-2.497492e-007,0.0063661456
-2.493492e-007,0.0070249518
-2.489492e-007,0.0078719883
-2.485492e-007,0.0087660824
-2.481492e-007,0.0085307945
-2.477492e-007,0.007119067
-2.473492e-007,0.0054720516
-2.469492e-007,0.0040603241
-2.465492e-007,0.003730921
-2.461492e-007,0.0048132454
-2.457492e-007,0.0064132032
-2.453492e-007,0.0084366793
-2.449492e-007,0.010036637
-2.445492e-007,0.010554271
-2.441492e-007,0.0097072341
-2.437492e-007,0.0073543549
-2.433492e-007,0.0050014757
-2.429492e-007,0.0042485544
-2.425492e-007,0.0054720516
-2.421492e-007,0.0080131611
-2.417492e-007,0.0097542917
-2.413492e-007,0.0097072341
-2.409492e-007,0.0086249096
-2.405492e-007,0.0074955276
-2.401492e-007,0.0068837791
-2.397492e-007,0.0064602608
-2.393492e-007,0.0062720305
-2.389492e-007,0.006554376
-2.385492e-007,0.0076367004
-2.381492e-007,0.0095660613
-2.377492e-007,0.010695443
-2.373492e-007,0.0097542917
-2.369492e-007,0.007119067
-2.365492e-007,0.0046720726
-2.361492e-007,0.0043426696
-2.357492e-007,0.0063661456
-2.353492e-007,0.0090954855
-2.349492e-007,0.010554271
-2.345492e-007,0.010271925
-2.341492e-007,0.0089543127
-2.337492e-007,0.0074484701
-2.333492e-007,0.0064602608
-2.329492e-007,0.0060838001
-2.325492e-007,0.0064602608
-2.321492e-007,0.0069778942
-2.317492e-007,0.0067896639
-2.313492e-007,0.0069778942
-2.309492e-007,0.0078719883
-2.305492e-007,0.0090484279
-2.301492e-007,0.0098954644
-2.297492e-007,0.009377831
-2.293492e-007,0.0080131611
-2.289492e-007,0.0070249518
-2.285492e-007,0.0073543549
-2.281492e-007,0.0087190248
-2.277492e-007,0.008248449
-2.273492e-007,0.0063661456
-2.269492e-007,0.0041544392
-2.265492e-007,0.0037779786
-2.261492e-007,0.0061779153
-2.257492e-007,0.0099895796
-2.253492e-007,0.012107171
-2.249492e-007,0.011824825
-2.245492e-007,0.010083695
-2.241492e-007,0.0089072551
-2.237492e-007,0.0088601976
-2.233492e-007,0.0091896007
-2.229492e-007,0.0087660824
-2.225492e-007,0.0072131821
-2.221492e-007,0.0048132454
-2.217492e-007,0.0028838845
-2.213492e-007,0.0025074238
-2.209492e-007,0.0044838423
-2.205492e-007,0.0079190459
-2.201492e-007,0.010742501
-2.197492e-007,0.011401307
-2.193492e-007,0.0090954855
-2.189492e-007,0.0056602819
-2.185492e-007,0.0040603241
-2.181492e-007,0.0056132243
-2.177492e-007,0.00881314
-2.173492e-007,0.011118962
-2.169492e-007,0.010789558
-2.165492e-007,0.008248449
-2.161492e-007,0.0056602819
-2.157492e-007,0.0041073816
-2.153492e-007,0.0045308999
-2.149492e-007,0.0058485122
-2.145492e-007,0.0073543549
-2.141492e-007,0.0078249307
-2.137492e-007,0.0077308156
-2.133492e-007,0.0081072762
-2.129492e-007,0.0087660824
-2.125492e-007,0.0094248886
-2.121492e-007,0.0091425431
-2.117492e-007,0.0074484701
-2.113492e-007,0.0048132454
-2.109492e-007,0.0038720937
-2.105492e-007,0.0055661667
-2.101492e-007,0.0086249096
-2.097492e-007,0.010460155
-2.093492e-007,0.009942522
-2.089492e-007,0.0073543549
-2.085492e-007,0.0054720516
-2.081492e-007,0.0058955698
-2.077492e-007,0.0082955066
-2.073492e-007,0.010648386
-2.069492e-007,0.011118962
-2.065492e-007,0.0098954644
-2.061492e-007,0.0085778521
-2.057492e-007,0.008248449
-2.053492e-007,0.0084366793
-2.049492e-007,0.0079661035
-2.045492e-007,0.0069778942
-2.041492e-007,0.0059426274
-2.037492e-007,0.0061308577
-2.033492e-007,0.0071661246
-2.029492e-007,0.0086719672
-2.025492e-007,0.0098013492
-2.021492e-007,0.010224867
-2.017492e-007,0.0097072341
-2.013492e-007,0.0089072551
-2.009492e-007,0.007683758
-2.005492e-007,0.0061779153
-2.001492e-007,0.0051897061
-1.997492e-007,0.0052838212
-1.993492e-007,0.0060838001
-1.989492e-007,0.0071661246
-1.985492e-007,0.0075896428
-1.981492e-007,0.007119067
-1.977492e-007,0.0066955487
-1.973492e-007,0.0075896428
-1.969492e-007,0.0099895796
-1.965492e-007,0.011636595
-1.961492e-007,0.010271925
-1.957492e-007,0.0067896639
-1.953492e-007,0.0034956331
-1.949492e-007,0.0030250572
-1.945492e-007,0.0053308788
-1.941492e-007,0.0085307945
-1.937492e-007,0.010318983
-1.933492e-007,0.0095660613
-1.929492e-007,0.0082013914
-1.925492e-007,0.0077308156
-1.921492e-007,0.0087660824
-1.917492e-007,0.0099895796
-1.913492e-007,0.0098484068
-1.909492e-007,0.0081543338
-1.905492e-007,0.0061779153
-1.901492e-007,0.0051897061
-1.897492e-007,0.0063661456
-1.893492e-007,0.0086249096
-1.889492e-007,0.0096131189
-1.885492e-007,0.0085778521
-1.881492e-007,0.0068367215
-1.877492e-007,0.0062720305
-1.873492e-007,0.0072602397
-1.869492e-007,0.0096601765
-1.865492e-007,0.011401307
-1.861492e-007,0.010789558
-1.857492e-007,0.0082955066
-1.853492e-007,0.0066484911
-1.849492e-007,0.0062249729
-1.845492e-007,0.0066484911
-1.841492e-007,0.0066955487
-1.837492e-007,0.0066014336
-1.833492e-007,0.0070720094
-1.829492e-007,0.0084366793
-1.825492e-007,0.0099895796
-1.821492e-007,0.01036604
-1.817492e-007,0.009377831
-1.813492e-007,0.0085307945
-1.809492e-007,0.0089543127
-1.805492e-007,0.0096601765
-1.801492e-007,0.010083695
-1.797492e-007,0.0090954855
-1.793492e-007,0.0069778942
-1.789492e-007,0.0057543971
-1.785492e-007,0.0052838212
-1.781492e-007,0.0060838001
-1.777492e-007,0.0067426063
-1.773492e-007,0.0067426063
-1.769492e-007,0.0070249518
-1.765492e-007,0.0078719883
-1.761492e-007,0.0086719672
-1.757492e-007,0.0086719672
-1.753492e-007,0.0070249518
-1.749492e-007,0.0055191091
-1.745492e-007,0.0055661667
-1.741492e-007,0.0073072973
-1.737492e-007,0.0092837158
-1.733492e-007,0.0094248886
-1.729492e-007,0.0074014125
-1.725492e-007,0.004860303
-1.721492e-007,0.0041544392
-1.717492e-007,0.0054720516
-1.713492e-007,0.007119067
-1.709492e-007,0.0080602186
-1.705492e-007,0.0083425641
-1.701492e-007,0.0087190248
-1.697492e-007,0.0092366582
-1.693492e-007,0.0090484279
-1.689492e-007,0.0075425852
-1.685492e-007,0.0056132243
-1.681492e-007,0.0050014757
-1.677492e-007,0.0060367426
-1.673492e-007,0.0076367004
-1.669492e-007,0.0087660824
-1.665492e-007,0.0083425641
-1.661492e-007,0.0073543549
-1.657492e-007,0.0066014336
-1.653492e-007,0.0066014336
-1.649492e-007,0.0072602397
-1.645492e-007,0.0080602186
-1.641492e-007,0.0087190248
-1.637492e-007,0.0092837158
-1.633492e-007,0.0095660613
-1.629492e-007,0.0087660824
-1.625492e-007,0.0075896428
-1.621492e-007,0.0062249729
-1.617492e-007,0.0055661667
-1.613492e-007,0.0062249729
-1.609492e-007,0.0077308156
-1.605492e-007,0.0098013492
-1.601492e-007,0.010977789
-1.597492e-007,0.010977789
-1.593492e-007,0.0094719462
-1.589492e-007,0.0069778942
-1.585492e-007,0.0056132243
-1.581492e-007,0.0057543971
-1.577492e-007,0.0073072973
-1.573492e-007,0.0093307734
-1.569492e-007,0.009942522
-1.565492e-007,0.0089072551
-1.561492e-007,0.0066484911
-1.557492e-007,0.0053779364
-1.553492e-007,0.0065073184
-1.549492e-007,0.0080602186
-1.545492e-007,0.00881314
-1.541492e-007,0.0079661035
-1.537492e-007,0.0067896639
-1.533492e-007,0.0070249518
-1.529492e-007,0.0088601976
-1.525492e-007,0.010271925
-1.521492e-007,0.0097072341
-1.517492e-007,0.0070720094
-1.513492e-007,0.0041073816
-1.509492e-007,0.0028838845
-1.505492e-007,0.0040132665
-1.501492e-007,0.0069308366
-1.497492e-007,0.0092366582
-1.493492e-007,0.009377831
-1.489492e-007,0.007683758
-1.485492e-007,0.0057543971
-1.481492e-007,0.0048132454
-1.477492e-007,0.0058014546
-1.473492e-007,0.0080602186
-1.469492e-007,0.010083695
-1.465492e-007,0.010883674
-1.461492e-007,0.011166019
-1.457492e-007,0.011636595
-1.453492e-007,0.011683653
-1.449492e-007,0.010601328
-1.445492e-007,0.0080131611
-1.441492e-007,0.0051426485
-1.437492e-007,0.0035897482
-1.433492e-007,0.0042014968
-1.429492e-007,0.0063190881
-1.425492e-007,0.0081072762
-1.421492e-007,0.0089072551
-1.417492e-007,0.0089543127
-1.413492e-007,0.0087190248
-1.409492e-007,0.0087190248
-1.405492e-007,0.0087660824
-1.401492e-007,0.0090013703
-1.397492e-007,0.0095190037
-1.393492e-007,0.009942522
-1.389492e-007,0.0090484279
-1.385492e-007,0.0070720094
-1.381492e-007,0.0044367847
-1.377492e-007,0.0031191724
-1.373492e-007,0.0040603241
-1.369492e-007,0.0072602397
-1.365492e-007,0.01017781
-1.361492e-007,0.011495422
-1.357492e-007,0.010930731
-1.353492e-007,0.0097072341
-1.349492e-007,0.0089072551
-1.345492e-007,0.0091896007
-1.341492e-007,0.0094248886
-1.337492e-007,0.0089543127
-1.333492e-007,0.0079661035
-1.329492e-007,0.0071661246
-1.325492e-007,0.0074484701
-1.321492e-007,0.0078249307
-1.317492e-007,0.0085778521
-1.313492e-007,0.0091425431
-1.309492e-007,0.0098484068
-1.305492e-007,0.010601328
-1.301492e-007,0.0099895796
-1.297492e-007,0.008248449
-1.293492e-007,0.0063661456
-1.289492e-007,0.005424994
-1.285492e-007,0.0063190881
-1.281492e-007,0.0082013914
-1.277492e-007,0.0096601765
-1.273492e-007,0.010271925
-1.269492e-007,0.010130752
-1.265492e-007,0.0098484068
-1.261492e-007,0.0092837158
-1.257492e-007,0.0082955066
-1.253492e-007,0.0068837791
-1.249492e-007,0.0060838001
-1.245492e-007,0.0063190881
-1.241492e-007,0.0070249518
-1.237492e-007,0.0074955276
-1.233492e-007,0.007683758
-1.229492e-007,0.0083896217
-1.225492e-007,0.0090954855
-1.221492e-007,0.0090484279
-1.217492e-007,0.0075896428
-1.213492e-007,0.0056132243
-1.209492e-007,0.004295612
-1.205492e-007,0.0053779364
-1.201492e-007,0.0075896428
-1.197492e-007,0.0092837158
-1.193492e-007,0.0092366582
-1.189492e-007,0.0079190459
-1.185492e-007,0.0064602608
-1.181492e-007,0.0065073184
-1.177492e-007,0.0077778731
-1.173492e-007,0.0090954855
-1.169492e-007,0.0082955066
-1.165492e-007,0.0074014125
-1.161492e-007,0.0074955276
-1.157492e-007,0.00881314
-1.153492e-007,0.010224867
-1.149492e-007,0.010460155
-1.145492e-007,0.0089543127
-1.141492e-007,0.0071661246
-1.137492e-007,0.0062249729
-1.133492e-007,0.006554376
-1.129492e-007,0.0073072973
-1.125492e-007,0.0078719883
-1.121492e-007,0.0085778521
-1.117492e-007,0.0097542917
-1.113492e-007,0.011118962
-1.109492e-007,0.011495422
-1.105492e-007,0.0097542917
-1.101492e-007,0.0063661456
-1.097492e-007,0.003730921
-1.093492e-007,0.0032603451
-1.089492e-007,0.0046250151
-1.085492e-007,0.0066955487
-1.081492e-007,0.0081543338
-1.077492e-007,0.0085778521
-1.073492e-007,0.0083896217
-1.069492e-007,0.0090013703
-1.065492e-007,0.0097542917
-1.061492e-007,0.0099895796
-1.057492e-007,0.0097072341
-1.053492e-007,0.0086719672
-1.049492e-007,0.0073543549
-1.045492e-007,0.0057543971
-1.041492e-007,0.0052367636
-1.037492e-007,0.0061308577
-1.033492e-007,0.0077308156
-1.029492e-007,0.0093307734
-1.025492e-007,0.0097072341
-1.021492e-007,0.0087190248
-1.017492e-007,0.0074484701
-1.013492e-007,0.0072131821
-1.009492e-007,0.0081543338
-1.005492e-007,0.0092366582
-1.001492e-007,0.010083695
-9.97492e-008,0.0096131189
-9.93492e-008,0.0079661035
-9.89492e-008,0.0067896639
-9.85492e-008,0.007119067
-9.81492e-008,0.0082955066
-9.77492e-008,0.0096601765
-9.73492e-008,0.010130752
-9.69492e-008,0.0094248886
-9.65492e-008,0.0088601976
-9.61492e-008,0.0085307945
-9.57492e-008,0.0079190459
-9.53492e-008,0.0066484911
-9.49492e-008,0.0049073606
-9.45492e-008,0.0039662089
-9.41492e-008,0.0053779364
-9.37492e-008,0.0089543127
-9.33492e-008,0.011354249
-9.29492e-008,0.010648386
-9.25492e-008,0.0075896428
-9.21492e-008,0.0043426696
-9.17492e-008,0.0037779786
-9.13492e-008,0.0064132032
-9.09492e-008,0.0097072341
-9.05492e-008,0.011024846
-9.01492e-008,0.0094719462
-8.97492e-008,0.0068367215
-8.93492e-008,0.0044367847
-8.89492e-008,0.0040132665
-8.85492e-008,0.0060367426
-8.81492e-008,0.0090484279
-8.77492e-008,0.01154248
-8.73492e-008,0.012671862
-8.69492e-008,0.011166019
-8.65492e-008,0.0079190459
-8.61492e-008,0.0047661878
-8.57492e-008,0.0041073816
-8.53492e-008,0.0063661456
-8.49492e-008,0.0092366582
-8.45492e-008,0.010507213
-8.41492e-008,0.0096601765
-8.37492e-008,0.0076367004
-8.33492e-008,0.006554376
-8.29492e-008,0.0077308156
-8.25492e-008,0.0095660613
-8.21492e-008,0.010648386
-8.17492e-008,0.0099895796
-8.13492e-008,0.0084366793
-8.09492e-008,0.0066484911
-8.05492e-008,0.005424994
-8.01492e-008,0.0055661667
-7.97492e-008,0.0067896639
-7.93492e-008,0.0083425641
-7.89492e-008,0.0095660613
-7.85492e-008,0.0098013492
-7.81492e-008,0.0087190248
-7.77492e-008,0.0073543549
-7.73492e-008,0.0065073184
-7.69492e-008,0.0071661246
-7.65492e-008,0.0085778521
-7.61492e-008,0.0095190037
-7.57492e-008,0.009377831
-7.53492e-008,0.0080131611
-7.49492e-008,0.0067426063
-7.45492e-008,0.0065073184
-7.41492e-008,0.0070720094
-7.37492e-008,0.0077778731
-7.33492e-008,0.0080131611
-7.29492e-008,0.0072602397
-7.25492e-008,0.006554376
-7.21492e-008,0.0067896639
-7.17492e-008,0.0077308156
-7.13492e-008,0.0092366582
-7.09492e-008,0.010224867
-7.05492e-008,0.009942522
-7.01492e-008,0.0089543127
-6.97492e-008,0.0082955066
-6.93492e-008,0.0087190248
-6.89492e-008,0.0092366582
-6.85492e-008,0.0085307945
-6.81492e-008,0.0068367215
-6.77492e-008,0.0056602819
-6.73492e-008,0.0061779153
-6.69492e-008,0.0080131611
-6.65492e-008,0.01017781
-6.61492e-008,0.011307192
-6.57492e-008,0.010789558
-6.53492e-008,0.0090013703
-6.49492e-008,0.0073543549
-6.45492e-008,0.0061779153
-6.41492e-008,0.0055661667
-6.37492e-008,0.0055191091
-6.33492e-008,0.0060838001
-6.29492e-008,0.007119067
-6.25492e-008,0.0083896217
-6.21492e-008,0.009377831
-6.17492e-008,0.0098484068
-6.13492e-008,0.0096601765
-6.09492e-008,0.0085778521
-6.05492e-008,0.0073072973
-6.01492e-008,0.0063190881
-5.97492e-008,0.0062249729
-5.93492e-008,0.0066955487
-5.89492e-008,0.0070720094
-5.85492e-008,0.0059426274
-5.81492e-008,0.0040603241
-5.77492e-008,0.0034015179
-5.73492e-008,0.0049073606
-5.69492e-008,0.0082955066
-5.65492e-008,0.011307192
-5.61492e-008,0.011871883
-5.57492e-008,0.010460155
-5.53492e-008,0.0085778521
-5.49492e-008,0.0079190459
-5.45492e-008,0.008248449
-5.41492e-008,0.0087660824
-5.37492e-008,0.0080131611
-5.33492e-008,0.0067426063
-5.29492e-008,0.0063661456
-5.25492e-008,0.0068367215
-5.21492e-008,0.0079661035
-5.17492e-008,0.0085778521
-5.13492e-008,0.0085778521
-5.09492e-008,0.0081072762
-5.05492e-008,0.0075896428
-5.01492e-008,0.0070720094
-4.97492e-008,0.0069778942
-4.93492e-008,0.0072131821
-4.89492e-008,0.0081072762
-4.85492e-008,0.0093307734
-4.81492e-008,0.009377831
-4.77492e-008,0.0079661035
-4.73492e-008,0.0059426274
-4.69492e-008,0.0041544392
-4.65492e-008,0.003730921
-4.61492e-008,0.0046250151
-4.57492e-008,0.0062720305
-4.53492e-008,0.0079190459
-4.49492e-008,0.0092366582
-4.45492e-008,0.0098013492
-4.41492e-008,0.0090484279
-4.37492e-008,0.0072131821
-4.33492e-008,0.0057543971
-4.29492e-008,0.0053779364
-4.25492e-008,0.0069308366
-4.21492e-008,0.009377831
-4.17492e-008,0.011166019
-4.13492e-008,0.011024846
-4.09492e-008,0.0092837158
-4.05492e-008,0.0065073184
-4.01492e-008,0.0047661878
-3.97492e-008,0.0046250151
-3.93492e-008,0.0060367426
-3.89492e-008,0.0078249307
-3.85492e-008,0.009377831
-3.81492e-008,0.0097072341
-3.77492e-008,0.0087190248
-3.73492e-008,0.0073072973
-3.69492e-008,0.006554376
-3.65492e-008,0.0066014336
-3.61492e-008,0.0073072973
-3.57492e-008,0.0074955276
-3.53492e-008,0.0061779153
-3.49492e-008,0.0044838423
-3.45492e-008,0.003730921
-3.41492e-008,0.0044838423
-3.37492e-008,0.0061779153
-3.33492e-008,0.0078249307
-3.29492e-008,0.0080131611
-3.25492e-008,0.0072602397
-3.21492e-008,0.0072131821
-3.17492e-008,0.0082013914
-3.13492e-008,0.0090954855
-3.09492e-008,0.0089543127
-3.05492e-008,0.0078249307
-3.01492e-008,0.0069778942
-2.97492e-008,0.0074014125
-2.93492e-008,0.0086719672
-2.89492e-008,0.0091896007
-2.85492e-008,0.0083425641
-2.81492e-008,0.0068367215
-2.77492e-008,0.0061308577
-2.73492e-008,0.0066955487
-2.69492e-008,0.0077308156
-2.65492e-008,0.0077308156
-2.61492e-008,0.006554376
-2.57492e-008,0.005424994
-2.53492e-008,0.0057073395
-2.49492e-008,0.0074014125
-2.45492e-008,0.0095660613
-2.41492e-008,0.010083695
-2.37492e-008,0.0087660824
-2.33492e-008,0.0066955487
-2.29492e-008,0.0047661878
-2.25492e-008,0.0045308999
-2.21492e-008,0.0062249729
-2.17492e-008,0.0090484279
-2.13492e-008,0.012013056
-2.09492e-008,0.013565956
-2.05492e-008,0.012671862
-2.01492e-008,0.0096601765
-1.97492e-008,0.0058485122
-1.93492e-008,0.0030250572
-1.89492e-008,0.0022721359
-1.85492e-008,0.0036368058
-1.81492e-008,0.0063190881
-1.77492e-008,0.0085778521
-1.73492e-008,0.0091425431
-1.69492e-008,0.0078719883
-1.65492e-008,0.0067896639
-1.61492e-008,0.0068367215
-1.57492e-008,0.0082955066
-1.53492e-008,0.01036604
-1.49492e-008,0.011213077
-1.45492e-008,0.010224867
-1.41492e-008,0.0081072762
-1.37492e-008,0.0067426063
-1.33492e-008,0.0062720305
-1.29492e-008,0.0063190881
-1.25492e-008,0.0065073184
-1.21492e-008,0.0068367215
-1.17492e-008,0.0076367004
-1.13492e-008,0.0090954855
-1.09492e-008,0.010554271
-1.05492e-008,0.010648386
-1.01492e-008,0.0086249096
-9.7492e-009,0.0061308577
-9.3492e-009,0.0051897061
-8.9492e-009,0.0068837791
-8.5492e-009,0.0098013492
-8.1492e-009,0.011871883
-7.7492e-009,0.011448365
-7.3492e-009,0.0092837158
-6.9492e-009,0.0070720094
-6.5492e-009,0.0057073395
-6.1492e-009,0.005989685
-5.7492e-009,0.007683758
-5.3492e-009,0.0095660613
-4.9492e-009,0.010789558
-4.5492e-009,0.011071904
-4.1492e-009,0.009942522
-3.7492e-009,0.0078249307
-3.3492e-009,0.0064132032
-2.9492e-009,0.0069778942
-2.5492e-009,0.0093307734
-2.1492e-009,0.010413098
-1.7492e-009,0.0094248886
-1.3492e-009,0.0067426063
-9.492e-010,0.0039191513
-5.492e-010,0.0035426906
-1.492e-010,0.0045308999
2.508e-010,0.0058955698
6.508e-010,0.0064602608
1.0508e-009,0.0068367215
1.4508e-009,0.0077308156
1.8508e-009,0.00881314
2.2508e-009,0.0099895796
2.6508e-009,0.0098954644
3.0508e-009,0.0080602186
3.4508e-009,0.0060838001
3.8508e-009,0.0058485122
4.2508e-009,0.0068367215
4.6508e-009,0.0080602186
5.0508e-009,0.0091896007
5.4508e-009,0.0095660613
5.8508e-009,0.00881314
6.2508e-009,0.0074484701
6.6508e-009,0.0064132032
7.0508e-009,0.0063661456
7.4508e-009,0.0077778731
7.8508e-009,0.0098484068
8.2508e-009,0.010930731
8.6508e-009,0.010695443
9.0508e-009,0.0093307734
9.4508e-009,0.0074014125
9.8508e-009,0.0062249729
1.02508e-008,0.0052838212
1.06508e-008,0.0048132454
1.10508e-008,0.004860303
1.14508e-008,0.005424994
1.18508e-008,0.0070249518
1.22508e-008,0.0090954855
1.26508e-008,0.010507213
1.30508e-008,0.011307192
1.34508e-008,0.010224867
1.38508e-008,0.0080602186
1.42508e-008,0.0053779364
1.46508e-008,0.0034956331
1.50508e-008,0.0040132665
1.54508e-008,0.0058014546
1.58508e-008,0.0073543549
1.62508e-008,0.0075425852
1.66508e-008,0.0068837791
1.70508e-008,0.0061779153
1.74508e-008,0.0068367215
1.78508e-008,0.0082013914
1.82508e-008,0.0090484279
1.86508e-008,0.0080602186
1.90508e-008,0.0063661456
1.94508e-008,0.0060367426
1.98508e-008,0.0078249307
2.02508e-008,0.010318983
2.06508e-008,0.011683653
2.10508e-008,0.010036637
2.14508e-008,0.0066955487
2.18508e-008,0.0038720937
2.22508e-008,0.0032132876
2.26508e-008,0.005424994
2.30508e-008,0.0085307945
2.34508e-008,0.010224867
2.38508e-008,0.010224867
2.42508e-008,0.0090013703
2.46508e-008,0.0076367004
2.50508e-008,0.0066484911
2.54508e-008,0.0064132032
2.58508e-008,0.0069308366
2.62508e-008,0.0074955276
2.66508e-008,0.0076367004
2.70508e-008,0.0072131821
2.74508e-008,0.0064602608
2.78508e-008,0.0059426274
2.82508e-008,0.005989685
2.86508e-008,0.0063661456
2.90508e-008,0.0076367004
2.94508e-008,0.0088601976
2.98508e-008,0.0091425431
3.02508e-008,0.0078249307
3.06508e-008,0.0064602608
3.10508e-008,0.0065073184
3.14508e-008,0.0084837369
3.18508e-008,0.010554271
3.22508e-008,0.010883674
3.26508e-008,0.0086719672
3.30508e-008,0.0059426274
3.34508e-008,0.0045308999
3.38508e-008,0.005989685
3.42508e-008,0.0090484279
3.46508e-008,0.011683653
3.50508e-008,0.011636595
3.54508e-008,0.0090954855
3.58508e-008,0.0056132243
3.62508e-008,0.0034015179
3.66508e-008,0.0040132665
3.70508e-008,0.0063661456
3.74508e-008,0.00881314
3.78508e-008,0.01017781
3.82508e-008,0.010224867
3.86508e-008,0.0092366582
3.90508e-008,0.0075896428
3.94508e-008,0.0063661456
3.98508e-008,0.0066484911
4.02508e-008,0.0085778521
4.06508e-008,0.011166019
4.10508e-008,0.011589537
4.14508e-008,0.0084837369
4.18508e-008,0.0038250361
4.22508e-008,0.001472157
4.26508e-008,0.0033544603
4.30508e-008,0.0084837369
4.34508e-008,0.012671862
4.38508e-008,0.012765977
4.42508e-008,0.0091425431
4.46508e-008,0.004860303
4.50508e-008,0.0041073816
4.54508e-008,0.0068367215
4.58508e-008,0.010601328
4.62508e-008,0.01290715
4.66508e-008,0.012671862
4.70508e-008,0.010318983
4.74508e-008,0.0074955276
4.78508e-008,0.0055191091
4.82508e-008,0.0050485333
4.86508e-008,0.0057543971
4.90508e-008,0.006554376
4.94508e-008,0.0069778942
4.98508e-008,0.0077778731
5.02508e-008,0.0086719672
5.06508e-008,0.0093307734
5.10508e-008,0.0089543127
5.14508e-008,0.0078719883
5.18508e-008,0.0063190881
5.22508e-008,0.0064602608
5.26508e-008,0.0079190459
5.30508e-008,0.0091425431
5.34508e-008,0.0091896007
5.38508e-008,0.0075896428
5.42508e-008,0.0062720305
5.46508e-008,0.0067426063
5.50508e-008,0.0083896217
5.54508e-008,0.0097072341
5.58508e-008,0.0096601765
5.62508e-008,0.0087660824
5.66508e-008,0.0080602186
5.70508e-008,0.007683758
5.74508e-008,0.0077308156
5.78508e-008,0.007683758
5.82508e-008,0.0073072973
5.86508e-008,0.0075425852
5.90508e-008,0.0082013914
5.94508e-008,0.008248449
5.98508e-008,0.007119067
6.02508e-008,0.0061308577
6.06508e-008,0.0058955698
6.10508e-008,0.0066484911
6.14508e-008,0.0081543338
6.18508e-008,0.0093307734
6.22508e-008,0.0097072341
6.26508e-008,0.0089072551
6.30508e-008,0.0079661035
6.34508e-008,0.0071661246
6.38508e-008,0.0071661246
6.42508e-008,0.0080602186
6.46508e-008,0.0097542917
6.50508e-008,0.011401307
6.54508e-008,0.011354249
6.58508e-008,0.0092837158
6.62508e-008,0.0060367426
6.66508e-008,0.0042485544
6.70508e-008,0.0050485333
6.74508e-008,0.0077308156
6.78508e-008,0.010695443
6.82508e-008,0.011024846
6.86508e-008,0.0090013703
6.90508e-008,0.0069778942
6.94508e-008,0.0063190881
6.98508e-008,0.0073543549
7.02508e-008,0.0079661035
7.06508e-008,0.0077778731
7.10508e-008,0.0074484701
7.14508e-008,0.0078719883
7.18508e-008,0.00881314
7.22508e-008,0.0094719462
7.26508e-008,0.0090013703
7.30508e-008,0.0077778731
7.34508e-008,0.0072602397
7.38508e-008,0.0083425641
7.42508e-008,0.0094248886
7.46508e-008,0.0096131189
7.50508e-008,0.0090013703
7.54508e-008,0.0081072762
7.58508e-008,0.0075425852
7.62508e-008,0.0074955276
7.66508e-008,0.0074955276
7.70508e-008,0.0074014125
7.74508e-008,0.0069778942
7.78508e-008,0.006554376
7.82508e-008,0.0072131821
7.86508e-008,0.0082013914
7.90508e-008,0.0088601976
7.94508e-008,0.0091425431
7.98508e-008,0.0084837369
8.02508e-008,0.007683758
8.06508e-008,0.0070720094
8.10508e-008,0.0079190459
8.14508e-008,0.0098484068
8.18508e-008,0.011213077
8.22508e-008,0.010789558
8.26508e-008,0.0079190459
8.30508e-008,0.004860303
8.34508e-008,0.0042014968
8.38508e-008,0.0060367426
8.42508e-008,0.0088601976
8.46508e-008,0.0098484068
8.50508e-008,0.0086719672
8.54508e-008,0.0066014336
8.58508e-008,0.0058955698
8.62508e-008,0.0073543549
8.66508e-008,0.009942522
8.70508e-008,0.010742501
8.74508e-008,0.0095660613
8.78508e-008,0.0074955276
8.82508e-008,0.0061779153
8.86508e-008,0.0063661456
8.90508e-008,0.0075896428
8.94508e-008,0.0089072551
8.98508e-008,0.0092837158
9.02508e-008,0.0083425641
9.06508e-008,0.0070720094
9.10508e-008,0.0067426063
9.14508e-008,0.0078719883
9.18508e-008,0.0094248886
9.22508e-008,0.010648386
9.26508e-008,0.010601328
9.30508e-008,0.0091425431
9.34508e-008,0.0075425852
9.38508e-008,0.0070249518
9.42508e-008,0.007683758
9.46508e-008,0.0079661035
9.50508e-008,0.0074484701
9.54508e-008,0.0062249729
9.58508e-008,0.0051897061
9.62508e-008,0.0060367426
9.66508e-008,0.0087190248
9.70508e-008,0.011824825
9.74508e-008,0.012577747
9.78508e-008,0.010930731
9.82508e-008,0.0077778731
9.86508e-008,0.0047661878
9.90508e-008,0.0042014968
9.94508e-008,0.0063661456
9.98508e-008,0.0089072551
1.002508e-007,0.010224867
1.006508e-007,0.0098013492
1.010508e-007,0.0074955276
1.014508e-007,0.0050955909
1.018508e-007,0.0044367847
1.022508e-007,0.0060838001
1.026508e-007,0.0091425431
1.030508e-007,0.011307192
1.034508e-007,0.011118962
1.038508e-007,0.0089072551
1.042508e-007,0.0066484911
1.046508e-007,0.0066955487
1.050508e-007,0.0084366793
1.054508e-007,0.0097542917
1.058508e-007,0.0091425431
1.062508e-007,0.0070720094
1.066508e-007,0.005989685
1.070508e-007,0.0067426063
1.074508e-007,0.0086719672
1.078508e-007,0.0094719462
1.082508e-007,0.0083896217
1.086508e-007,0.0070720094
1.090508e-007,0.006554376
1.094508e-007,0.0077778731
1.098508e-007,0.0095660613
1.102508e-007,0.010036637
1.106508e-007,0.0092366582
1.110508e-007,0.0081072762
1.114508e-007,0.0073543549
1.118508e-007,0.0070249518
1.122508e-007,0.0069778942
1.126508e-007,0.0072131821
1.130508e-007,0.0083425641
1.134508e-007,0.0099895796
1.138508e-007,0.01036604
1.142508e-007,0.0092837158
1.146508e-007,0.0072602397
1.150508e-007,0.0061308577
1.154508e-007,0.0065073184
1.158508e-007,0.0075896428
1.162508e-007,0.008248449
1.166508e-007,0.0076367004
1.170508e-007,0.0071661246
1.174508e-007,0.0071661246
1.178508e-007,0.0075425852
1.182508e-007,0.0079661035
1.186508e-007,0.0077778731
1.190508e-007,0.0077778731
1.194508e-007,0.0075896428
1.198508e-007,0.0074955276
1.202508e-007,0.0076367004
1.206508e-007,0.0079190459
1.210508e-007,0.0080602186
1.214508e-007,0.0081072762
1.218508e-007,0.0080131611
1.222508e-007,0.0076367004
1.226508e-007,0.0067896639
1.230508e-007,0.0065073184
1.234508e-007,0.0074484701
1.238508e-007,0.0082955066
1.242508e-007,0.0085307945
1.246508e-007,0.0078249307
1.250508e-007,0.0068837791
1.254508e-007,0.0060367426
1.258508e-007,0.0060838001
1.262508e-007,0.0066484911
1.266508e-007,0.0076367004
1.270508e-007,0.0091896007
1.274508e-007,0.010507213
1.278508e-007,0.011118962
1.282508e-007,0.010507213
1.286508e-007,0.0084837369
1.290508e-007,0.0063661456
1.294508e-007,0.0052367636
1.298508e-007,0.0056602819
1.302508e-007,0.0073543549
1.306508e-007,0.0089072551
1.310508e-007,0.0084837369
1.314508e-007,0.0075425852
1.318508e-007,0.0070249518
1.322508e-007,0.0070249518
1.326508e-007,0.0072131821
1.330508e-007,0.0074484701
1.334508e-007,0.0073072973
1.338508e-007,0.0073072973
1.342508e-007,0.0084366793
1.346508e-007,0.01036604
1.350508e-007,0.011071904
1.354508e-007,0.010271925
1.358508e-007,0.0084837369
1.362508e-007,0.0069308366
1.366508e-007,0.0058485122
1.370508e-007,0.0058485122
1.374508e-007,0.0068837791
1.378508e-007,0.0080131611
1.382508e-007,0.00881314
1.386508e-007,0.0090013703
1.390508e-007,0.0087190248
1.394508e-007,0.0082955066
1.398508e-007,0.0071661246
1.402508e-007,0.0052367636
1.406508e-007,0.0036368058
1.410508e-007,0.0038720937
1.414508e-007,0.0066014336
1.418508e-007,0.010789558
1.422508e-007,0.013377726
1.426508e-007,0.012060113
1.430508e-007,0.0074014125
1.434508e-007,0.0025544814
1.438508e-007,0.00086040838
1.442508e-007,0.0028368269
1.446508e-007,0.0071661246
1.450508e-007,0.010601328
1.454508e-007,0.011166019
1.458508e-007,0.01036604
1.462508e-007,0.0088601976
1.466508e-007,0.0071661246
1.470508e-007,0.0057073395
1.474508e-007,0.0051897061
1.478508e-007,0.0050955909
1.482508e-007,0.0055191091
1.486508e-007,0.0068367215
1.490508e-007,0.0086249096
1.494508e-007,0.0098013492
1.498508e-007,0.010130752
1.502508e-007,0.0090484279
1.506508e-007,0.007683758
1.510508e-007,0.0066955487
1.514508e-007,0.0068367215
1.518508e-007,0.007683758
1.522508e-007,0.0086719672
1.526508e-007,0.0090484279
1.530508e-007,0.0084366793
1.534508e-007,0.007683758
1.538508e-007,0.0074014125
1.542508e-007,0.0066484911
1.546508e-007,0.0058014546
1.550508e-007,0.0050955909
1.554508e-007,0.0051897061
1.558508e-007,0.0065073184
1.562508e-007,0.0077778731
1.566508e-007,0.0083896217
1.570508e-007,0.0081072762
1.574508e-007,0.007683758
1.578508e-007,0.0080602186
1.582508e-007,0.0094248886
1.586508e-007,0.010130752
1.590508e-007,0.009942522
1.594508e-007,0.0090013703
1.598508e-007,0.0088601976
1.602508e-007,0.0089072551
1.606508e-007,0.0076367004
1.610508e-007,0.0059426274
1.614508e-007,0.0046250151
1.618508e-007,0.0052367636
1.622508e-007,0.0072602397
1.626508e-007,0.0087660824
1.630508e-007,0.0087660824
1.634508e-007,0.0078719883
1.638508e-007,0.0081072762
1.642508e-007,0.009942522
1.646508e-007,0.011354249
1.650508e-007,0.010036637
1.654508e-007,0.0062249729
1.658508e-007,0.0027897693
1.662508e-007,0.0024133086
1.666508e-007,0.0055661667
1.670508e-007,0.0096131189
1.674508e-007,0.011824825
1.678508e-007,0.011307192
1.682508e-007,0.0087190248
1.686508e-007,0.0065073184
1.690508e-007,0.0056132243
1.694508e-007,0.0066014336
1.698508e-007,0.0084366793
1.702508e-007,0.0098013492
1.706508e-007,0.0098954644
1.710508e-007,0.0086249096
1.714508e-007,0.0072602397
1.718508e-007,0.0070720094
1.722508e-007,0.0074955276
1.726508e-007,0.0078719883
1.730508e-007,0.0076367004
1.734508e-007,0.0073072973
1.738508e-007,0.0080131611
1.742508e-007,0.01017781
1.746508e-007,0.012248344
1.750508e-007,0.012295401
1.754508e-007,0.010413098
1.758508e-007,0.0085307945
1.762508e-007,0.0081543338
1.766508e-007,0.0086249096
1.770508e-007,0.0088601976
1.774508e-007,0.0081543338
1.778508e-007,0.0071661246
1.782508e-007,0.0066014336
1.786508e-007,0.0062720305
1.790508e-007,0.0060367426
1.794508e-007,0.0061308577
1.798508e-007,0.0064602608
1.802508e-007,0.0072131821
1.806508e-007,0.0082013914
1.810508e-007,0.0090013703
1.814508e-007,0.0098484068
1.818508e-007,0.01017781
1.822508e-007,0.010036637
1.826508e-007,0.0092366582
1.830508e-007,0.0073543549
1.834508e-007,0.0057543971
1.838508e-007,0.0055661667
1.842508e-007,0.0073072973
1.846508e-007,0.0094719462
1.850508e-007,0.010695443
1.854508e-007,0.010036637
1.858508e-007,0.0079190459
1.862508e-007,0.0056602819
1.866508e-007,0.0050485333
1.870508e-007,0.0050485333
1.874508e-007,0.0058955698
1.878508e-007,0.0079190459
1.882508e-007,0.0095190037
1.886508e-007,0.010318983
1.890508e-007,0.0097072341
1.894508e-007,0.008248449
1.898508e-007,0.0069778942
1.902508e-007,0.0068367215
1.906508e-007,0.0072602397
1.910508e-007,0.0077778731
1.914508e-007,0.00881314
1.918508e-007,0.0098954644
1.922508e-007,0.010648386
1.926508e-007,0.010083695
1.930508e-007,0.0084366793
1.934508e-007,0.0066014336
1.938508e-007,0.0051426485
1.942508e-007,0.0050014757
1.946508e-007,0.0060838001
1.950508e-007,0.0068837791
1.954508e-007,0.0069778942
1.958508e-007,0.0067426063
1.962508e-007,0.0069778942
1.966508e-007,0.0072131821
1.970508e-007,0.0074484701
1.974508e-007,0.0073072973
1.978508e-007,0.006554376
1.982508e-007,0.0063661456
1.986508e-007,0.0081072762
1.990508e-007,0.010413098
1.994508e-007,0.011824825
1.998508e-007,0.010695443
2.002508e-007,0.0076367004
2.006508e-007,0.0052838212
2.010508e-007,0.0053308788
2.014508e-007,0.0070249518
2.018508e-007,0.0083896217
2.022508e-007,0.0077778731
2.026508e-007,0.0061779153
2.030508e-007,0.0054720516
2.034508e-007,0.0068367215
2.038508e-007,0.0090013703
2.042508e-007,0.01017781
2.046508e-007,0.0098484068
2.050508e-007,0.0087190248
2.054508e-007,0.0081543338
2.058508e-007,0.0080131611
2.062508e-007,0.0079190459
2.066508e-007,0.0069778942
2.070508e-007,0.0064602608
2.074508e-007,0.0070249518
2.078508e-007,0.007683758
2.082508e-007,0.0074484701
2.086508e-007,0.0060367426
2.090508e-007,0.004295612
2.094508e-007,0.0049544181
2.098508e-007,0.0079190459
2.102508e-007,0.011071904
2.106508e-007,0.01154248
2.110508e-007,0.0094719462
2.114508e-007,0.0073543549
2.118508e-007,0.0064602608
2.122508e-007,0.0067896639
2.126508e-007,0.007119067
2.130508e-007,0.0068367215
2.134508e-007,0.0073543549
2.138508e-007,0.0090484279
2.142508e-007,0.010648386
2.146508e-007,0.010648386
2.150508e-007,0.0077778731
2.154508e-007,0.0040132665
2.158508e-007,0.0032132876
2.162508e-007,0.0058014546
2.166508e-007,0.0096601765
2.170508e-007,0.011683653
2.174508e-007,0.010695443
2.178508e-007,0.0086249096
2.182508e-007,0.0072602397
2.186508e-007,0.0074955276
2.190508e-007,0.0081072762
2.194508e-007,0.0074014125
2.198508e-007,0.0055661667
2.202508e-007,0.0042014968
2.206508e-007,0.0049544181
2.210508e-007,0.0080131611
2.214508e-007,0.011589537
2.218508e-007,0.012530689
2.222508e-007,0.010742501
2.226508e-007,0.008248449
2.230508e-007,0.0077308156
2.234508e-007,0.009377831
2.238508e-007,0.011260134
2.242508e-007,0.010789558
2.246508e-007,0.0079190459
2.250508e-007,0.0049544181
2.254508e-007,0.0041073816
2.258508e-007,0.0053308788
2.262508e-007,0.0070720094
2.266508e-007,0.0083896217
2.270508e-007,0.0088601976
2.274508e-007,0.009942522
2.278508e-007,0.011213077
2.282508e-007,0.010601328
2.286508e-007,0.008248449
2.290508e-007,0.005989685
2.294508e-007,0.0051426485
2.298508e-007,0.0059426274
2.302508e-007,0.0068837791
2.306508e-007,0.0070720094
2.310508e-007,0.0056602819
2.314508e-007,0.0044367847
2.318508e-007,0.0048132454
2.322508e-007,0.0066014336
2.326508e-007,0.0087660824
2.330508e-007,0.010318983
2.334508e-007,0.010648386
2.338508e-007,0.0094248886
2.342508e-007,0.0071661246
2.346508e-007,0.0056132243
2.350508e-007,0.0055661667
2.354508e-007,0.0063661456
2.358508e-007,0.0070720094
2.362508e-007,0.0067426063
2.366508e-007,0.0057073395
2.370508e-007,0.0051897061
2.374508e-007,0.0066955487
2.378508e-007,0.0091425431
2.382508e-007,0.010083695
2.386508e-007,0.0084837369
2.390508e-007,0.0059426274
2.394508e-007,0.004860303
2.398508e-007,0.0068837791
2.402508e-007,0.011071904
2.406508e-007,0.013801244
2.410508e-007,0.012577747
2.414508e-007,0.0079661035
2.418508e-007,0.0020839056
2.422508e-007,-0.00041014637
2.426508e-007,0.0022721359
2.430508e-007,0.0076367004
2.434508e-007,0.012201286
2.438508e-007,0.012483631
2.442508e-007,0.0088601976
2.446508e-007,0.0050485333
2.450508e-007,0.0042014968
2.454508e-007,0.0073543549
2.458508e-007,0.011024846
2.462508e-007,0.012389516
2.466508e-007,0.010507213
2.470508e-007,0.0069308366
2.474508e-007,0.0049544181
2.478508e-007,0.0046720726
2.482508e-007,0.0055191091
2.486508e-007,0.0069308366
2.490508e-007,0.0081543338
2.494508e-007,0.0092837158
2.498508e-007,0.0096131189
2.502508e-007,0.0086249096
2.506508e-007,0.0072131821
2.510508e-007,0.0060367426
2.514508e-007,0.0059426274
2.518508e-007,0.0066484911
2.522508e-007,0.0078719883
2.526508e-007,0.0086249096
2.530508e-007,0.0085307945
2.534508e-007,0.0079661035
2.538508e-007,0.0073072973
2.542508e-007,0.0074955276
2.546508e-007,0.0084366793
2.550508e-007,0.0096131189
2.554508e-007,0.0098484068
2.558508e-007,0.0087190248
2.562508e-007,0.0073072973
2.566508e-007,0.0067896639
2.570508e-007,0.0074955276
2.574508e-007,0.0086249096
2.578508e-007,0.0084837369
2.582508e-007,0.0077308156
2.586508e-007,0.0071661246
2.590508e-007,0.0071661246
2.594508e-007,0.0081072762
2.598508e-007,0.0082955066
2.602508e-007,0.0080602186
2.606508e-007,0.0083896217
2.610508e-007,0.0099895796
2.614508e-007,0.011683653
2.618508e-007,0.011636595
2.622508e-007,0.0089072551
2.626508e-007,0.0050485333
2.630508e-007,0.0023191935
2.634508e-007,0.0033544603
2.638508e-007,0.0072131821
2.642508e-007,0.010460155
2.646508e-007,0.011401307
2.650508e-007,0.0096601765
2.654508e-007,0.007119067
2.658508e-007,0.0060367426
2.662508e-007,0.0068367215
2.666508e-007,0.0078249307
2.670508e-007,0.008248449
2.674508e-007,0.0073543549
2.678508e-007,0.0062249729
2.682508e-007,0.0066484911
2.686508e-007,0.0086249096
2.690508e-007,0.010036637
2.694508e-007,0.0095190037
2.698508e-007,0.0073543549
2.702508e-007,0.0053308788
2.706508e-007,0.0050014757
2.710508e-007,0.0068367215
2.714508e-007,0.0084366793
2.718508e-007,0.0085307945
2.722508e-007,0.0072131821
2.726508e-007,0.0063661456
2.730508e-007,0.0070249518
2.734508e-007,0.0086249096
2.738508e-007,0.0095660613
2.742508e-007,0.0090013703
2.746508e-007,0.0074484701
2.750508e-007,0.0056132243
2.754508e-007,0.004860303
2.758508e-007,0.0046250151
2.762508e-007,0.0045308999
2.766508e-007,0.0047661878
2.770508e-007,0.0063190881
2.774508e-007,0.0082013914
2.778508e-007,0.0097542917
2.782508e-007,0.010507213
2.786508e-007,0.0097542917
2.790508e-007,0.007683758
2.794508e-007,0.0057543971
2.798508e-007,0.0052838212
2.802508e-007,0.0068367215
2.806508e-007,0.0090013703
2.810508e-007,0.0098954644
2.814508e-007,0.0083896217
2.818508e-007,0.0061779153
2.822508e-007,0.0045779575
2.826508e-007,0.005424994
2.830508e-007,0.0080602186
2.834508e-007,0.0098484068
2.838508e-007,0.0095190037
2.842508e-007,0.0078249307
2.846508e-007,0.0062720305
2.850508e-007,0.0062720305
2.854508e-007,0.0077308156
2.858508e-007,0.0093307734
2.862508e-007,0.010460155
2.866508e-007,0.010554271
2.870508e-007,0.010695443
2.874508e-007,0.01017781
2.878508e-007,0.0091896007
2.882508e-007,0.0077308156
2.886508e-007,0.0066014336
2.890508e-007,0.0072602397
2.894508e-007,0.0084366793
2.898508e-007,0.0084837369
2.902508e-007,0.0068367215
2.906508e-007,0.0051426485
2.910508e-007,0.0055191091
2.914508e-007,0.0084366793
2.918508e-007,0.011260134
2.922508e-007,0.011495422
2.926508e-007,0.0086249096
2.930508e-007,0.0045308999
2.934508e-007,0.0027897693
2.938508e-007,0.0039662089
2.942508e-007,0.0070720094
2.946508e-007,0.0090954855
2.950508e-007,0.0090954855
2.954508e-007,0.0082013914
2.958508e-007,0.008248449
2.962508e-007,0.0085778521
2.966508e-007,0.0087190248
2.970508e-007,0.0078719883
2.974508e-007,0.0069778942
2.978508e-007,0.0070720094
2.982508e-007,0.0085307945
2.986508e-007,0.010460155
2.990508e-007,0.010507213
2.994508e-007,0.0085307945
2.998508e-007,0.0064602608
3.002508e-007,0.0051897061
3.006508e-007,0.0058955698
3.010508e-007,0.0074484701
3.014508e-007,0.0079661035
3.018508e-007,0.0078249307
3.022508e-007,0.0075425852
3.026508e-007,0.0074955276
3.030508e-007,0.0074484701
3.034508e-007,0.0077308156
3.038508e-007,0.0084366793
3.042508e-007,0.0089543127
3.046508e-007,0.0085778521
3.050508e-007,0.0066955487
3.054508e-007,0.0041073816
3.058508e-007,0.002601539
3.062508e-007,0.0039662089
3.066508e-007,0.0070249518
3.070508e-007,0.0098954644
3.074508e-007,0.010648386
3.078508e-007,0.0091425431
3.082508e-007,0.0073543549
3.086508e-007,0.0058014546
3.090508e-007,0.0049073606
3.094508e-007,0.0053308788
3.098508e-007,0.0072131821
3.102508e-007,0.0097072341
3.106508e-007,0.01173071
3.110508e-007,0.012248344
3.114508e-007,0.011024846
3.118508e-007,0.009377831
3.122508e-007,0.0087190248
3.126508e-007,0.0083425641
3.130508e-007,0.0072131821
3.134508e-007,0.0050014757
3.138508e-007,0.0030250572
3.142508e-007,0.0037779786
3.146508e-007,0.0067426063
3.150508e-007,0.0097542917
3.154508e-007,0.010836616
3.158508e-007,0.0097072341
3.162508e-007,0.0077778731
3.166508e-007,0.0073072973
3.170508e-007,0.0089072551
3.174508e-007,0.010271925
3.178508e-007,0.0096131189
3.182508e-007,0.0074014125
3.186508e-007,0.0050955909
3.190508e-007,0.0043426696
3.194508e-007,0.0055191091
3.198508e-007,0.0067896639
3.202508e-007,0.0072602397
3.206508e-007,0.0064602608
3.210508e-007,0.0051426485
3.214508e-007,0.004295612
3.218508e-007,0.0052838212
3.222508e-007,0.0070720094
3.226508e-007,0.00881314
3.230508e-007,0.0092837158
3.234508e-007,0.0090013703
3.238508e-007,0.0086249096
3.242508e-007,0.0085307945
3.246508e-007,0.0089072551
3.250508e-007,0.0097542917
3.254508e-007,0.0098954644
3.258508e-007,0.0087190248
3.262508e-007,0.0070720094
3.266508e-007,0.0057073395
3.270508e-007,0.0052838212
3.274508e-007,0.0066955487
3.278508e-007,0.00881314
3.282508e-007,0.010224867
3.286508e-007,0.009942522
3.290508e-007,0.0082013914
3.294508e-007,0.0062249729
3.298508e-007,0.0054720516
3.302508e-007,0.0061779153
3.306508e-007,0.0072602397
3.310508e-007,0.0076367004
3.314508e-007,0.0074484701
3.318508e-007,0.0074014125
3.322508e-007,0.0078719883
3.326508e-007,0.0089543127
3.330508e-007,0.010413098
3.334508e-007,0.010695443
3.338508e-007,0.0090954855
3.342508e-007,0.0069308366
3.346508e-007,0.0055191091
3.350508e-007,0.0060367426
3.354508e-007,0.0081072762
3.358508e-007,0.0098013492
3.362508e-007,0.010130752
3.366508e-007,0.0098013492
3.370508e-007,0.0090484279
3.374508e-007,0.0080602186
3.378508e-007,0.0066484911
3.382508e-007,0.0050485333
3.386508e-007,0.0047191302
3.390508e-007,0.0058955698
3.394508e-007,0.0079661035
3.398508e-007,0.0096601765
3.402508e-007,0.010224867
3.406508e-007,0.0096601765
3.410508e-007,0.0088601976
3.414508e-007,0.0082013914
3.418508e-007,0.0080602186
3.422508e-007,0.0085778521
3.426508e-007,0.0092837158
3.430508e-007,0.0097542917
3.434508e-007,0.0097542917
3.438508e-007,0.0091425431
3.442508e-007,0.008248449
3.446508e-007,0.0080602186
3.450508e-007,0.0083896217
3.454508e-007,0.0094248886
3.458508e-007,0.0090484279
3.462508e-007,0.0075896428
3.466508e-007,0.0063190881
3.470508e-007,0.0060367426
3.474508e-007,0.0066955487
3.478508e-007,0.0079190459
3.482508e-007,0.0083425641
3.486508e-007,0.0078249307
3.490508e-007,0.0069308366
3.494508e-007,0.0067426063
3.498508e-007,0.0070720094
3.502508e-007,0.0070720094
3.506508e-007,0.0071661246
3.510508e-007,0.007683758
3.514508e-007,0.0087190248
3.518508e-007,0.009377831
3.522508e-007,0.0086249096
3.526508e-007,0.0071661246
3.530508e-007,0.0059426274
3.534508e-007,0.005989685
3.538508e-007,0.0074014125
3.542508e-007,0.0088601976
3.546508e-007,0.0089543127
3.550508e-007,0.0074955276
3.554508e-007,0.0067896639
3.558508e-007,0.0072131821
3.562508e-007,0.0080131611
3.566508e-007,0.0084837369
3.570508e-007,0.0074014125
3.574508e-007,0.0057073395
3.578508e-007,0.0055661667
3.582508e-007,0.0071661246
3.586508e-007,0.0099895796
3.590508e-007,0.011871883
3.594508e-007,0.012483631
3.598508e-007,0.011260134
3.602508e-007,0.00881314
3.606508e-007,0.0074955276
3.610508e-007,0.0077778731
3.614508e-007,0.0089543127
3.618508e-007,0.0098484068
3.622508e-007,0.0090954855
3.626508e-007,0.006554376
3.630508e-007,0.0045308999
3.634508e-007,0.0052838212
3.638508e-007,0.0089072551
3.642508e-007,0.012107171
3.646508e-007,0.012342459
3.650508e-007,0.0096601765
3.654508e-007,0.0067426063
3.658508e-007,0.0063661456
3.662508e-007,0.0083896217
3.666508e-007,0.010224867
3.670508e-007,0.0098013492
3.674508e-007,0.0079190459
3.678508e-007,0.0066484911
3.682508e-007,0.0077308156
3.686508e-007,0.010224867
3.690508e-007,0.011777768
3.694508e-007,0.010883674
3.698508e-007,0.007683758
3.702508e-007,0.004860303
3.706508e-007,0.0046720726
3.710508e-007,0.0061779153
3.714508e-007,0.0081072762
3.718508e-007,0.0083425641
3.722508e-007,0.0072131821
3.726508e-007,0.0063190881
3.730508e-007,0.0067896639
3.734508e-007,0.0085307945
3.738508e-007,0.01017781
3.742508e-007,0.009942522
3.746508e-007,0.0074955276
3.750508e-007,0.0053308788
3.754508e-007,0.0049544181
3.758508e-007,0.006554376
3.762508e-007,0.0084366793
3.766508e-007,0.0090954855
3.770508e-007,0.0083425641
3.774508e-007,0.007683758
3.778508e-007,0.0083425641
3.782508e-007,0.0097542917
3.786508e-007,0.010460155
3.790508e-007,0.0086719672
3.794508e-007,0.0055661667
3.798508e-007,0.0044838423
3.802508e-007,0.0061779153
3.806508e-007,0.009377831
3.810508e-007,0.011965998
3.814508e-007,0.012154228
3.818508e-007,0.0097542917
3.822508e-007,0.0077308156
3.826508e-007,0.0074484701
3.830508e-007,0.0083425641
3.834508e-007,0.0095190037
3.838508e-007,0.0093307734
3.842508e-007,0.0079190459
3.846508e-007,0.0069778942
3.850508e-007,0.0066014336
3.854508e-007,0.0071661246
3.858508e-007,0.0083896217
3.862508e-007,0.0097072341
3.866508e-007,0.010507213
3.870508e-007,0.0097542917
3.874508e-007,0.0086249096
3.878508e-007,0.0078249307
3.882508e-007,0.0081072762
3.886508e-007,0.0089543127
3.890508e-007,0.009942522
3.894508e-007,0.010130752
3.898508e-007,0.00881314
3.902508e-007,0.0070249518
3.906508e-007,0.0062249729
3.910508e-007,0.005989685
3.914508e-007,0.0068837791
3.918508e-007,0.0079661035
3.922508e-007,0.0093307734
3.926508e-007,0.011213077
3.930508e-007,0.012671862
3.934508e-007,0.012154228
3.938508e-007,0.0090013703
3.942508e-007,0.0050014757
3.946508e-007,0.0032132876
3.950508e-007,0.0053308788
3.954508e-007,0.0098484068
3.958508e-007,0.012765977
3.962508e-007,0.011354249
3.966508e-007,0.0069308366
3.970508e-007,0.0034956331
3.974508e-007,0.0038250361
3.978508e-007,0.0065073184
3.982508e-007,0.0086249096
3.986508e-007,0.0086249096
3.990508e-007,0.007119067
3.994508e-007,0.0058014546
3.998508e-007,0.0057073395
4.002508e-007,0.0066955487
4.006508e-007,0.0085778521
4.010508e-007,0.010413098
4.014508e-007,0.011448365
4.018508e-007,0.011260134
4.022508e-007,0.010413098
4.026508e-007,0.0088601976
4.030508e-007,0.0075896428
4.034508e-007,0.0071661246
4.038508e-007,0.0067896639
4.042508e-007,0.0062249729
4.046508e-007,0.0061779153
4.050508e-007,0.0062720305
4.054508e-007,0.0069308366
4.058508e-007,0.0085307945
4.062508e-007,0.0096601765
4.066508e-007,0.0099895796
4.070508e-007,0.0098013492
4.074508e-007,0.0090013703
4.078508e-007,0.0084837369
4.082508e-007,0.0085307945
4.086508e-007,0.0084837369
4.090508e-007,0.0082013914
4.094508e-007,0.0069308366
4.098508e-007,0.0051897061
4.102508e-007,0.0043426696
4.106508e-007,0.0059426274
4.110508e-007,0.0097072341
4.114508e-007,0.012154228
4.118508e-007,0.010977789
4.122508e-007,0.0070249518
4.126508e-007,0.0040603241
4.130508e-007,0.0049073606
4.134508e-007,0.00881314
4.138508e-007,0.012671862
4.142508e-007,0.013471841
4.146508e-007,0.011401307
4.150508e-007,0.0080602186
4.154508e-007,0.0060838001
4.158508e-007,0.0055191091
4.162508e-007,0.0055661667
4.166508e-007,0.0061779153
4.170508e-007,0.0078249307
4.174508e-007,0.0098013492
4.178508e-007,0.010413098
4.182508e-007,0.0089543127
4.186508e-007,0.0070720094
4.190508e-007,0.007119067
4.194508e-007,0.0090954855
4.198508e-007,0.011024846
4.202508e-007,0.010130752
4.206508e-007,0.0064132032
4.210508e-007,0.0029309421
4.214508e-007,0.0024603662
4.218508e-007,0.0046250151
4.222508e-007,0.0074014125
4.226508e-007,0.0088601976
4.230508e-007,0.0091896007
4.234508e-007,0.0095190037
4.238508e-007,0.0098954644
4.242508e-007,0.0099895796
4.246508e-007,0.0097072341
4.250508e-007,0.009377831
4.254508e-007,0.0096131189
4.258508e-007,0.0098954644
4.262508e-007,0.0092366582
4.266508e-007,0.0073072973
4.270508e-007,0.0058485122
4.274508e-007,0.0062720305
4.278508e-007,0.0084837369
4.282508e-007,0.010036637
4.286508e-007,0.0089543127
4.290508e-007,0.0058955698
4.294508e-007,0.0034485755
4.298508e-007,0.0038250361
4.302508e-007,0.0063661456
4.306508e-007,0.0085778521
4.310508e-007,0.0081543338
4.314508e-007,0.0066014336
4.318508e-007,0.0053779364
4.322508e-007,0.005989685
4.326508e-007,0.0079661035
4.330508e-007,0.0092366582
4.334508e-007,0.0090954855
4.338508e-007,0.0084366793
4.342508e-007,0.007683758
4.346508e-007,0.0075425852
4.350508e-007,0.0079661035
4.354508e-007,0.0090013703
4.358508e-007,0.0098013492
4.362508e-007,0.010413098
4.366508e-007,0.010271925
4.370508e-007,0.0091425431
4.374508e-007,0.0072131821
4.378508e-007,0.0057543971
4.382508e-007,0.0056132243
4.386508e-007,0.0070720094
4.390508e-007,0.0085778521
4.394508e-007,0.0094719462
4.398508e-007,0.0092837158
4.402508e-007,0.0084837369
4.406508e-007,0.0078719883
4.410508e-007,0.0080602186
4.414508e-007,0.008248449
4.418508e-007,0.0081543338
4.422508e-007,0.007119067
4.426508e-007,0.0064132032
4.430508e-007,0.006554376
4.434508e-007,0.007683758
4.438508e-007,0.0091425431
4.442508e-007,0.0094248886
4.446508e-007,0.0085778521
4.450508e-007,0.0075425852
4.454508e-007,0.0073072973
4.458508e-007,0.0079661035
4.462508e-007,0.0091896007
4.466508e-007,0.010318983
4.470508e-007,0.010930731
4.474508e-007,0.010460155
4.478508e-007,0.0098013492
4.482508e-007,0.0086249096
4.486508e-007,0.005989685
4.490508e-007,0.0041073816
4.494508e-007,0.0043897271
4.498508e-007,0.005989685
4.502508e-007,0.0085778521
4.506508e-007,0.010460155
4.510508e-007,0.010836616
4.514508e-007,0.010554271
4.518508e-007,0.010413098
4.522508e-007,0.010036637
4.526508e-007,0.0090484279
4.530508e-007,0.007683758
4.534508e-007,0.0068837791
4.538508e-007,0.0075425852
4.542508e-007,0.0090484279
4.546508e-007,0.010507213
4.550508e-007,0.010083695
4.554508e-007,0.0078249307
4.558508e-007,0.0058485122
4.562508e-007,0.0054720516
4.566508e-007,0.0066955487
4.570508e-007,0.0083896217
4.574508e-007,0.0083425641
4.578508e-007,0.0069308366
4.582508e-007,0.0057073395
4.586508e-007,0.0061308577
4.590508e-007,0.0080131611
4.594508e-007,0.010224867
4.598508e-007,0.01036604
4.602508e-007,0.0087660824
4.606508e-007,0.0068367215
4.610508e-007,0.0060838001
4.614508e-007,0.0068367215
4.618508e-007,0.0080602186
4.622508e-007,0.0085307945
4.626508e-007,0.0080602186
4.630508e-007,0.0074014125
4.634508e-007,0.0073072973
4.638508e-007,0.0073072973
4.642508e-007,0.0074484701
4.646508e-007,0.0077778731
4.650508e-007,0.0080602186
4.654508e-007,0.0082955066
4.658508e-007,0.0086719672
4.662508e-007,0.0090954855
4.666508e-007,0.009377831
4.670508e-007,0.009377831
4.674508e-007,0.0089072551
4.678508e-007,0.0080602186
4.682508e-007,0.0069778942
4.686508e-007,0.0069308366
4.690508e-007,0.0079190459
4.694508e-007,0.0095660613
4.698508e-007,0.011024846
4.702508e-007,0.010977789
4.706508e-007,0.0096601765
4.710508e-007,0.0082013914
4.714508e-007,0.0074484701
4.718508e-007,0.0081072762
4.722508e-007,0.0087660824
4.726508e-007,0.00881314
4.730508e-007,0.0077778731
4.734508e-007,0.0069778942
4.738508e-007,0.0072131821
4.742508e-007,0.0082955066
4.746508e-007,0.0090484279
4.750508e-007,0.0085307945
4.754508e-007,0.0069778942
4.758508e-007,0.0058955698
4.762508e-007,0.0071661246
4.766508e-007,0.0098013492
4.770508e-007,0.012154228
4.774508e-007,0.011777768
4.778508e-007,0.0083896217
4.782508e-007,0.0050485333
4.786508e-007,0.0040132665
4.790508e-007,0.005989685
4.794508e-007,0.0092366582
4.798508e-007,0.010789558
4.802508e-007,0.0095190037
4.806508e-007,0.0071661246
4.810508e-007,0.0055661667
4.814508e-007,0.0060367426
4.818508e-007,0.0071661246
4.822508e-007,0.0083896217
4.826508e-007,0.0089543127
4.830508e-007,0.0090013703
4.834508e-007,0.0086249096
4.838508e-007,0.00881314
4.842508e-007,0.0079661035
4.846508e-007,0.0069778942
4.850508e-007,0.0068837791
4.854508e-007,0.0079190459
4.858508e-007,0.00881314
4.862508e-007,0.0085778521
4.866508e-007,0.0069778942
4.870508e-007,0.0046250151
4.874508e-007,0.0037779786
4.878508e-007,0.005424994
4.882508e-007,0.0086719672
4.886508e-007,0.011448365
4.890508e-007,0.012342459
4.894508e-007,0.010883674
4.898508e-007,0.0086719672
4.902508e-007,0.0066014336
4.906508e-007,0.0058955698
4.910508e-007,0.0061779153
4.914508e-007,0.0072602397
4.918508e-007,0.0083896217
4.922508e-007,0.0091425431
4.926508e-007,0.0091896007
4.930508e-007,0.0080131611
4.934508e-007,0.0055661667
4.938508e-007,0.0040132665
4.942508e-007,0.0038250361
4.946508e-007,0.0056602819
4.950508e-007,0.0079661035
4.954508e-007,0.0087190248
4.958508e-007,0.0076367004
4.962508e-007,0.0058485122
4.966508e-007,0.0043426696
4.970508e-007,0.004860303
4.974508e-007,0.0069778942
4.978508e-007,0.0092366582
4.982508e-007,0.01036604
4.986508e-007,0.010460155
4.990508e-007,0.0095190037
4.994508e-007,0.00881314
4.998508e-007,0.0096131189
5.002508e-007,0.010742501
5.006508e-007,0.010742501
5.010508e-007,0.0087660824
5.014508e-007,0.006554376
5.018508e-007,0.0062249729
5.022508e-007,0.0084366793
5.026508e-007,0.011307192
5.030508e-007,0.01173071
5.034508e-007,0.0090013703
5.038508e-007,0.0055191091
5.042508e-007,0.0042485544
5.046508e-007,0.006554376
5.050508e-007,0.0094719462
5.054508e-007,0.010648386
5.058508e-007,0.0091425431
5.062508e-007,0.0072131821
5.066508e-007,0.0071661246
5.070508e-007,0.0087660824
5.074508e-007,0.010224867
5.078508e-007,0.0099895796
5.082508e-007,0.0079661035
5.086508e-007,0.0055191091
5.090508e-007,0.0047191302
5.094508e-007,0.0060367426
5.098508e-007,0.0080602186
5.102508e-007,0.0096601765
5.106508e-007,0.010601328
5.110508e-007,0.011307192
5.114508e-007,0.011213077
5.118508e-007,0.01036604
5.122508e-007,0.0084837369
5.126508e-007,0.0057543971
5.130508e-007,0.0033544603
5.134508e-007,0.0029779996
5.138508e-007,0.0050485333
5.142508e-007,0.0081072762
5.146508e-007,0.0098484068
5.150508e-007,0.0093307734
5.154508e-007,0.007683758
5.158508e-007,0.0074014125
5.162508e-007,0.0087660824
5.166508e-007,0.0097072341
5.170508e-007,0.0086249096
5.174508e-007,0.0051426485
5.178508e-007,0.0021780207
5.182508e-007,0.0027427117
5.186508e-007,0.0067896639
5.190508e-007,0.011071904
5.194508e-007,0.012624804
5.198508e-007,0.010554271
5.202508e-007,0.0069778942
5.206508e-007,0.0049544181
5.210508e-007,0.0055191091
5.214508e-007,0.0071661246
5.218508e-007,0.0077308156
5.222508e-007,0.0067896639
5.226508e-007,0.0059426274
5.230508e-007,0.0064132032
5.234508e-007,0.0081072762
5.238508e-007,0.0096131189
5.242508e-007,0.0098484068
5.246508e-007,0.0095660613
5.250508e-007,0.0095190037
5.254508e-007,0.0095660613
5.258508e-007,0.0085307945
5.262508e-007,0.0066014336
5.266508e-007,0.0042014968
5.270508e-007,0.0042014968
5.274508e-007,0.0064602608
5.278508e-007,0.0096601765
5.282508e-007,0.011118962
5.286508e-007,0.0095660613
5.290508e-007,0.0067426063
5.294508e-007,0.0046720726
5.298508e-007,0.0043897271
5.302508e-007,0.0056602819
5.306508e-007,0.0072602397
5.310508e-007,0.0086249096
5.314508e-007,0.009377831
5.318508e-007,0.0092837158
5.322508e-007,0.0081072762
5.326508e-007,0.0065073184
5.330508e-007,0.005424994
5.334508e-007,0.0057543971
5.338508e-007,0.0073543549
5.342508e-007,0.0090484279
5.346508e-007,0.0090013703
5.350508e-007,0.0078249307
5.354508e-007,0.006554376
5.358508e-007,0.0069778942
5.362508e-007,0.0090954855
5.366508e-007,0.010836616
5.370508e-007,0.010930731
5.374508e-007,0.0094719462
5.378508e-007,0.0077778731
5.382508e-007,0.0072131821
5.386508e-007,0.0078249307
5.390508e-007,0.0087660824
5.394508e-007,0.0091425431
5.398508e-007,0.0091896007
5.402508e-007,0.0089072551
5.406508e-007,0.0082955066
5.410508e-007,0.0078719883
5.414508e-007,0.0071661246
5.418508e-007,0.0074955276
5.422508e-007,0.0081543338
5.426508e-007,0.0081072762
5.430508e-007,0.0069308366
5.434508e-007,0.0067896639
5.438508e-007,0.0075896428
5.442508e-007,0.0090013703
5.446508e-007,0.0093307734
5.450508e-007,0.0084837369
5.454508e-007,0.0066955487
5.458508e-007,0.005424994
5.462508e-007,0.0058014546
5.466508e-007,0.0068367215
5.470508e-007,0.0077778731
5.474508e-007,0.0075896428
5.478508e-007,0.0070720094
5.482508e-007,0.0066014336
5.486508e-007,0.0069308366
5.490508e-007,0.0079190459
5.494508e-007,0.00881314
5.498508e-007,0.0097072341
5.502508e-007,0.0095190037
5.506508e-007,0.008248449
5.510508e-007,0.0074955276
5.514508e-007,0.0079190459
5.518508e-007,0.0092837158
5.522508e-007,0.010036637
5.526508e-007,0.0092837158
5.530508e-007,0.0073543549
5.534508e-007,0.0064602608
5.538508e-007,0.0072131821
5.542508e-007,0.0091896007
5.546508e-007,0.010695443
5.550508e-007,0.0099895796
5.554508e-007,0.0078719883
5.558508e-007,0.0067896639
5.562508e-007,0.0069308366
5.566508e-007,0.0084837369
5.570508e-007,0.010601328
5.574508e-007,0.011118962
5.578508e-007,0.0096131189
5.582508e-007,0.0072602397
5.586508e-007,0.0055191091
5.590508e-007,0.0049544181
5.594508e-007,0.0062720305
5.598508e-007,0.0080131611
5.602508e-007,0.0083896217
5.606508e-007,0.0080131611
5.610508e-007,0.007683758
5.614508e-007,0.0078719883
5.618508e-007,0.0085778521
5.622508e-007,0.0085307945
5.626508e-007,0.0074484701
5.630508e-007,0.0068837791
5.634508e-007,0.0075425852
5.638508e-007,0.0095190037
5.642508e-007,0.010507213
5.646508e-007,0.01017781
5.650508e-007,0.007683758
5.654508e-007,0.0060367426
5.658508e-007,0.0069308366
5.662508e-007,0.0086719672
5.666508e-007,0.0098013492
5.670508e-007,0.0097542917
5.674508e-007,0.0087660824
5.678508e-007,0.0080131611
5.682508e-007,0.007683758
5.686508e-007,0.0072602397
5.690508e-007,0.0063190881
5.694508e-007,0.0058014546
5.698508e-007,0.0060838001
5.702508e-007,0.0069308366
5.706508e-007,0.0086249096
5.710508e-007,0.0094248886
5.714508e-007,0.0089072551
5.718508e-007,0.0078719883
5.722508e-007,0.0079190459
5.726508e-007,0.00881314
5.730508e-007,0.010083695
5.734508e-007,0.010271925
5.738508e-007,0.009377831
5.742508e-007,0.0080131611
5.746508e-007,0.0071661246
5.750508e-007,0.007119067
5.754508e-007,0.0074955276
5.758508e-007,0.0075896428
5.762508e-007,0.0074014125
5.766508e-007,0.0075896428
5.770508e-007,0.0077778731
5.774508e-007,0.0081543338
5.778508e-007,0.0081072762
5.782508e-007,0.0079661035
5.786508e-007,0.0078719883
5.790508e-007,0.0082013914
5.794508e-007,0.0083425641
5.798508e-007,0.0083896217
5.802508e-007,0.008248449
5.806508e-007,0.0079661035
5.810508e-007,0.0080602186
5.814508e-007,0.0086249096
5.818508e-007,0.0090013703
5.822508e-007,0.0087190248
5.826508e-007,0.0081072762
5.830508e-007,0.0073543549
5.834508e-007,0.0072602397
5.838508e-007,0.0075425852
5.842508e-007,0.0074955276
5.846508e-007,0.0084366793
5.850508e-007,0.01036604
5.854508e-007,0.011871883
5.858508e-007,0.011307192
5.862508e-007,0.0086719672
5.866508e-007,0.0057543971
5.870508e-007,0.0045308999
5.874508e-007,0.0056602819
5.878508e-007,0.0079661035
5.882508e-007,0.0089072551
5.886508e-007,0.0085778521
5.890508e-007,0.0074014125
5.894508e-007,0.0063661456
5.898508e-007,0.0061779153
5.902508e-007,0.0074955276
5.906508e-007,0.0090013703
5.910508e-007,0.009942522
5.914508e-007,0.0096131189
5.918508e-007,0.0084837369
5.922508e-007,0.0076367004
5.926508e-007,0.0073072973
5.930508e-007,0.0079190459
5.934508e-007,0.0084837369
5.938508e-007,0.00881314
5.942508e-007,0.0087660824
5.946508e-007,0.00881314
5.950508e-007,0.0087190248
5.954508e-007,0.0085778521
5.958508e-007,0.0080602186
5.962508e-007,0.0075896428
5.966508e-007,0.0081072762
5.970508e-007,0.0091425431
5.974508e-007,0.0095190037
5.978508e-007,0.0098954644
5.982508e-007,0.0098484068
5.986508e-007,0.0098954644
5.990508e-007,0.0097072341
5.994508e-007,0.0089072551
5.998508e-007,0.0078719883
6.002508e-007,0.006554376
6.006508e-007,0.0062720305
6.010508e-007,0.0074484701
6.014508e-007,0.0084837369
6.018508e-007,0.0086249096
6.022508e-007,0.0077308156
6.026508e-007,0.0062249729
6.030508e-007,0.005989685
6.034508e-007,0.007119067
6.038508e-007,0.0087660824
6.042508e-007,0.010507213
6.046508e-007,0.010836616
6.050508e-007,0.0098484068
6.054508e-007,0.0086249096
6.058508e-007,0.0076367004
6.062508e-007,0.0071661246
6.066508e-007,0.0070249518
6.070508e-007,0.0073543549
6.074508e-007,0.0083425641
6.078508e-007,0.0094248886
6.082508e-007,0.0095660613
6.086508e-007,0.0094719462
6.090508e-007,0.0086719672
6.094508e-007,0.0068367215
6.098508e-007,0.0051426485
6.102508e-007,0.0046250151
6.106508e-007,0.0054720516
6.110508e-007,0.007683758
6.114508e-007,0.01017781
6.118508e-007,0.011636595
6.122508e-007,0.010977789
6.126508e-007,0.0093307734
6.130508e-007,0.0080131611
6.134508e-007,0.0084837369
6.138508e-007,0.0095660613
6.142508e-007,0.0097072341
6.146508e-007,0.0085778521
6.150508e-007,0.0068837791
6.154508e-007,0.0058014546
6.158508e-007,0.0064132032
6.162508e-007,0.008248449
6.166508e-007,0.0094719462
6.170508e-007,0.0085778521
6.174508e-007,0.007119067
6.178508e-007,0.0068837791
6.182508e-007,0.0075425852
6.186508e-007,0.0082013914
6.190508e-007,0.0079190459
6.194508e-007,0.0067426063
6.198508e-007,0.0063190881
6.202508e-007,0.0072131821
6.206508e-007,0.0093307734
6.210508e-007,0.011401307
6.214508e-007,0.011448365
6.218508e-007,0.0098013492
6.222508e-007,0.0079190459
6.226508e-007,0.0070249518
6.230508e-007,0.0072602397
6.234508e-007,0.0079661035
6.238508e-007,0.0079661035
6.242508e-007,0.0073543549
6.246508e-007,0.0069778942
6.250508e-007,0.0073072973
6.254508e-007,0.0083425641
6.258508e-007,0.0087190248
6.262508e-007,0.008248449
6.266508e-007,0.0074484701
6.270508e-007,0.0069308366
6.274508e-007,0.0073072973
6.278508e-007,0.0084366793
6.282508e-007,0.0091896007
6.286508e-007,0.0098954644
6.290508e-007,0.010036637
6.294508e-007,0.010318983
6.298508e-007,0.010413098
6.302508e-007,0.0095190037
6.306508e-007,0.0076367004
6.310508e-007,0.0059426274
6.314508e-007,0.0053308788
6.318508e-007,0.0061779153
6.322508e-007,0.0078719883
6.326508e-007,0.0086719672
6.330508e-007,0.0082955066
6.334508e-007,0.0075425852
6.338508e-007,0.007119067
6.342508e-007,0.0073072973
6.346508e-007,0.0076367004
6.350508e-007,0.0079190459
6.354508e-007,0.0090954855
6.358508e-007,0.010318983
6.362508e-007,0.011024846
6.366508e-007,0.01036604
6.370508e-007,0.0084366793
6.374508e-007,0.0058014546
6.378508e-007,0.0042485544
6.382508e-007,0.0046720726
6.386508e-007,0.0062720305
6.390508e-007,0.0084366793
6.394508e-007,0.0099895796
6.398508e-007,0.011307192
6.402508e-007,0.01191894
6.406508e-007,0.011307192
6.410508e-007,0.0092366582
6.414508e-007,0.0066955487
6.418508e-007,0.0045779575
6.422508e-007,0.0037779786
6.426508e-007,0.0045779575
6.430508e-007,0.0056602819
6.434508e-007,0.0070720094
6.438508e-007,0.0079661035
6.442508e-007,0.0078719883
6.446508e-007,0.0072602397
6.450508e-007,0.0066484911
6.454508e-007,0.0072131821
6.458508e-007,0.0088601976
6.462508e-007,0.0099895796
6.466508e-007,0.009942522
6.470508e-007,0.0085778521
6.474508e-007,0.0076367004
6.478508e-007,0.0081072762
6.482508e-007,0.0086719672
6.486508e-007,0.0080131611
6.490508e-007,0.0058014546
6.494508e-007,0.0041544392
6.498508e-007,0.005424994
6.502508e-007,0.0094719462
6.506508e-007,0.013613013
6.510508e-007,0.014930626
6.514508e-007,0.012765977
6.518508e-007,0.0089543127
6.522508e-007,0.0060838001
6.526508e-007,0.0053308788
6.530508e-007,0.0054720516
6.534508e-007,0.0057543971
6.538508e-007,0.0068367215
6.542508e-007,0.0084366793
6.546508e-007,0.0098013492
6.550508e-007,0.010130752
6.554508e-007,0.009377831
6.558508e-007,0.0075896428
6.562508e-007,0.0062249729
6.566508e-007,0.0067896639
6.570508e-007,0.007683758
6.574508e-007,0.0085778521
6.578508e-007,0.0092366582
6.582508e-007,0.009377831
6.586508e-007,0.0089543127
6.590508e-007,0.0084366793
6.594508e-007,0.0081072762
6.598508e-007,0.0082955066
6.602508e-007,0.0086719672
6.606508e-007,0.0089543127
6.610508e-007,0.0089543127
6.614508e-007,0.0089543127
6.618508e-007,0.0090484279
6.622508e-007,0.0090954855
6.626508e-007,0.0085778521
6.630508e-007,0.007119067
6.634508e-007,0.0055661667
6.638508e-007,0.0054720516
6.642508e-007,0.0068837791
6.646508e-007,0.0085307945
6.650508e-007,0.0087660824
6.654508e-007,0.0076367004
6.658508e-007,0.0067426063
6.662508e-007,0.005989685
6.666508e-007,0.0058014546
6.670508e-007,0.0061308577
6.674508e-007,0.0066014336
6.678508e-007,0.0069308366
6.682508e-007,0.0069308366
6.686508e-007,0.0064602608
6.690508e-007,0.0061308577
6.694508e-007,0.0064132032
6.698508e-007,0.0076367004
6.702508e-007,0.0094248886
6.706508e-007,0.010695443
6.710508e-007,0.010554271
6.714508e-007,0.0098954644
6.718508e-007,0.0082013914
6.722508e-007,0.0063661456
6.726508e-007,0.0050955909
6.730508e-007,0.0050014757
6.734508e-007,0.0060367426
6.738508e-007,0.0071661246
6.742508e-007,0.007683758
6.746508e-007,0.0077308156
6.750508e-007,0.0072602397
6.754508e-007,0.0069778942
6.758508e-007,0.0068367215
6.762508e-007,0.0063661456
6.766508e-007,0.005989685
6.770508e-007,0.0060838001
6.774508e-007,0.0070249518
6.778508e-007,0.0084837369
6.782508e-007,0.0098013492
6.786508e-007,0.010695443
6.790508e-007,0.010130752
6.794508e-007,0.0080602186
6.798508e-007,0.0062720305
6.802508e-007,0.0051897061
6.806508e-007,0.0057073395
6.810508e-007,0.0078719883
6.814508e-007,0.0098013492
6.818508e-007,0.010083695
6.822508e-007,0.00881314
6.826508e-007,0.0064602608
6.830508e-007,0.0046250151
6.834508e-007,0.0044838423
6.838508e-007,0.005989685
6.842508e-007,0.0075425852
6.846508e-007,0.0087660824
6.850508e-007,0.0093307734
6.854508e-007,0.0088601976
6.858508e-007,0.0078719883
6.862508e-007,0.0078719883
6.866508e-007,0.0091425431
6.870508e-007,0.010554271
6.874508e-007,0.011118962
6.878508e-007,0.010083695
6.882508e-007,0.0074955276
6.886508e-007,0.004860303
6.890508e-007,0.0043897271
6.894508e-007,0.0057073395
6.898508e-007,0.0077308156
6.902508e-007,0.0090013703
6.906508e-007,0.0087190248
6.910508e-007,0.007683758
6.914508e-007,0.0069778942
6.918508e-007,0.0070249518
6.922508e-007,0.0073543549
6.926508e-007,0.0071661246
6.930508e-007,0.0063661456
6.934508e-007,0.0057543971
6.938508e-007,0.0061779153
6.942508e-007,0.0074955276
6.946508e-007,0.0085307945
6.950508e-007,0.0079661035
6.954508e-007,0.0066955487
6.958508e-007,0.0061308577
6.962508e-007,0.0071661246
6.966508e-007,0.0092366582
6.970508e-007,0.010318983
6.974508e-007,0.0098484068
6.978508e-007,0.0083896217
6.982508e-007,0.0070249518
6.986508e-007,0.0074484701
6.990508e-007,0.008248449
6.994508e-007,0.0081543338
6.998508e-007,0.0073543549
7.002508e-007,0.0070249518
7.006508e-007,0.0074484701
7.010508e-007,0.0084837369
7.014508e-007,0.0089543127
7.018508e-007,0.0086249096
7.022508e-007,0.0074484701
7.026508e-007,0.0072602397
7.030508e-007,0.0076367004
7.034508e-007,0.0080131611
7.038508e-007,0.0077308156
7.042508e-007,0.0073543549
7.046508e-007,0.0072131821
7.050508e-007,0.0075896428
7.054508e-007,0.0079661035
7.058508e-007,0.0076367004
7.062508e-007,0.0064132032
7.066508e-007,0.0056132243
7.070508e-007,0.0058955698
7.074508e-007,0.007119067
7.078508e-007,0.0084837369
7.082508e-007,0.009377831
7.086508e-007,0.0090954855
7.090508e-007,0.0087190248
7.094508e-007,0.0085778521
7.098508e-007,0.0079190459
7.102508e-007,0.0069308366
7.106508e-007,0.0064602608
7.110508e-007,0.0061779153
7.114508e-007,0.0067896639
7.118508e-007,0.0072131821
7.122508e-007,0.0079661035
7.126508e-007,0.0083896217
7.130508e-007,0.0083425641
7.134508e-007,0.0086249096
7.138508e-007,0.0090954855
7.142508e-007,0.0098954644
7.146508e-007,0.010601328
7.150508e-007,0.010318983
7.154508e-007,0.0089543127
7.158508e-007,0.006554376
7.162508e-007,0.0048132454
7.166508e-007,0.0053308788
7.170508e-007,0.0071661246
7.174508e-007,0.0088601976
7.178508e-007,0.0084837369
7.182508e-007,0.0063190881
7.186508e-007,0.0044838423
7.190508e-007,0.004860303
7.194508e-007,0.0067426063
7.198508e-007,0.0086719672
7.202508e-007,0.0098013492
7.206508e-007,0.01036604
7.210508e-007,0.01036604
7.214508e-007,0.0097072341
7.218508e-007,0.0080602186
7.222508e-007,0.0058014546
7.226508e-007,0.0044367847
7.230508e-007,0.0046720726
7.234508e-007,0.0068367215
7.238508e-007,0.0088601976
7.242508e-007,0.0091425431
7.246508e-007,0.0086249096
7.250508e-007,0.0077308156
7.254508e-007,0.0072131821
7.258508e-007,0.0073072973
7.262508e-007,0.007683758
7.266508e-007,0.008248449
7.270508e-007,0.0086719672
7.274508e-007,0.0087190248
7.278508e-007,0.0080131611
7.282508e-007,0.0069308366
7.286508e-007,0.0063190881
7.290508e-007,0.0064132032
7.294508e-007,0.0079661035
7.298508e-007,0.0095190037
7.302508e-007,0.0096131189
7.306508e-007,0.0086249096
7.310508e-007,0.0074484701
7.314508e-007,0.0068367215
7.318508e-007,0.0078249307
7.322508e-007,0.0094719462
7.326508e-007,0.01036604
7.330508e-007,0.009942522
7.334508e-007,0.009377831
7.338508e-007,0.0091896007
7.342508e-007,0.0089072551
7.346508e-007,0.0085778521
7.350508e-007,0.0072602397
7.354508e-007,0.0058955698
7.358508e-007,0.0058955698
7.362508e-007,0.0074484701
7.366508e-007,0.0085307945
7.370508e-007,0.0082955066
7.374508e-007,0.0062249729
7.378508e-007,0.003730921
7.382508e-007,0.00316623
7.386508e-007,0.0045779575
7.390508e-007,0.0070249518
7.394508e-007,0.0092837158
7.398508e-007,0.010413098
7.402508e-007,0.010601328
7.406508e-007,0.010036637
7.410508e-007,0.0087190248
7.414508e-007,0.0080602186
7.418508e-007,0.0077778731
7.422508e-007,0.0081543338
7.426508e-007,0.0085778521
7.430508e-007,0.0082955066
7.434508e-007,0.0083896217
7.438508e-007,0.0090954855
7.442508e-007,0.010318983
7.446508e-007,0.010836616
7.450508e-007,0.0094248886
7.454508e-007,0.0067896639
7.458508e-007,0.0051897061
7.462508e-007,0.0060367426
7.466508e-007,0.0087190248
7.470508e-007,0.010271925
7.474508e-007,0.0092837158
7.478508e-007,0.0066484911
7.482508e-007,0.0050485333
7.486508e-007,0.0056602819
7.490508e-007,0.0075425852
7.494508e-007,0.0084837369
7.498508e-007,0.0077778731
7.502508e-007,0.0063190881
7.506508e-007,0.0057543971
7.510508e-007,0.0068367215
7.514508e-007,0.0089543127
7.518508e-007,0.01017781
7.522508e-007,0.0097072341
7.526508e-007,0.0084837369
7.530508e-007,0.0074484701
7.534508e-007,0.0069308366
7.538508e-007,0.006554376
7.542508e-007,0.0067426063
7.546508e-007,0.0068837791
7.550508e-007,0.0069778942
7.554508e-007,0.0070249518
7.558508e-007,0.0070720094
7.562508e-007,0.0072131821
7.566508e-007,0.0086719672
7.570508e-007,0.010413098
7.574508e-007,0.01173071
7.578508e-007,0.010601328
7.582508e-007,0.0080602186
7.586508e-007,0.0049544181
7.590508e-007,0.0037779786
7.594508e-007,0.0056132243
7.598508e-007,0.0082955066
7.602508e-007,0.0097072341
7.606508e-007,0.0098013492
7.610508e-007,0.0083896217
7.614508e-007,0.0076367004
7.618508e-007,0.00881314
7.622508e-007,0.010789558
7.626508e-007,0.011636595
7.630508e-007,0.0094719462
7.634508e-007,0.0053308788
7.638508e-007,0.0025074238
7.642508e-007,0.0024133086
7.646508e-007,0.0052367636
7.650508e-007,0.0083425641
7.654508e-007,0.0097072341
7.658508e-007,0.0085307945
7.662508e-007,0.0068367215
7.666508e-007,0.0066955487
7.670508e-007,0.0078719883
7.674508e-007,0.0096601765
7.678508e-007,0.010742501
7.682508e-007,0.010271925
7.686508e-007,0.0091425431
7.690508e-007,0.0077778731
7.694508e-007,0.0064132032
7.698508e-007,0.0064602608
7.702508e-007,0.0080602186
7.706508e-007,0.0099895796
7.710508e-007,0.010836616
7.714508e-007,0.009942522
7.718508e-007,0.0075896428
7.722508e-007,0.0054720516
7.726508e-007,0.005424994
7.730508e-007,0.0066484911
7.734508e-007,0.0077308156
7.738508e-007,0.0079190459
7.742508e-007,0.0076367004
7.746508e-007,0.0078249307
7.750508e-007,0.0083425641
7.754508e-007,0.0091425431
7.758508e-007,0.0086719672
7.762508e-007,0.0070249518
7.766508e-007,0.0063190881
7.770508e-007,0.007119067
7.774508e-007,0.0086249096
7.778508e-007,0.0094248886
7.782508e-007,0.0086719672
7.786508e-007,0.0069778942
7.790508e-007,0.0058955698
7.794508e-007,0.0057073395
7.798508e-007,0.0070249518
7.802508e-007,0.00881314
7.806508e-007,0.010036637
7.810508e-007,0.010318983
7.814508e-007,0.0090013703
7.818508e-007,0.0071661246
7.822508e-007,0.0059426274
7.826508e-007,0.0061308577
7.830508e-007,0.0071661246
7.834508e-007,0.0080602186
7.838508e-007,0.0081072762
7.842508e-007,0.0073072973
7.846508e-007,0.0069778942
7.850508e-007,0.0080131611
7.854508e-007,0.01017781
7.858508e-007,0.011118962
7.862508e-007,0.0098484068
7.866508e-007,0.0065073184
7.870508e-007,0.0038250361
7.874508e-007,0.0034485755
7.878508e-007,0.0057543971
7.882508e-007,0.0088601976
7.886508e-007,0.010883674
7.890508e-007,0.01036604
7.894508e-007,0.0080131611
7.898508e-007,0.0057073395
7.902508e-007,0.0049544181
7.906508e-007,0.0063190881
7.910508e-007,0.0079661035
7.914508e-007,0.0089543127
7.918508e-007,0.0093307734
7.922508e-007,0.0087660824
7.926508e-007,0.0077778731
7.930508e-007,0.0064602608
7.934508e-007,0.0056602819
7.938508e-007,0.0059426274
7.942508e-007,0.0071661246
7.946508e-007,0.0082013914
7.950508e-007,0.0086249096
7.954508e-007,0.0078249307
7.958508e-007,0.0063190881
7.962508e-007,0.0053779364
7.966508e-007,0.0050955909
7.970508e-007,0.005989685
7.974508e-007,0.007683758
7.978508e-007,0.0088601976
7.982508e-007,0.00881314
7.986508e-007,0.0077778731
7.990508e-007,0.0068367215
7.994508e-007,0.0061308577
7.998508e-007,0.0064132032
8.002508e-007,0.0075896428
8.006508e-007,0.0086719672
8.010508e-007,0.0091425431
8.014508e-007,0.0091896007
8.018508e-007,0.0086249096
8.022508e-007,0.0079661035
8.026508e-007,0.0077308156
8.030508e-007,0.0078249307
8.034508e-007,0.00881314
8.038508e-007,0.0098954644
8.042508e-007,0.0098013492
8.046508e-007,0.0083425641
8.050508e-007,0.0057543971
8.054508e-007,0.0037779786
8.058508e-007,0.0043897271
8.062508e-007,0.0070720094
8.066508e-007,0.010036637
8.070508e-007,0.010930731
8.074508e-007,0.0091425431
8.078508e-007,0.0067896639
8.082508e-007,0.0055661667
8.086508e-007,0.0069778942
8.090508e-007,0.010036637
8.094508e-007,0.012389516
8.098508e-007,0.012107171
8.102508e-007,0.0097542917
8.106508e-007,0.0068837791
8.110508e-007,0.0051426485
8.114508e-007,0.0050955909
8.118508e-007,0.0062720305
8.122508e-007,0.0078719883
8.126508e-007,0.0093307734
8.130508e-007,0.010554271
8.134508e-007,0.010648386
8.138508e-007,0.0092837158
8.142508e-007,0.0078719883
8.146508e-007,0.0069778942
8.150508e-007,0.007119067
8.154508e-007,0.0078719883
8.158508e-007,0.0079661035
8.162508e-007,0.0073543549
8.166508e-007,0.0062249729
8.170508e-007,0.0058955698
8.174508e-007,0.0066484911
8.178508e-007,0.0077308156
8.182508e-007,0.008248449
8.186508e-007,0.0078249307
8.190508e-007,0.0076367004
8.194508e-007,0.0077778731
8.198508e-007,0.0083896217
8.202508e-007,0.0089543127
8.206508e-007,0.0086249096
8.210508e-007,0.0078249307
8.214508e-007,0.0068367215
8.218508e-007,0.0067896639
8.222508e-007,0.0082013914
8.226508e-007,0.0097542917
8.230508e-007,0.009942522
8.234508e-007,0.009377831
8.238508e-007,0.0079190459
8.242508e-007,0.0060838001
8.246508e-007,0.0056602819
8.250508e-007,0.0068837791
8.254508e-007,0.0080131611
8.258508e-007,0.0082955066
8.262508e-007,0.0079190459
8.266508e-007,0.007119067
8.270508e-007,0.0064132032
8.274508e-007,0.0066955487
8.278508e-007,0.0072602397
8.282508e-007,0.0077308156
8.286508e-007,0.0081543338
8.290508e-007,0.0084366793
8.294508e-007,0.0087190248
8.298508e-007,0.0087660824
8.302508e-007,0.00881314
8.306508e-007,0.0086249096
8.310508e-007,0.0082013914
8.314508e-007,0.0084366793
8.318508e-007,0.008248449
8.322508e-007,0.0068837791
8.326508e-007,0.0050955909
8.330508e-007,0.0041073816
8.334508e-007,0.0047661878
8.338508e-007,0.0074014125
8.342508e-007,0.010318983
8.346508e-007,0.011683653
8.350508e-007,0.010695443
8.354508e-007,0.0078719883
8.358508e-007,0.0051897061
8.362508e-007,0.0044838423
8.366508e-007,0.0058955698
8.370508e-007,0.0086249096
8.374508e-007,0.010648386
8.378508e-007,0.010224867
8.382508e-007,0.0074484701
8.386508e-007,0.0050485333
8.390508e-007,0.0046720726
8.394508e-007,0.005989685
8.398508e-007,0.0081072762
8.402508e-007,0.0097542917
8.406508e-007,0.010413098
8.410508e-007,0.010036637
8.414508e-007,0.0091896007
8.418508e-007,0.0082955066
8.422508e-007,0.0077308156
8.426508e-007,0.0074014125
8.430508e-007,0.007119067
8.434508e-007,0.0066484911
8.438508e-007,0.0056132243
8.442508e-007,0.0052367636
8.446508e-007,0.0061308577
8.450508e-007,0.00881314
8.454508e-007,0.011871883
8.458508e-007,0.01290715
8.462508e-007,0.012060113
8.466508e-007,0.009942522
8.470508e-007,0.0080131611
8.474508e-007,0.0069308366
8.478508e-007,0.0063661456
8.482508e-007,0.0067426063
8.486508e-007,0.0073543549
8.490508e-007,0.0082013914
8.494508e-007,0.0084366793
8.498508e-007,0.0075896428
8.502508e-007,0.0058014546
8.506508e-007,0.0044367847
8.510508e-007,0.0053779364
8.514508e-007,0.0086719672
8.518508e-007,0.011401307
8.522508e-007,0.012013056
8.526508e-007,0.010695443
8.530508e-007,0.0088601976
8.534508e-007,0.0078719883
8.538508e-007,0.0078249307
8.542508e-007,0.0078249307
8.546508e-007,0.0066484911
8.550508e-007,0.0052838212
8.554508e-007,0.0048132454
8.558508e-007,0.0055191091
8.562508e-007,0.0068367215
8.566508e-007,0.0069308366
8.570508e-007,0.0059426274
8.574508e-007,0.0049544181
8.578508e-007,0.0053779364
8.582508e-007,0.0064132032
8.586508e-007,0.0074014125
8.590508e-007,0.0081072762
8.594508e-007,0.008248449
8.598508e-007,0.0085778521
8.602508e-007,0.0090954855
8.606508e-007,0.0090484279
8.610508e-007,0.008248449
8.614508e-007,0.0071661246
8.618508e-007,0.0066955487
8.622508e-007,0.0073543549
8.626508e-007,0.0084837369
8.630508e-007,0.0092366582
8.634508e-007,0.009377831
8.638508e-007,0.0095190037
8.642508e-007,0.010083695
8.646508e-007,0.010836616
8.650508e-007,0.011024846
8.654508e-007,0.010036637
8.658508e-007,0.0080602186
8.662508e-007,0.0059426274
8.666508e-007,0.0052367636
8.670508e-007,0.0062249729
8.674508e-007,0.0080602186
8.678508e-007,0.0096601765
8.682508e-007,0.0092366582
8.686508e-007,0.0081543338
8.690508e-007,0.0073543549
8.694508e-007,0.0072602397
8.698508e-007,0.0074484701
8.702508e-007,0.0075896428
8.706508e-007,0.0073072973
8.710508e-007,0.0070720094
8.714508e-007,0.0074014125
8.718508e-007,0.008248449
8.722508e-007,0.0087660824
8.726508e-007,0.0087190248
8.730508e-007,0.0078719883
8.734508e-007,0.0068837791
8.738508e-007,0.0067426063
8.742508e-007,0.0077308156
8.746508e-007,0.009377831
8.750508e-007,0.010413098
8.754508e-007,0.0098484068
8.758508e-007,0.0079190459
8.762508e-007,0.0063661456
8.766508e-007,0.0066484911
8.770508e-007,0.0087190248
8.774508e-007,0.010695443
8.778508e-007,0.010413098
8.782508e-007,0.0087190248
8.786508e-007,0.0070249518
8.790508e-007,0.0067426063
8.794508e-007,0.0082955066
8.798508e-007,0.0095190037
8.802508e-007,0.0088601976
8.806508e-007,0.0064132032
8.810508e-007,0.0041544392
8.814508e-007,0.0039662089
8.818508e-007,0.0063190881
8.822508e-007,0.0091896007
8.826508e-007,0.010413098
8.830508e-007,0.0096601765
8.834508e-007,0.0079190459
8.838508e-007,0.0063661456
8.842508e-007,0.0061779153
8.846508e-007,0.0068367215
8.850508e-007,0.0068367215
8.854508e-007,0.0064132032
8.858508e-007,0.0061308577
8.862508e-007,0.007119067
8.866508e-007,0.0082955066
8.870508e-007,0.0089543127
8.874508e-007,0.009377831
8.878508e-007,0.0089072551
8.882508e-007,0.0080131611
8.886508e-007,0.0075425852
8.890508e-007,0.0080602186
8.894508e-007,0.00881314
8.898508e-007,0.0090954855
8.902508e-007,0.0079190459
8.906508e-007,0.0062720305
8.910508e-007,0.0057543971
8.914508e-007,0.007119067
8.918508e-007,0.0094248886
8.922508e-007,0.010930731
8.926508e-007,0.0097072341
8.930508e-007,0.0072602397
8.934508e-007,0.0057073395
8.938508e-007,0.0058485122
8.942508e-007,0.007683758
8.946508e-007,0.0098954644
8.950508e-007,0.010883674
8.954508e-007,0.010507213
8.958508e-007,0.0094719462
8.962508e-007,0.0082013914
8.966508e-007,0.0073543549
8.970508e-007,0.0071661246
8.974508e-007,0.0074955276
8.978508e-007,0.0079190459
8.982508e-007,0.0085307945
8.986508e-007,0.0085778521
8.990508e-007,0.0077778731
8.994508e-007,0.0066014336
8.998508e-007,0.0056602819
9.002508e-007,0.0056602819
9.006508e-007,0.0070720094
9.010508e-007,0.0093307734
9.014508e-007,0.010977789
9.018508e-007,0.010507213
9.022508e-007,0.0083425641
9.026508e-007,0.0056602819
9.030508e-007,0.0046720726
9.034508e-007,0.0061779153
9.038508e-007,0.0080602186
9.042508e-007,0.0083896217
9.046508e-007,0.0066014336
9.050508e-007,0.0050485333
9.054508e-007,0.0056132243
9.058508e-007,0.0085778521
9.062508e-007,0.011965998
9.066508e-007,0.012718919
9.070508e-007,0.010789558
9.074508e-007,0.0086249096
9.078508e-007,0.008248449
9.082508e-007,0.0091425431
9.086508e-007,0.0098013492
9.090508e-007,0.0090954855
9.094508e-007,0.0078249307
9.098508e-007,0.0068367215
9.102508e-007,0.0063661456
9.106508e-007,0.0061308577
9.110508e-007,0.0060838001
9.114508e-007,0.0068367215
9.118508e-007,0.0086249096
9.122508e-007,0.010695443
9.126508e-007,0.011354249
9.130508e-007,0.0091896007
9.134508e-007,0.0057073395
9.138508e-007,0.0031191724
9.142508e-007,0.0035426906
9.146508e-007,0.0066014336
9.150508e-007,0.0095660613
9.154508e-007,0.010836616
9.158508e-007,0.0091425431
9.162508e-007,0.0067426063
9.166508e-007,0.0060838001
9.170508e-007,0.0080131611
9.174508e-007,0.011118962
9.178508e-007,0.01309538
9.182508e-007,0.011871883
9.186508e-007,0.0086249096
9.190508e-007,0.0061308577
9.194508e-007,0.0052838212
9.198508e-007,0.005989685
9.202508e-007,0.0066484911
9.206508e-007,0.0063190881
9.210508e-007,0.0055191091
9.214508e-007,0.0053779364
9.218508e-007,0.0061779153
9.222508e-007,0.0068367215
9.226508e-007,0.0079190459
9.230508e-007,0.0086719672
9.234508e-007,0.0099895796
9.238508e-007,0.011260134
9.242508e-007,0.010460155
9.246508e-007,0.0080131611
9.250508e-007,0.0066014336
9.254508e-007,0.0071661246
9.258508e-007,0.0090484279
9.262508e-007,0.010789558
9.266508e-007,0.0098954644
9.270508e-007,0.0070720094
9.274508e-007,0.0049544181
9.278508e-007,0.0056602819
9.282508e-007,0.0078249307
9.286508e-007,0.0090013703
9.290508e-007,0.0087190248
9.294508e-007,0.007683758
9.298508e-007,0.0072602397
9.302508e-007,0.0082955066
9.306508e-007,0.0093307734
9.310508e-007,0.0096601765
9.314508e-007,0.0082013914
9.318508e-007,0.0061308577
9.322508e-007,0.0052367636
9.326508e-007,0.0058955698
9.330508e-007,0.0072131821
9.334508e-007,0.0080131611
9.338508e-007,0.0080602186
9.342508e-007,0.0076367004
9.346508e-007,0.0074014125
9.350508e-007,0.0075425852
9.354508e-007,0.0074014125
9.358508e-007,0.0074955276
9.362508e-007,0.0081072762
9.366508e-007,0.0090484279
9.370508e-007,0.009942522
9.374508e-007,0.0098484068
9.378508e-007,0.0085307945
9.382508e-007,0.0064602608
9.386508e-007,0.0057073395
9.390508e-007,0.0069778942
9.394508e-007,0.0096601765
9.398508e-007,0.012201286
9.402508e-007,0.012201286
9.406508e-007,0.0095190037
9.410508e-007,0.0067896639
9.414508e-007,0.0058955698
9.418508e-007,0.0066014336
9.422508e-007,0.0084366793
9.426508e-007,0.0097542917
9.430508e-007,0.0095660613
9.434508e-007,0.0085778521
9.438508e-007,0.0078719883
9.442508e-007,0.0083425641
9.446508e-007,0.0096601765
9.450508e-007,0.010742501
9.454508e-007,0.010413098
9.458508e-007,0.0085778521
9.462508e-007,0.0057543971
9.466508e-007,0.0042485544
9.470508e-007,0.0053779364
9.474508e-007,0.0086719672
9.478508e-007,0.011683653
9.482508e-007,0.012295401
9.486508e-007,0.0099895796
9.490508e-007,0.0067896639
9.494508e-007,0.0052838212
9.498508e-007,0.0055661667
9.502508e-007,0.005989685
9.506508e-007,0.0066014336
9.510508e-007,0.0070249518
9.514508e-007,0.0075425852
9.518508e-007,0.0086719672
9.522508e-007,0.0097072341
9.526508e-007,0.0097072341
9.530508e-007,0.0088601976
9.534508e-007,0.0078249307
9.538508e-007,0.007119067
9.542508e-007,0.0066955487
9.546508e-007,0.0066484911
9.550508e-007,0.0073543549
9.554508e-007,0.0089072551
9.558508e-007,0.0096131189
9.562508e-007,0.0092837158
9.566508e-007,0.0080131611
9.570508e-007,0.0073543549
9.574508e-007,0.0080131611
9.578508e-007,0.0093307734
9.582508e-007,0.0098954644
9.586508e-007,0.0082013914
9.590508e-007,0.0057543971
9.594508e-007,0.0047661878
9.598508e-007,0.0063190881
9.602508e-007,0.0083425641
9.606508e-007,0.0090954855
9.610508e-007,0.008248449
9.614508e-007,0.0069778942
9.618508e-007,0.0064602608
9.622508e-007,0.0073072973
9.626508e-007,0.0081072762
9.630508e-007,0.0078719883
9.634508e-007,0.0070720094
9.638508e-007,0.0066484911
9.642508e-007,0.0070720094
9.646508e-007,0.0077308156
9.650508e-007,0.007683758
9.654508e-007,0.0080131611
9.658508e-007,0.0090013703
9.662508e-007,0.0097072341
9.666508e-007,0.0094248886
9.670508e-007,0.0073072973
9.674508e-007,0.0051897061
9.678508e-007,0.0050014757
9.682508e-007,0.0072602397
9.686508e-007,0.009942522
9.690508e-007,0.010977789
9.694508e-007,0.0092837158
9.698508e-007,0.0070720094
9.702508e-007,0.0066955487
9.706508e-007,0.0082955066
9.710508e-007,0.010083695
9.714508e-007,0.010083695
9.718508e-007,0.0081072762
9.722508e-007,0.0061779153
9.726508e-007,0.0058014546
9.730508e-007,0.0065073184
9.734508e-007,0.0073543549
9.738508e-007,0.0074014125
9.742508e-007,0.0074484701
9.746508e-007,0.0082013914
9.750508e-007,0.0091425431
9.754508e-007,0.0088601976
9.758508e-007,0.0067426063
9.762508e-007,0.0045308999
9.766508e-007,0.0034015179
9.770508e-007,0.004295612
9.774508e-007,0.0071661246
9.778508e-007,0.0094719462
9.782508e-007,0.010083695
9.786508e-007,0.0091896007
9.790508e-007,0.008248449
9.794508e-007,0.0081072762
9.798508e-007,0.0086719672
9.802508e-007,0.0097072341
9.806508e-007,0.0097072341
9.810508e-007,0.0087660824
9.814508e-007,0.0071661246
9.818508e-007,0.0058955698
9.822508e-007,0.005989685
9.826508e-007,0.0063190881
9.830508e-007,0.0062720305
9.834508e-007,0.0061308577
9.838508e-007,0.006554376
9.842508e-007,0.0077308156
9.846508e-007,0.009377831
9.850508e-007,0.01036604
9.854508e-007,0.0097542917
9.858508e-007,0.0078719883
9.862508e-007,0.0054720516
9.866508e-007,0.0042014968
9.870508e-007,0.0048132454
9.874508e-007,0.0062720305
9.878508e-007,0.0077308156
9.882508e-007,0.0082013914
9.886508e-007,0.0085307945
9.890508e-007,0.0086249096
9.894508e-007,0.0094248886
9.898508e-007,0.010271925
9.902508e-007,0.010130752
9.906508e-007,0.0091425431
9.910508e-007,0.0082013914
9.914508e-007,0.0077778731
9.918508e-007,0.0081543338
9.922508e-007,0.0081543338
9.926508e-007,0.0068837791
9.930508e-007,0.0053308788
9.934508e-007,0.0049544181
9.938508e-007,0.0065073184
9.942508e-007,0.0094719462
9.946508e-007,0.012201286
9.950508e-007,0.012295401
9.954508e-007,0.01017781
9.958508e-007,0.0074955276
9.962508e-007,0.0061779153
9.966508e-007,0.0066955487
9.970508e-007,0.0082955066
9.974508e-007,0.0094719462
9.978508e-007,0.0092837158
9.982508e-007,0.0074484701
9.986508e-007,0.0060838001
9.990508e-007,0.0058485122
9.994508e-007,0.007683758
9.998508e-007,0.010554271
1.000251e-006,0.012436574
1.000651e-006,0.011166019
1.001051e-006,0.0072131821
1.001451e-006,0.0030250572
1.001851e-006,0.0016603873
1.002251e-006,0.0040603241
1.002651e-006,0.0087190248
1.003051e-006,0.011871883
1.003451e-006,0.011636595
1.003851e-006,0.0093307734
1.004251e-006,0.0072131821
1.004651e-006,0.0066014336
1.005051e-006,0.0072602397
1.005451e-006,0.0082013914
1.005851e-006,0.0090954855
1.006251e-006,0.0094248886
1.006651e-006,0.0090484279
1.007051e-006,0.0083896217
1.007451e-006,0.0078249307
1.007851e-006,0.0080602186
1.008251e-006,0.0086249096
1.008651e-006,0.0088601976
1.009051e-006,0.0077778731
1.009451e-006,0.0066955487
1.009851e-006,0.0068837791
1.010251e-006,0.0082013914
1.010651e-006,0.009377831
1.011051e-006,0.0087660824
1.011451e-006,0.0066014336
1.011851e-006,0.0043426696
1.012251e-006,0.0040603241
1.012651e-006,0.0058485122
1.013051e-006,0.0076367004
1.013451e-006,0.0082955066
1.013851e-006,0.0073543549
1.014251e-006,0.0058485122
1.014651e-006,0.0047661878
1.015051e-006,0.0058014546
1.015451e-006,0.0084837369
1.015851e-006,0.011448365
1.016251e-006,0.012342459
1.016651e-006,0.010930731
1.017051e-006,0.0074014125
1.017451e-006,0.0044367847
1.017851e-006,0.0042485544
1.018251e-006,0.0060367426
1.018651e-006,0.0082013914
1.019051e-006,0.0087190248
1.019451e-006,0.0079190459
1.019851e-006,0.007683758
1.020251e-006,0.0087190248
1.020651e-006,0.010318983
1.021051e-006,0.0098013492
1.021451e-006,0.0071661246
1.021851e-006,0.0043897271
1.022251e-006,0.0039662089
1.022651e-006,0.0059426274
1.023051e-006,0.0084837369
1.023451e-006,0.0095660613
1.023851e-006,0.0089072551
1.024251e-006,0.0073072973
1.024651e-006,0.0066484911
1.025051e-006,0.0066014336
1.025451e-006,0.0074484701
1.025851e-006,0.0089543127
1.026251e-006,0.010836616
1.026651e-006,0.011871883
1.027051e-006,0.010836616
1.027451e-006,0.0079661035
1.027851e-006,0.0050955909
1.028251e-006,0.0037779786
1.028651e-006,0.0050485333
1.029051e-006,0.0079661035
1.029451e-006,0.01017781
1.029851e-006,0.0099895796
1.030251e-006,0.0080131611
1.030651e-006,0.0059426274
1.031051e-006,0.0053308788
1.031451e-006,0.0070249518
1.031851e-006,0.0095190037
1.032251e-006,0.010318983
1.032651e-006,0.0092837158
1.033051e-006,0.006554376
1.033451e-006,0.0044838423
1.033851e-006,0.0043897271
1.034251e-006,0.0052367636
1.034651e-006,0.0058955698
1.035051e-006,0.0062249729
1.035451e-006,0.0070720094
1.035851e-006,0.0085307945
1.036251e-006,0.0098013492
1.036651e-006,0.010036637
1.037051e-006,0.0083896217
1.037451e-006,0.0058485122
1.037851e-006,0.0046250151
1.038251e-006,0.0059426274
1.038651e-006,0.0089072551
1.039051e-006,0.011354249
1.039451e-006,0.011777768
1.039851e-006,0.009377831
1.040251e-006,0.0056602819
1.040651e-006,0.0032603451
1.041051e-006,0.0035897482
1.041451e-006,0.0061308577
1.041851e-006,0.0095660613
1.042251e-006,0.011495422
1.042651e-006,0.010836616
1.043051e-006,0.0089072551
1.043451e-006,0.0074014125
1.043851e-006,0.0074014125
1.044251e-006,0.0087190248
1.044651e-006,0.0099895796
1.045051e-006,0.010413098
1.045451e-006,0.0098013492
1.045851e-006,0.0091425431
1.046251e-006,0.0089543127
1.046651e-006,0.0087190248
1.047051e-006,0.0085307945
1.047451e-006,0.0081072762
1.047851e-006,0.0078249307
1.048251e-006,0.0074955276
1.048651e-006,0.0071661246
1.049051e-006,0.0069308366
1.049451e-006,0.0071661246
1.049851e-006,0.008248449
1.050251e-006,0.0091425431
1.050651e-006,0.0084366793
1.051051e-006,0.0066014336
1.051451e-006,0.0055191091
1.051851e-006,0.0065073184
1.052251e-006,0.0087190248
1.052651e-006,0.0095660613
1.053051e-006,0.0084366793
1.053451e-006,0.0064132032
1.053851e-006,0.0055191091
1.054251e-006,0.0069778942
1.054651e-006,0.0095190037
1.055051e-006,0.010930731
1.055451e-006,0.010836616
1.055851e-006,0.010083695
1.056251e-006,0.0097072341
1.056651e-006,0.0089543127
1.057051e-006,0.0074484701
1.057451e-006,0.0062249729
1.057851e-006,0.0058955698
1.058251e-006,0.0066955487
1.058651e-006,0.0077778731
1.059051e-006,0.0085778521
1.059451e-006,0.0089072551
1.059851e-006,0.0090013703
1.060251e-006,0.0087660824
1.060651e-006,0.0075425852
1.061051e-006,0.0060367426
1.061451e-006,0.0048132454
1.061851e-006,0.0050485333
1.062251e-006,0.0074484701
1.062651e-006,0.010083695
1.063051e-006,0.011118962
1.063451e-006,0.0098484068
1.063851e-006,0.0078719883
1.064251e-006,0.0067426063
1.064651e-006,0.0073072973
1.065051e-006,0.0082955066
1.065451e-006,0.0085778521
1.065851e-006,0.0074955276
1.066251e-006,0.0051897061
1.066651e-006,0.0038250361
1.067051e-006,0.0042485544
1.067451e-006,0.0059426274
1.067851e-006,0.0078249307
1.068251e-006,0.0090013703
1.068651e-006,0.0092366582
1.069051e-006,0.0084366793
1.069451e-006,0.0074484701
1.069851e-006,0.0066955487
1.070251e-006,0.0061779153
1.070651e-006,0.0067426063
1.071051e-006,0.0073543549
1.071451e-006,0.0072131821
1.071851e-006,0.0066484911
1.072251e-006,0.0060838001
1.072651e-006,0.0063190881
1.073051e-006,0.0077778731
1.073451e-006,0.0097542917
1.073851e-006,0.010695443
1.074251e-006,0.0099895796
1.074651e-006,0.0087190248
1.075051e-006,0.0079190459
1.075451e-006,0.0080602186
1.075851e-006,0.0077778731
1.076251e-006,0.0068837791
1.076651e-006,0.0062249729
1.077051e-006,0.0069778942
1.077451e-006,0.0091425431
1.077851e-006,0.010601328
1.078251e-006,0.0095660613
1.078651e-006,0.007119067
1.079051e-006,0.0052367636
1.079451e-006,0.0053308788
1.079851e-006,0.0066014336
1.080251e-006,0.0079661035
1.080651e-006,0.00881314
1.081051e-006,0.0090954855
1.081451e-006,0.0092366582
1.081851e-006,0.0091425431
1.082251e-006,0.0078719883
1.082651e-006,0.0066955487
1.083051e-006,0.0058955698
1.083451e-006,0.0062720305
1.083851e-006,0.0079190459
1.084251e-006,0.0090954855
1.084651e-006,0.0094248886
1.085051e-006,0.0078719883
1.085451e-006,0.0044838423
1.085851e-006,0.0018015601
1.086251e-006,0.0023662511
1.086651e-006,0.0064602608
1.087051e-006,0.011401307
1.087451e-006,0.013989474
1.087851e-006,0.012530689
1.088251e-006,0.008248449
1.088651e-006,0.0044838423
1.089051e-006,0.0040603241
1.089451e-006,0.0063190881
1.089851e-006,0.0085307945
1.090251e-006,0.0086719672
1.090651e-006,0.0074955276
1.091051e-006,0.0064602608
1.091451e-006,0.0066484911
1.091851e-006,0.0076367004
1.092251e-006,0.0082013914
1.092651e-006,0.0079661035
1.093051e-006,0.0069778942
1.093451e-006,0.0055191091
1.093851e-006,0.0050485333
1.094251e-006,0.0056602819
1.094651e-006,0.0076367004
1.095051e-006,0.0093307734
1.095451e-006,0.010083695
1.095851e-006,0.0092837158
1.096251e-006,0.0079190459
1.096651e-006,0.0067426063
1.097051e-006,0.0065073184
1.097451e-006,0.0070249518
1.097851e-006,0.0072131821
1.098251e-006,0.0075425852
1.098651e-006,0.0078249307
1.099051e-006,0.0080131611
1.099451e-006,0.0075896428
1.099851e-006,0.0071661246
1.100251e-006,0.0075425852
1.100651e-006,0.0089543127
1.101051e-006,0.010083695
1.101451e-006,0.0094248886
1.101851e-006,0.0069778942
1.102251e-006,0.0047191302
1.102651e-006,0.0044367847
1.103051e-006,0.0066484911
1.103451e-006,0.0089543127
1.103851e-006,0.0091425431
1.104251e-006,0.0070249518
1.104651e-006,0.0046720726
1.105051e-006,0.0045308999
1.105451e-006,0.0068367215
1.105851e-006,0.0093307734
1.106251e-006,0.010083695
1.106651e-006,0.0090954855
1.107051e-006,0.0077308156
1.107451e-006,0.0076367004
1.107851e-006,0.009377831
1.108251e-006,0.01173071
1.108651e-006,0.01290715
1.109051e-006,0.011495422
1.109451e-006,0.0086719672
1.109851e-006,0.0063190881
1.110251e-006,0.0058014546
1.110651e-006,0.0071661246
1.111051e-006,0.0086249096
1.111451e-006,0.0086719672
1.111851e-006,0.0076367004
1.112251e-006,0.0062720305
1.112651e-006,0.0066484911
1.113051e-006,0.0071661246
1.113451e-006,0.0074484701
1.113851e-006,0.0069778942
1.114251e-006,0.0062720305
1.114651e-006,0.0066014336
1.115051e-006,0.0073543549
1.115451e-006,0.0079661035
1.115851e-006,0.007683758
1.116251e-006,0.0071661246
1.116651e-006,0.0075425852
1.117051e-006,0.0080602186
1.117451e-006,0.0080131611
1.117851e-006,0.0064132032
1.118251e-006,0.0042485544
1.118651e-006,0.0041073816
1.119051e-006,0.0063661456
1.119451e-006,0.0094719462
1.119851e-006,0.011071904
1.120251e-006,0.011071904
1.120651e-006,0.010413098
1.121051e-006,0.0096131189
1.121451e-006,0.0091425431
1.121851e-006,0.0084837369
1.122251e-006,0.0073072973
1.122651e-006,0.0066955487
1.123051e-006,0.0070720094
1.123451e-006,0.0084837369
1.123851e-006,0.0090954855
1.124251e-006,0.0085307945
1.124651e-006,0.0074955276
1.125051e-006,0.007119067
1.125451e-006,0.007683758
1.125851e-006,0.0083425641
1.126251e-006,0.0090484279
1.126651e-006,0.0097072341
1.127051e-006,0.0096601765
1.127451e-006,0.0089543127
1.127851e-006,0.0080131611
1.128251e-006,0.0068837791
1.128651e-006,0.0069308366
1.129051e-006,0.0089072551
1.129451e-006,0.010883674
1.129851e-006,0.012295401
1.130251e-006,0.011260134
1.130651e-006,0.0082955066
1.131051e-006,0.005424994
1.131451e-006,0.0045308999
1.131851e-006,0.0062249729
1.132251e-006,0.0088601976
1.132651e-006,0.01036604
1.133051e-006,0.0095660613
1.133451e-006,0.0074014125
1.133851e-006,0.0060838001
1.134251e-006,0.0073543549
1.134651e-006,0.0096131189
1.135051e-006,0.010648386
1.135451e-006,0.0091425431
1.135851e-006,0.0058955698
1.136251e-006,0.0035897482
1.136651e-006,0.0041544392
1.137051e-006,0.0070249518
1.137451e-006,0.0097542917
1.137851e-006,0.010742501
1.138251e-006,0.010083695
1.138651e-006,0.0090484279
1.139051e-006,0.00881314
1.139451e-006,0.0088601976
1.139851e-006,0.0081072762
1.140251e-006,0.0062249729
1.140651e-006,0.0047661878
1.141051e-006,0.0039191513
1.141451e-006,0.0050014757
1.141851e-006,0.0074014125
1.142251e-006,0.0099895796
1.142651e-006,0.010930731
1.143051e-006,0.0098954644
1.143451e-006,0.007683758
1.143851e-006,0.0050955909
1.144251e-006,0.0040603241
1.144651e-006,0.0051897061
1.145051e-006,0.0072131821
1.145451e-006,0.0090484279
1.145851e-006,0.0090954855
1.146251e-006,0.0072602397
1.146651e-006,0.0054720516
1.147051e-006,0.0055191091
1.147451e-006,0.0073543549
1.147851e-006,0.0099895796
1.148251e-006,0.01173071
1.148651e-006,0.010460155
1.149051e-006,0.0072131821
1.149451e-006,0.0043897271
1.149851e-006,0.0037779786
1.150251e-006,0.0057073395
1.150651e-006,0.0088601976
1.151051e-006,0.010742501
1.151451e-006,0.010601328
1.151851e-006,0.0095660613
1.152251e-006,0.00881314
1.152651e-006,0.0083896217
1.153051e-006,0.0077308156
1.153451e-006,0.0066484911
1.153851e-006,0.0057073395
1.154251e-006,0.0057073395
1.154651e-006,0.0067896639
1.155051e-006,0.0083425641
1.155451e-006,0.0091425431
1.155851e-006,0.0091425431
1.156251e-006,0.0086249096
1.156651e-006,0.0080602186
1.157051e-006,0.0080131611
1.157451e-006,0.0082955066
1.157851e-006,0.0087660824
1.158251e-006,0.0090954855
1.158651e-006,0.0089543127
1.159051e-006,0.0082955066
1.159451e-006,0.0079661035
1.159851e-006,0.0078719883
1.160251e-006,0.0083425641
1.160651e-006,0.0092366582
1.161051e-006,0.010083695
1.161451e-006,0.010507213
1.161851e-006,0.01036604
1.162251e-006,0.0095660613
1.162651e-006,0.0082955066
1.163051e-006,0.0070720094
1.163451e-006,0.0061308577
1.163851e-006,0.0062249729
1.164251e-006,0.0068367215
1.164651e-006,0.0080602186
1.165051e-006,0.0097072341
1.165451e-006,0.010648386
1.165851e-006,0.010224867
1.166251e-006,0.0082013914
1.166651e-006,0.0050485333
1.167051e-006,0.0029779996
1.167451e-006,0.0034015179
1.167851e-006,0.0060367426
1.168251e-006,0.009377831
1.168651e-006,0.011401307
1.169051e-006,0.011071904
1.169451e-006,0.0085778521
1.169851e-006,0.0062720305
1.170251e-006,0.0056132243
1.170651e-006,0.0064602608
1.171051e-006,0.0070720094
1.171451e-006,0.0060838001
1.171851e-006,0.0045779575
1.172251e-006,0.0038720937
1.172651e-006,0.0051426485
1.173051e-006,0.0080602186
1.173451e-006,0.01036604
1.173851e-006,0.011307192
1.174251e-006,0.010507213
1.174651e-006,0.0087190248
1.175051e-006,0.0072602397
1.175451e-006,0.0069308366
1.175851e-006,0.0074484701
1.176251e-006,0.008248449
1.176651e-006,0.0084837369
1.177051e-006,0.0080131611
1.177451e-006,0.0078719883
1.177851e-006,0.0085307945
1.178251e-006,0.0090954855
1.178651e-006,0.0090954855
1.179051e-006,0.0083425641
1.179451e-006,0.0074484701
1.179851e-006,0.0074014125
1.180251e-006,0.0083425641
1.180651e-006,0.00881314
1.181051e-006,0.00881314
1.181451e-006,0.008248449
1.181851e-006,0.0077308156
1.182251e-006,0.0078249307
1.182651e-006,0.0086719672
1.183051e-006,0.0094719462
1.183451e-006,0.010130752
1.183851e-006,0.010318983
1.184251e-006,0.009377831
1.184651e-006,0.0078249307
1.185051e-006,0.006554376
1.185451e-006,0.0067426063
1.185851e-006,0.0083896217
1.186251e-006,0.009942522
1.186651e-006,0.010789558
1.187051e-006,0.010318983
1.187451e-006,0.0089543127
1.187851e-006,0.0082013914
1.188251e-006,0.0082955066
1.188651e-006,0.0092366582
1.189051e-006,0.0092837158
1.189451e-006,0.0084366793
1.189851e-006,0.0074014125
1.190251e-006,0.0066955487
1.190651e-006,0.0073072973
1.191051e-006,0.0083425641
1.191451e-006,0.0092366582
1.191851e-006,0.009377831
1.192251e-006,0.0085307945
1.192651e-006,0.0077308156
1.193051e-006,0.007683758
1.193451e-006,0.0084366793
1.193851e-006,0.0089072551
1.194251e-006,0.0086249096
1.194651e-006,0.0070720094
1.195051e-006,0.0050014757
1.195451e-006,0.0034485755
1.195851e-006,0.0046720726
1.196251e-006,0.0076367004
1.196651e-006,0.010318983
1.197051e-006,0.010930731
1.197451e-006,0.0092366582
1.197851e-006,0.0072602397
1.198251e-006,0.0072602397
1.198651e-006,0.0098484068
1.199051e-006,0.012671862
1.199451e-006,0.012483631
1.199851e-006,0.0090484279
1.200251e-006,0.0046720726
1.200651e-006,0.0027427117
1.201051e-006,0.0038250361
1.201451e-006,0.0064132032
1.201851e-006,0.0074484701
1.202251e-006,0.0066484911
1.202651e-006,0.0052838212
1.203051e-006,0.0052367636
1.203451e-006,0.0081543338
1.203851e-006,0.011824825
1.204251e-006,0.013236553
1.204651e-006,0.011824825
1.205051e-006,0.0090013703
1.205451e-006,0.0068367215
1.205851e-006,0.0066955487
1.206251e-006,0.0081072762
1.206651e-006,0.0098484068
1.207051e-006,0.0097072341
1.207451e-006,0.0085307945
1.207851e-006,0.0070249518
1.208251e-006,0.006554376
1.208651e-006,0.0079190459
1.209051e-006,0.0098013492
1.209451e-006,0.010554271
1.209851e-006,0.0097072341
1.210251e-006,0.0081072762
1.210651e-006,0.0072602397
1.211051e-006,0.0073072973
1.211451e-006,0.007119067
1.211851e-006,0.0063661456
1.212251e-006,0.0056132243
1.212651e-006,0.0052838212
1.213051e-006,0.0056132243
1.213451e-006,0.0060367426
1.213851e-006,0.0064132032
1.214251e-006,0.0070249518
1.214651e-006,0.0083896217
1.215051e-006,0.01036604
1.215451e-006,0.011495422
1.215851e-006,0.010977789
1.216251e-006,0.0086719672
1.216651e-006,0.006554376
1.217051e-006,0.0058485122
1.217451e-006,0.0067426063
1.217851e-006,0.0074014125
1.218251e-006,0.0081072762
1.218651e-006,0.0084837369
1.219051e-006,0.0085307945
1.219451e-006,0.0085307945
1.219851e-006,0.0077778731
1.220251e-006,0.0062249729
1.220651e-006,0.0047191302
1.221051e-006,0.0045308999
1.221451e-006,0.0061308577
1.221851e-006,0.0086719672
1.222251e-006,0.010977789
1.222651e-006,0.012577747
1.223051e-006,0.012671862
1.223451e-006,0.01191894
1.223851e-006,0.010648386
1.224251e-006,0.0090954855
1.224651e-006,0.0073543549
1.225051e-006,0.0061779153
1.225451e-006,0.0063190881
1.225851e-006,0.0074484701
1.226251e-006,0.0085307945
1.226651e-006,0.0090484279
1.227051e-006,0.0089072551
1.227451e-006,0.0085778521
1.227851e-006,0.0083896217
1.228251e-006,0.0083425641
1.228651e-006,0.0080602186
1.229051e-006,0.0074484701
1.229451e-006,0.0061308577
1.229851e-006,0.0056132243
1.230251e-006,0.0056132243
1.230651e-006,0.0065073184
1.231051e-006,0.0077308156
1.231451e-006,0.0086249096
1.231851e-006,0.0085778521
1.232251e-006,0.0081543338
1.232651e-006,0.0080131611
1.233051e-006,0.0081072762
1.233451e-006,0.0074484701
1.233851e-006,0.006554376
1.234251e-006,0.0064132032
1.234651e-006,0.0072131821
1.235051e-006,0.0093307734
1.235451e-006,0.011166019
1.235851e-006,0.010224867
1.236251e-006,0.0077308156
1.236651e-006,0.0058014546
1.237051e-006,0.0057543971
1.237451e-006,0.0080602186
1.237851e-006,0.009942522
1.238251e-006,0.0090013703
1.238651e-006,0.0061779153
1.239051e-006,0.0043897271
1.239451e-006,0.0046720726
1.239851e-006,0.0066484911
1.240251e-006,0.008248449
1.240651e-006,0.0081543338
1.241051e-006,0.0074955276
1.241451e-006,0.0075896428
1.241851e-006,0.00881314
1.242251e-006,0.0097072341
1.242651e-006,0.0096601765
1.243051e-006,0.0091425431
1.243451e-006,0.0084837369
1.243851e-006,0.0079661035
1.244251e-006,0.0073543549
1.244651e-006,0.0064132032
1.245051e-006,0.0065073184
1.245451e-006,0.0084366793
1.245851e-006,0.010554271
1.246251e-006,0.010413098
1.246651e-006,0.0078249307
1.247051e-006,0.0049073606
1.247451e-006,0.0036368058
1.247851e-006,0.0052367636
1.248251e-006,0.00881314
1.248651e-006,0.011260134
1.249051e-006,0.010883674
1.249451e-006,0.0091425431
1.249851e-006,0.0070249518
1.250251e-006,0.0051426485
1.250651e-006,0.0043426696
1.251051e-006,0.0045779575
1.251451e-006,0.0056602819
1.251851e-006,0.0073543549
1.252251e-006,0.0088601976
1.252651e-006,0.0094719462
1.253051e-006,0.0098013492
1.253451e-006,0.0095190037
1.253851e-006,0.0094719462
1.254251e-006,0.0091425431
1.254651e-006,0.0094248886
1.255051e-006,0.0093307734
1.255451e-006,0.0087190248
1.255851e-006,0.007683758
1.256251e-006,0.0064132032
1.256651e-006,0.0061779153
1.257051e-006,0.0075425852
1.257451e-006,0.0092837158
1.257851e-006,0.009942522
1.258251e-006,0.0081543338
1.258651e-006,0.005424994
1.259051e-006,0.0040132665
1.259451e-006,0.004860303
1.259851e-006,0.007683758
1.260251e-006,0.0096601765
1.260651e-006,0.0094248886
1.261051e-006,0.0075425852
1.261451e-006,0.0055191091
1.261851e-006,0.0047191302
1.262251e-006,0.0050485333
1.262651e-006,0.0056132243
1.263051e-006,0.0063190881
1.263451e-006,0.0082013914
1.263851e-006,0.010836616
1.264251e-006,0.012060113
1.264651e-006,0.011401307
1.265051e-006,0.0084366793
1.265451e-006,0.0054720516
1.265851e-006,0.0044367847
1.266251e-006,0.0055191091
1.266651e-006,0.0074955276
1.267051e-006,0.0089072551
1.267451e-006,0.0092366582
1.267851e-006,0.0096601765
1.268251e-006,0.01017781
1.268651e-006,0.010507213
1.269051e-006,0.010130752
1.269451e-006,0.0096131189
1.269851e-006,0.0089072551
1.270251e-006,0.0084837369
1.270651e-006,0.0083425641
1.271051e-006,0.0083896217
1.271451e-006,0.0081072762
1.271851e-006,0.0078719883
1.272251e-006,0.0074014125
1.272651e-006,0.0071661246
1.273051e-006,0.007119067
1.273451e-006,0.0074955276
1.273851e-006,0.0085778521
1.274251e-006,0.0092837158
1.274651e-006,0.0091425431
1.275051e-006,0.0079661035
1.275451e-006,0.0070249518
1.275851e-006,0.0071661246
1.276251e-006,0.0084366793
1.276651e-006,0.0097072341
1.277051e-006,0.0091425431
1.277451e-006,0.0066955487
1.277851e-006,0.0043897271
1.278251e-006,0.0038720937
1.278651e-006,0.0056132243
1.279051e-006,0.0085307945
1.279451e-006,0.010648386
1.279851e-006,0.010789558
1.280251e-006,0.0098954644
1.280651e-006,0.0081543338
1.281051e-006,0.0065073184
1.281451e-006,0.0057543971
1.281851e-006,0.0060367426
1.282251e-006,0.0070249518
1.282651e-006,0.0087190248
1.283051e-006,0.010036637
1.283451e-006,0.010460155
1.283851e-006,0.009377831
1.284251e-006,0.0074955276
1.284651e-006,0.0061779153
1.285051e-006,0.005989685
1.285451e-006,0.0067896639
1.285851e-006,0.0078249307
1.286251e-006,0.0084837369
1.286651e-006,0.0089543127
1.287051e-006,0.0089072551
1.287451e-006,0.0093307734
1.287851e-006,0.0093307734
1.288251e-006,0.00881314
1.288651e-006,0.0080602186
1.289051e-006,0.0069308366
1.289451e-006,0.0063190881
1.289851e-006,0.0064602608
1.290251e-006,0.0068367215
1.290651e-006,0.0073543549
1.291051e-006,0.0078719883
1.291451e-006,0.0088601976
1.291851e-006,0.0096131189
1.292251e-006,0.0091425431
1.292651e-006,0.007683758
1.293051e-006,0.0062249729
1.293451e-006,0.0064602608
1.293851e-006,0.0085307945
1.294251e-006,0.010554271
1.294651e-006,0.01036604
1.295051e-006,0.0080131611
1.295451e-006,0.0056602819
1.295851e-006,0.005424994
1.296251e-006,0.0072602397
1.296651e-006,0.0094248886
1.297051e-006,0.0094719462
1.297451e-006,0.0081072762
1.297851e-006,0.0067426063
1.298251e-006,0.0075896428
1.298651e-006,0.0094248886
1.299051e-006,0.010271925
1.299451e-006,0.0096601765
1.299851e-006,0.0085778521
1.300251e-006,0.0077778731
1.300651e-006,0.0080602186
1.301051e-006,0.008248449
1.301451e-006,0.007683758
1.301851e-006,0.0068837791
1.302251e-006,0.0068367215
1.302651e-006,0.0079190459
1.303051e-006,0.009377831
1.303451e-006,0.0096131189
1.303851e-006,0.0086719672
1.304251e-006,0.0081543338
1.304651e-006,0.0086249096
1.305051e-006,0.0095190037
1.305451e-006,0.0098484068
1.305851e-006,0.0083896217
1.306251e-006,0.0060367426
1.306651e-006,0.0052838212
1.307051e-006,0.0073072973
1.307451e-006,0.010318983
1.307851e-006,0.012201286
1.308251e-006,0.011213077
1.308651e-006,0.0082955066
1.309051e-006,0.0062249729
1.309451e-006,0.0064132032
1.309851e-006,0.0077308156
1.310251e-006,0.007683758
1.310651e-006,0.0064132032
1.311051e-006,0.0048132454
1.311451e-006,0.0039662089
1.311851e-006,0.0053779364
1.312251e-006,0.0084366793
1.312651e-006,0.010977789
1.313051e-006,0.012342459
1.313451e-006,0.01154248
1.313851e-006,0.0083896217
1.314251e-006,0.0048132454
1.314651e-006,0.0036368058
1.315051e-006,0.0056132243
1.315451e-006,0.009377831
1.315851e-006,0.012013056
1.316251e-006,0.011871883
1.316651e-006,0.0097542917
1.317051e-006,0.0078719883
1.317451e-006,0.0073543549
1.317851e-006,0.0075896428
1.318251e-006,0.0076367004
1.318651e-006,0.0075425852
1.319051e-006,0.0075425852
1.319451e-006,0.0081072762
1.319851e-006,0.0085778521
1.320251e-006,0.0073072973
1.320651e-006,0.004860303
1.321051e-006,0.0023662511
1.321451e-006,0.0022250783
1.321851e-006,0.005424994
1.322251e-006,0.0095190037
1.322651e-006,0.012201286
1.323051e-006,0.01191894
1.323451e-006,0.0097542917
1.323851e-006,0.0079661035
1.324251e-006,0.0074014125
1.324651e-006,0.0072131821
1.325051e-006,0.0069778942
1.325451e-006,0.006554376
1.325851e-006,0.0072602397
1.326251e-006,0.00881314
1.326651e-006,0.0098954644
1.327051e-006,0.0092366582
1.327451e-006,0.0074484701
1.327851e-006,0.005989685
1.328251e-006,0.0063190881
1.328651e-006,0.0081072762
1.329051e-006,0.0091425431
1.329451e-006,0.0084837369
1.329851e-006,0.007119067
1.330251e-006,0.0068837791
1.330651e-006,0.0079661035
1.331051e-006,0.0094248886
1.331451e-006,0.0097072341
1.331851e-006,0.0091425431
1.332251e-006,0.0083896217
1.332651e-006,0.0090013703
1.333051e-006,0.01036604
1.333451e-006,0.010836616
1.333851e-006,0.010413098
1.334251e-006,0.0089072551
1.334651e-006,0.0074014125
1.335051e-006,0.0066955487
1.335451e-006,0.0063661456
1.335851e-006,0.0063661456
1.336251e-006,0.0076367004
1.336651e-006,0.009377831
1.337051e-006,0.010742501
1.337451e-006,0.010883674
1.337851e-006,0.0090954855
1.338251e-006,0.0063661456
1.338651e-006,0.0044838423
1.339051e-006,0.0039191513
1.339451e-006,0.0046250151
1.339851e-006,0.0066955487
1.340251e-006,0.0086719672
1.340651e-006,0.0095660613
1.341051e-006,0.0092366582
1.341451e-006,0.0089072551
1.341851e-006,0.0085307945
1.342251e-006,0.0089543127
1.342651e-006,0.0095660613
1.343051e-006,0.0097072341
1.343451e-006,0.0091425431
1.343851e-006,0.0082013914
1.344251e-006,0.0075425852
1.344651e-006,0.0082955066
1.345051e-006,0.0091896007
1.345451e-006,0.0098484068
1.345851e-006,0.010130752
1.346251e-006,0.0094719462
1.346651e-006,0.0088601976
1.347051e-006,0.0080602186
1.347451e-006,0.0073072973
1.347851e-006,0.0076367004
1.348251e-006,0.0079190459
1.348651e-006,0.0075425852
1.349051e-006,0.0068367215
1.349451e-006,0.0066014336
1.349851e-006,0.0084837369
1.350251e-006,0.010977789
1.350651e-006,0.012201286
1.351051e-006,0.010507213
1.351451e-006,0.0067896639
1.351851e-006,0.0042014968
1.352251e-006,0.0050955909
1.352651e-006,0.008248449
1.353051e-006,0.010695443
1.353451e-006,0.0097072341
1.353851e-006,0.007119067
1.354251e-006,0.0051426485
1.354651e-006,0.0056132243
1.355051e-006,0.0073543549
1.355451e-006,0.0089072551
1.355851e-006,0.0089543127
1.356251e-006,0.0085778521
1.356651e-006,0.0083425641
1.357051e-006,0.0074955276
1.357451e-006,0.005989685
1.357851e-006,0.004860303
1.358251e-006,0.0057543971
1.358651e-006,0.0087660824
1.359051e-006,0.011589537
1.359451e-006,0.012013056
1.359851e-006,0.010083695
1.360251e-006,0.0075425852
1.360651e-006,0.0067896639
1.361051e-006,0.0073072973
1.361451e-006,0.0080131611
1.361851e-006,0.0077308156
1.362251e-006,0.0071661246
1.362651e-006,0.0079661035
1.363051e-006,0.0097542917
1.363451e-006,0.011166019
1.363851e-006,0.0098954644
1.364251e-006,0.0068837791
1.364651e-006,0.0049544181
1.365051e-006,0.0053308788
1.365451e-006,0.0070720094
1.365851e-006,0.00881314
1.366251e-006,0.0089543127
1.366651e-006,0.0081072762
1.367051e-006,0.0077308156
1.367451e-006,0.0074955276
1.367851e-006,0.0066014336
1.368251e-006,0.0049073606
1.368651e-006,0.0040132665
1.369051e-006,0.005424994
1.369451e-006,0.008248449
1.369851e-006,0.010224867
1.370251e-006,0.0097542917
1.370651e-006,0.0073543549
1.371051e-006,0.0043897271
1.371451e-006,0.0032603451
1.371851e-006,0.0052367636
1.372251e-006,0.0087190248
1.372651e-006,0.011777768
1.373051e-006,0.012436574
1.373451e-006,0.010789558
1.373851e-006,0.0082955066
1.374251e-006,0.0069778942
1.374651e-006,0.0069308366
1.375051e-006,0.0076367004
1.375451e-006,0.0080602186
1.375851e-006,0.0080131611
1.376251e-006,0.0074014125
1.376651e-006,0.0066484911
1.377051e-006,0.0059426274
1.377451e-006,0.0056602819
1.377851e-006,0.0063190881
1.378251e-006,0.0078719883
1.378651e-006,0.0098013492
1.379051e-006,0.011166019
1.379451e-006,0.011871883
1.379851e-006,0.010789558
1.380251e-006,0.0083896217
1.380651e-006,0.0068367215
1.381051e-006,0.0069308366
1.381451e-006,0.0085778521
1.381851e-006,0.010271925
1.382251e-006,0.01017781
1.382651e-006,0.0082955066
1.383051e-006,0.0058014546
1.383451e-006,0.0049544181
1.383851e-006,0.0067426063
1.384251e-006,0.0092366582
1.384651e-006,0.010648386
1.385051e-006,0.0092837158
1.385451e-006,0.006554376
1.385851e-006,0.0045308999
1.386251e-006,0.0050485333
1.386651e-006,0.0068367215
1.387051e-006,0.008248449
1.387451e-006,0.0081543338
1.387851e-006,0.0073543549
1.388251e-006,0.0071661246
1.388651e-006,0.0079661035
1.389051e-006,0.0088601976
1.389451e-006,0.0084837369
1.389851e-006,0.0072131821
1.390251e-006,0.0064132032
1.390651e-006,0.0064132032
1.391051e-006,0.0072131821
1.391451e-006,0.0078249307
1.391851e-006,0.0077778731
1.392251e-006,0.0076367004
1.392651e-006,0.0074955276
1.393051e-006,0.0082013914
1.393451e-006,0.0098484068
1.393851e-006,0.010930731
1.394251e-006,0.010601328
1.394651e-006,0.0086719672
1.395051e-006,0.0055191091
1.395451e-006,0.0037779786
1.395851e-006,0.0047661878
1.396251e-006,0.0080602186
1.396651e-006,0.011024846
1.397051e-006,0.01154248
1.397451e-006,0.0090954855
1.397851e-006,0.0061779153
1.398251e-006,0.0061779153
1.398651e-006,0.0085307945
1.399051e-006,0.010554271
1.399451e-006,0.010083695
1.399851e-006,0.0077308156
1.400251e-006,0.0061308577
1.400651e-006,0.0074014125
1.401051e-006,0.0098484068
1.401451e-006,0.010836616
1.401851e-006,0.0085778521
1.402251e-006,0.0050955909
1.402651e-006,0.00316623
1.403051e-006,0.0034956331
1.403451e-006,0.0057073395
1.403851e-006,0.0077308156
1.404251e-006,0.00881314
1.404651e-006,0.0089543127
1.405051e-006,0.0091425431
1.405451e-006,0.0092366582
1.405851e-006,0.0097542917
1.406251e-006,0.010601328
1.406651e-006,0.011024846
1.407051e-006,0.010083695
1.407451e-006,0.0075425852
1.407851e-006,0.0047191302
1.408251e-006,0.0033074027
1.408651e-006,0.004295612
1.409051e-006,0.0065073184
1.409451e-006,0.0084366793
1.409851e-006,0.00881314
1.410251e-006,0.0081543338
1.410651e-006,0.0080602186
1.411051e-006,0.0088601976
1.411451e-006,0.010271925
1.411851e-006,0.0098484068
1.412251e-006,0.0076367004
1.412651e-006,0.0052838212
1.413051e-006,0.0044367847
1.413451e-006,0.0061779153
1.413851e-006,0.0090954855
1.414251e-006,0.011118962
1.414651e-006,0.011118962
1.415051e-006,0.0098013492
1.415451e-006,0.0083896217
1.415851e-006,0.0080131611
1.416251e-006,0.0081543338
1.416651e-006,0.0078719883
1.417051e-006,0.0071661246
1.417451e-006,0.0073072973
1.417851e-006,0.0085307945
1.418251e-006,0.010460155
1.418651e-006,0.011589537
1.419051e-006,0.010413098
1.419451e-006,0.0077308156
1.419851e-006,0.005424994
1.420251e-006,0.0052367636
1.420651e-006,0.0066484911
1.421051e-006,0.0085778521
1.421451e-006,0.0098013492
1.421851e-006,0.0098484068
1.422251e-006,0.0095660613
1.422651e-006,0.0094248886
1.423051e-006,0.0085307945
1.423451e-006,0.0075425852
1.423851e-006,0.0066955487
1.424251e-006,0.006554376
1.424651e-006,0.0079190459
1.425051e-006,0.0091425431
1.425451e-006,0.0090484279
1.425851e-006,0.0070720094
1.426251e-006,0.0049073606
1.426651e-006,0.0046250151
1.427051e-006,0.007119067
1.427451e-006,0.010742501
1.427851e-006,0.012813035
1.428251e-006,0.011683653
1.428651e-006,0.008248449
1.429051e-006,0.0042485544
1.429451e-006,0.0023662511
1.429851e-006,0.003730921
1.430251e-006,0.0069778942
1.430651e-006,0.010413098
1.431051e-006,0.01191894
1.431451e-006,0.010836616
1.431851e-006,0.0082955066
1.432251e-006,0.0065073184
1.432651e-006,0.0062249729
1.433051e-006,0.0068367215
1.433451e-006,0.0078719883
1.433851e-006,0.0080131611
1.434251e-006,0.0073543549
1.434651e-006,0.0071661246
1.435051e-006,0.0070720094
1.435451e-006,0.007119067
1.435851e-006,0.0070249518
1.436251e-006,0.0064132032
1.436651e-006,0.0064132032
1.437051e-006,0.0073072973
1.437451e-006,0.0083425641
1.437851e-006,0.0086249096
1.438251e-006,0.0086719672
1.438651e-006,0.0090484279
1.439051e-006,0.0094719462
1.439451e-006,0.0090013703
1.439851e-006,0.0081543338
1.440251e-006,0.0073543549
1.440651e-006,0.0070249518
1.441051e-006,0.0075896428
1.441451e-006,0.0085307945
1.441851e-006,0.0089543127
1.442251e-006,0.0092366582
1.442651e-006,0.009942522
1.443051e-006,0.010224867
1.443451e-006,0.0094719462
1.443851e-006,0.0080602186
1.444251e-006,0.0072131821
1.444651e-006,0.0080131611
1.445051e-006,0.010036637
1.445451e-006,0.011024846
1.445851e-006,0.0096131189
1.446251e-006,0.0069778942
1.446651e-006,0.0052838212
1.447051e-006,0.0055191091
1.447451e-006,0.0066955487
1.447851e-006,0.007683758
1.448251e-006,0.0074014125
1.448651e-006,0.007683758
1.449051e-006,0.0092366582
1.449451e-006,0.011213077
1.449851e-006,0.011448365
1.450251e-006,0.0098484068
1.450651e-006,0.0078719883
1.451051e-006,0.0066955487
1.451451e-006,0.0064602608
1.451851e-006,0.0069778942
1.452251e-006,0.0066014336
1.452651e-006,0.0055191091
1.453051e-006,0.0047661878
1.453451e-006,0.0049073606
1.453851e-006,0.005989685
1.454251e-006,0.0075425852
1.454651e-006,0.0083425641
1.455051e-006,0.0084366793
1.455451e-006,0.008248449
1.455851e-006,0.00881314
1.456251e-006,0.0097072341
1.456651e-006,0.010036637
1.457051e-006,0.009377831
1.457451e-006,0.0069778942
1.457851e-006,0.0051897061
1.458251e-006,0.0052838212
1.458651e-006,0.0073543549
1.459051e-006,0.0099895796
1.459451e-006,0.011024846
1.459851e-006,0.010036637
1.460251e-006,0.0081072762
1.460651e-006,0.0074955276
1.461051e-006,0.0079661035
1.461451e-006,0.0084366793
1.461851e-006,0.008248449
1.462251e-006,0.007683758
1.462651e-006,0.0081072762
1.463051e-006,0.0086719672
1.463451e-006,0.00881314
1.463851e-006,0.0077308156
1.464251e-006,0.0067426063
1.464651e-006,0.0074484701
1.465051e-006,0.0098013492
1.465451e-006,0.011260134
1.465851e-006,0.009942522
1.466251e-006,0.0062720305
1.466651e-006,0.0036368058
1.467051e-006,0.0044367847
1.467451e-006,0.0069308366
1.467851e-006,0.0097542917
1.468251e-006,0.010413098
1.468651e-006,0.0087660824
1.469051e-006,0.0070720094
1.469451e-006,0.0066014336
1.469851e-006,0.0072602397
1.470251e-006,0.0075425852
1.470651e-006,0.0076367004
1.471051e-006,0.0084366793
1.471451e-006,0.0094719462
1.471851e-006,0.010224867
1.472251e-006,0.0095660613
1.472651e-006,0.0078719883
1.473051e-006,0.0068837791
1.473451e-006,0.0076367004
1.473851e-006,0.0086249096
1.474251e-006,0.0086719672
1.474651e-006,0.0074955276
1.475051e-006,0.0064132032
1.475451e-006,0.0070249518
1.475851e-006,0.0093307734
1.476251e-006,0.011071904
1.476651e-006,0.011024846
1.477051e-006,0.0097072341
1.477451e-006,0.0083896217
1.477851e-006,0.0073072973
1.478251e-006,0.0061308577
1.478651e-006,0.0046250151
1.479051e-006,0.0041073816
1.479451e-006,0.0051897061
1.479851e-006,0.0075896428
1.480251e-006,0.0098484068
1.480651e-006,0.010648386
1.481051e-006,0.01017781
1.481451e-006,0.0090954855
1.481851e-006,0.0087190248
1.482251e-006,0.0083896217
1.482651e-006,0.0078249307
1.483051e-006,0.0075425852
1.483451e-006,0.0082013914
1.483851e-006,0.0085307945
1.484251e-006,0.0081072762
1.484651e-006,0.0070249518
1.485051e-006,0.0062720305
1.485451e-006,0.0064132032
1.485851e-006,0.0068837791
1.486251e-006,0.0072602397
1.486651e-006,0.0073543549
1.487051e-006,0.008248449
1.487451e-006,0.00881314
1.487851e-006,0.008248449
1.488251e-006,0.0066955487
1.488651e-006,0.0055661667
1.489051e-006,0.0058014546
1.489451e-006,0.0082013914
1.489851e-006,0.010224867
1.490251e-006,0.0099895796
1.490651e-006,0.0076367004
1.491051e-006,0.0053308788
1.491451e-006,0.0054720516
1.491851e-006,0.0074014125
1.492251e-006,0.009377831
1.492651e-006,0.0098484068
1.493051e-006,0.0085778521
1.493451e-006,0.0070720094
1.493851e-006,0.0064602608
1.494251e-006,0.0063190881
1.494651e-006,0.0061779153
1.495051e-006,0.0064132032
1.495451e-006,0.0073543549
1.495851e-006,0.0081543338
1.496251e-006,0.0082955066
1.496651e-006,0.0075425852
1.497051e-006,0.0066014336
1.497451e-006,0.0061779153
1.497851e-006,0.0070720094
1.498251e-006,0.00881314
1.498651e-006,0.010413098
1.499051e-006,0.011354249
1.499451e-006,0.011118962
1.499851e-006,0.0097542917
1.500251e-006,0.0077308156
1.500651e-006,0.0062720305
1.501051e-006,0.0058485122
1.501451e-006,0.0064132032
1.501851e-006,0.0067896639
1.502251e-006,0.0066955487
1.502651e-006,0.0067426063
1.503051e-006,0.0078719883
1.503451e-006,0.0095660613
1.503851e-006,0.009942522
1.504251e-006,0.0080602186
1.504651e-006,0.0050955909
1.505051e-006,0.0033544603
1.505451e-006,0.0047661878
1.505851e-006,0.0077308156
1.506251e-006,0.0094248886
1.506651e-006,0.0095190037
1.507051e-006,0.0085307945
1.507451e-006,0.0078719883
1.507851e-006,0.0075425852
1.508251e-006,0.0068367215
1.508651e-006,0.0059426274
1.509051e-006,0.0054720516
1.509451e-006,0.0062720305
1.509851e-006,0.0076367004
1.510251e-006,0.0089543127
1.510651e-006,0.0084366793
1.511051e-006,0.0067896639
1.511451e-006,0.0051426485
1.511851e-006,0.0047661878
1.512251e-006,0.0060838001
1.512651e-006,0.0073543549
1.513051e-006,0.0083425641
1.513451e-006,0.0090484279
1.513851e-006,0.0098013492
1.514251e-006,0.011448365
1.514651e-006,0.012107171
1.515051e-006,0.010789558
1.515451e-006,0.0078719883
1.515851e-006,0.0058485122
1.516251e-006,0.0066014336
1.516651e-006,0.0097542917
1.517051e-006,0.012813035
1.517451e-006,0.012389516
1.517851e-006,0.0087190248
1.518251e-006,0.0047661878
1.518651e-006,0.0032603451
1.519051e-006,0.0043426696
1.519451e-006,0.0064602608
1.519851e-006,0.0078719883
1.520251e-006,0.0080602186
1.520651e-006,0.0080602186
1.521051e-006,0.0081072762
1.521451e-006,0.0083896217
1.521851e-006,0.0072131821
1.522251e-006,0.0057543971
1.522651e-006,0.0055191091
1.523051e-006,0.0066955487
1.523451e-006,0.0082013914
1.523851e-006,0.0087660824
1.524251e-006,0.0081543338
1.524651e-006,0.0077778731
1.525051e-006,0.0084837369
1.525451e-006,0.0088601976
1.525851e-006,0.0088601976
1.526251e-006,0.0078249307
1.526651e-006,0.0066014336
1.527051e-006,0.0066955487
1.527451e-006,0.0074014125
1.527851e-006,0.0072602397
1.528251e-006,0.006554376
1.528651e-006,0.0071661246
1.529051e-006,0.0087660824
1.529451e-006,0.01017781
1.529851e-006,0.009942522
1.530251e-006,0.0080602186
1.530651e-006,0.005989685
1.531051e-006,0.0051426485
1.531451e-006,0.0058485122
1.531851e-006,0.0066955487
1.532251e-006,0.0070249518
1.532651e-006,0.0074484701
1.533051e-006,0.0090484279
1.533451e-006,0.011071904
1.533851e-006,0.011495422
1.534251e-006,0.0095190037
1.534651e-006,0.0066014336
1.535051e-006,0.0051426485
1.535451e-006,0.0061308577
1.535851e-006,0.0084837369
1.536251e-006,0.0098954644
1.536651e-006,0.0086719672
1.537051e-006,0.0067426063
1.537451e-006,0.0056132243
1.537851e-006,0.0058014546
1.538251e-006,0.0063190881
1.538651e-006,0.0060838001
1.539051e-006,0.0055191091
1.539451e-006,0.0056602819
1.539851e-006,0.0066955487
1.540251e-006,0.0079661035
1.540651e-006,0.0084837369
1.541051e-006,0.0081543338
1.541451e-006,0.007683758
1.541851e-006,0.0073072973
1.542251e-006,0.0074014125
1.542651e-006,0.0075425852
1.543051e-006,0.0079661035
1.543451e-006,0.0090484279
1.543851e-006,0.010083695
1.544251e-006,0.01017781
1.544651e-006,0.0084366793
1.545051e-006,0.0057543971
1.545451e-006,0.0043426696
1.545851e-006,0.0057073395
1.546251e-006,0.0092837158
1.546651e-006,0.012577747
1.547051e-006,0.013330668
1.547451e-006,0.010977789
1.547851e-006,0.0072602397
1.548251e-006,0.0039191513
1.548651e-006,0.0035426906
1.549051e-006,0.0057543971
1.549451e-006,0.0090013703
1.549851e-006,0.010460155
1.550251e-006,0.0098954644
1.550651e-006,0.0081543338
1.551051e-006,0.0064132032
1.551451e-006,0.0059426274
1.551851e-006,0.0064132032
1.552251e-006,0.0064132032
1.552651e-006,0.0069308366
1.553051e-006,0.0084366793
1.553451e-006,0.010130752
1.553851e-006,0.011495422
1.554251e-006,0.010789558
1.554651e-006,0.0086719672
1.555051e-006,0.0064132032
1.555451e-006,0.0060367426
1.555851e-006,0.0070249518
1.556251e-006,0.0078249307
1.556651e-006,0.0072131821
1.557051e-006,0.005989685
1.557451e-006,0.0066014336
1.557851e-006,0.0089072551
1.558251e-006,0.011448365
1.558651e-006,0.012201286
1.559051e-006,0.011071904
1.559451e-006,0.0090484279
1.559851e-006,0.0073543549
1.560251e-006,0.006554376
1.560651e-006,0.0068837791
1.561051e-006,0.0073543549
1.561451e-006,0.0076367004
1.561851e-006,0.0072602397
1.562251e-006,0.0069308366
1.562651e-006,0.0072131821
1.563051e-006,0.0082013914
1.563451e-006,0.0091896007
1.563851e-006,0.0091896007
1.564251e-006,0.008248449
1.564651e-006,0.0069308366
1.565051e-006,0.0067896639
1.565451e-006,0.0083425641
1.565851e-006,0.010224867
1.566251e-006,0.010695443
1.566651e-006,0.0090954855
1.567051e-006,0.0074955276
1.567451e-006,0.0068837791
1.567851e-006,0.0074014125
1.568251e-006,0.0079190459
1.568651e-006,0.0066955487
1.569051e-006,0.0048132454
1.569451e-006,0.0043426696
1.569851e-006,0.0057073395
1.570251e-006,0.0084837369
1.570651e-006,0.010742501
1.571051e-006,0.011071904
1.571451e-006,0.0098013492
1.571851e-006,0.0077778731
1.572251e-006,0.0059426274
1.572651e-006,0.0049073606
1.573051e-006,0.0049073606
1.573451e-006,0.0062249729
1.573851e-006,0.0074955276
1.574251e-006,0.0078249307
1.574651e-006,0.0072131821
1.575051e-006,0.0063661456
1.575451e-006,0.0060367426
1.575851e-006,0.0068837791
1.576251e-006,0.0080131611
1.576651e-006,0.0087190248
1.577051e-006,0.0084837369
1.577451e-006,0.0077778731
1.577851e-006,0.0067896639
1.578251e-006,0.0066955487
1.578651e-006,0.0072131821
1.579051e-006,0.0080602186
1.579451e-006,0.0093307734
1.579851e-006,0.010460155
1.580251e-006,0.010836616
1.580651e-006,0.0096601765
1.581051e-006,0.0078719883
1.581451e-006,0.0063190881
1.581851e-006,0.0058955698
1.582251e-006,0.0061308577
1.582651e-006,0.0069308366
1.583051e-006,0.0074955276
1.583451e-006,0.008248449
1.583851e-006,0.0090013703
1.584251e-006,0.0094248886
1.584651e-006,0.0095190037
1.585051e-006,0.0085307945
1.585451e-006,0.0071661246
1.585851e-006,0.006554376
1.586251e-006,0.0073543549
1.586651e-006,0.0084837369
1.587051e-006,0.0086719672
1.587451e-006,0.0073072973
1.587851e-006,0.0055191091
1.588251e-006,0.0047661878
1.588651e-006,0.005989685
1.589051e-006,0.0080602186
1.589451e-006,0.0091896007
1.589851e-006,0.0087190248
1.590251e-006,0.0070720094
1.590651e-006,0.0058485122
1.591051e-006,0.0064132032
1.591451e-006,0.0083896217
1.591851e-006,0.010036637
1.592251e-006,0.010554271
1.592651e-006,0.0094719462
1.593051e-006,0.0080131611
1.593451e-006,0.0074014125
1.593851e-006,0.0078249307
1.594251e-006,0.0083425641
1.594651e-006,0.0085778521
1.595051e-006,0.0075896428
1.595451e-006,0.0063661456
1.595851e-006,0.0060367426
1.596251e-006,0.0073072973
1.596651e-006,0.0090484279
1.597051e-006,0.010083695
1.597451e-006,0.0090484279
1.597851e-006,0.0064132032
1.598251e-006,0.0044838423
1.598651e-006,0.0046250151
1.599051e-006,0.006554376
1.599451e-006,0.0087660824
1.599851e-006,0.009377831
1.600251e-006,0.0081543338
